"Template_ID","State_Envelope_ID","Run_ID","State_Label","Tonic_Subtype","Start_u","End_u","Duration_u","N_Boundary_Spikes","N_ISIs","Renewal_Family","Regularity_Regime","Mean_ISI_Parameter_u","Gamma_Shape","Refractory_u","Observed_Mean_ISI_u","CV","CV2","LV","Contains_Injected_Burst","Burst_Strength_Stratum","Tonic_Intended_Stratum","Tonic_Rate_Overlap_Stratum","HFS_Rate_Overlap_Stratum","HFS_Support_Contract_Version","Composite_HFS_Regime_ID","Boundary_Observability","Start_Boundary_Observability","End_Boundary_Observability","Start_Boundary_Contrast","End_Boundary_Contrast","Start_Hard_Cut_Reason","End_Hard_Cut_Reason","Tonic_Phenotype_Evidence_Score","Tonic_Phenotype","Eligibility_Reason"
"TPL_001","TPL_001_STATE_001","TPL_001_RUN_001","Tonic","generic_stress",0,12.8257610398382,12.8257610398382,13,12,"shifted_gamma","generic_stress",0.963091246765107,15.3015535734594,0.02,1.06881341998652,0.234500723674635,0.30509725072384,0.0937908613231705,FALSE,"none","eligible","core","not_applicable","not_applicable","none","not_applicable","not_applicable","not_applicable",,,"none","none",0.652548383680127,"eligible","pre_frozen_timestamp_evidence_contract_met"
"TPL_001","TPL_001_STATE_002","TPL_001_RUN_004","Tonic","stn_like_empirical",16.5218306627834,23.418889242705,6.89705857992156,16,15,"shifted_gamma","stn_like_empirical",0.471605431428179,49.0355913806707,0.02,0.459803905328104,0.162327408125263,0.154382292523751,0.0285546806196312,FALSE,"none","eligible","boundary","not_applicable","not_applicable","none","not_applicable","not_applicable","not_applicable",,,"none","none",0.875791398554017,"eligible","pre_frozen_timestamp_evidence_contract_met"
"TPL_001","TPL_001_STATE_003","TPL_001_RUN_010","Broad_HFS","none",42.0762141064265,49.6976331014678,7.62141899504136,23,22,"shifted_gamma","irregular",0.400550139686093,1.58736596780363,0.02,0.346428136138243,0.522841389835867,0.585480848421635,0.375656312143157,FALSE,"none","not_applicable","not_applicable","deep","v2.3_slow_overlap_direct_support_0.65B","none","clear_or_hard_cut","clear","clear",1.87388900193586,6.60895804943355,"none","none",,"not_applicable","not_applicable"
"TPL_001","TPL_001_STATE_004","TPL_001_RUN_013","Broad_HFS","none",51.8847260243601,59.0914650309211,7.20673900656092,30,29,"shifted_gamma","regular",0.279366957703605,9.38826837670058,0.02,0.248508241605549,0.457514159143588,0.427803995885316,0.236085210281045,TRUE,"weak","not_applicable","not_applicable","core","v2.3_slow_overlap_direct_support_0.65B","TPL_001_REGIME_01","clear_or_hard_cut","clear","hard_cut_canonical_pause",3.15883331124797,2.25608034469271,"none","canonical_pause",,"not_applicable","not_applicable"
"TPL_001","TPL_001_STATE_005","TPL_001_RUN_015","Broad_HFS","none",62.628301259953,73.7933070268073,11.1650057668544,35,34,"shifted_gamma","intermediate",0.35658081093803,3.5223484987393,0.02,0.32838252255454,0.561734907789286,0.528017581975603,0.314754863521814,TRUE,"moderate","not_applicable","not_applicable","boundary","v2.3_slow_overlap_direct_support_0.65B","TPL_001_REGIME_01","ambiguous_or_edge","hard_cut_canonical_pause","recording_edge_unobservable",0.443246625658717,,"canonical_pause","none",,"not_applicable","not_applicable"
"TPL_002","TPL_002_STATE_001","TPL_002_RUN_001","Broad_HFS","none",0,10.4036592234531,10.4036592234531,32,31,"shifted_gamma","regular",0.320242547718808,7.33812886616215,0.02,0.335601910433972,0.304726947156944,0.296748061343357,0.102399343024436,FALSE,"none","not_applicable","not_applicable","boundary","v2.3_slow_overlap_direct_support_0.65B","none","ambiguous_or_edge","recording_edge_unobservable","ambiguous",,1.27012245694448,"none","none",,"not_applicable","not_applicable"
"TPL_002","TPL_002_STATE_002","TPL_002_RUN_004","Broad_HFS","none",17.9738281537255,25.1195003960053,7.14567224227975,34,33,"shifted_gamma","irregular",0.235331687601283,1.59456288234796,0.02,0.216535522493326,0.601891085605093,0.455684283476491,0.211535273280537,TRUE,"strong","not_applicable","not_applicable","core","v2.3_slow_overlap_direct_support_0.65B","none","clear_or_hard_cut","clear","clear",3.38949038302501,1.80559859776041,"none","none",,"not_applicable","not_applicable"
"TPL_002","TPL_002_STATE_003","TPL_002_RUN_006","Broad_HFS","none",26.9749938740381,40.3944281286502,13.4194342546121,34,33,"shifted_gamma","intermediate",0.399561310894787,3.86346379253082,0.02,0.406649522867033,0.445899530526386,0.532120563186904,0.324617153999546,TRUE,"weak","not_applicable","not_applicable","deep","v2.3_slow_overlap_direct_support_0.65B","none","no_evidence_at_one_or_more_boundaries","no_evidence","ambiguous",1.1195227109906,1.30329698976227,"none","none",,"not_applicable","not_applicable"
"TPL_002","TPL_002_STATE_004","TPL_002_RUN_008","Tonic","generic_stress",41.4266013678866,47.3130818012021,5.8864804333155,14,13,"shifted_gamma","generic_stress",0.471658308180049,27.2313225218095,0.02,0.452806187178116,0.242620255735374,0.234711939915545,0.0582353331739269,FALSE,"none","eligible","boundary","not_applicable","not_applicable","none","not_applicable","not_applicable","not_applicable",,,"none","none",0.56901465437654,"ambiguous","borderline_continuous_evidence_score"
"TPL_002","TPL_002_STATE_005","TPL_002_RUN_016","Tonic","stn_like_empirical",61.7157838292883,66.9755699529193,5.259786123631,13,12,"shifted_gamma","stn_like_empirical",0.43932096671313,67.1116274548694,0.02,0.438315510302583,0.0634524807700866,0.0965818322017883,0.00804075434608118,FALSE,"none","eligible","deep","not_applicable","not_applicable","none","not_applicable","not_applicable","not_applicable",,,"none","none",0.803973378981963,"eligible","pre_frozen_timestamp_evidence_contract_met"
"TPL_003","TPL_003_STATE_001","TPL_003_RUN_001","Broad_HFS","none",0,6.94657580329266,6.94657580329266,30,29,"shifted_gamma","irregular",0.275124340225011,1.26357237040065,0.02,0.239537096665264,0.754517475965236,0.830026835083592,0.626468881033943,TRUE,"moderate","not_applicable","not_applicable","boundary","v2.3_slow_overlap_direct_support_0.65B","TPL_003_REGIME_01","ambiguous_or_edge","recording_edge_unobservable","hard_cut_canonical_pause",,2.92642216839263,"none","canonical_pause",,"not_applicable","not_applicable"
"TPL_003","TPL_003_STATE_002","TPL_003_RUN_003","Broad_HFS","none",11.1081357124557,22.0892248882414,10.9810891757856,29,28,"shifted_gamma","regular",0.437399316867813,11.245795651339,0.02,0.392181756278059,0.456274210585051,0.380192453955345,0.163720205714525,TRUE,"strong","not_applicable","not_applicable","deep","v2.3_slow_overlap_direct_support_0.65B","TPL_003_REGIME_01","ambiguous_or_edge","hard_cut_canonical_pause","ambiguous",1.79480456873251,1.49651738250109,"canonical_pause","none",,"not_applicable","not_applicable"
"TPL_003","TPL_003_STATE_003","TPL_003_RUN_008","Tonic","generic_stress",31.0069631999951,36.5507865861703,5.54382338617514,14,13,"shifted_gamma","generic_stress",0.428497224799357,14.0334607986733,0.02,0.426447952782703,0.210370804312222,0.243527311885684,0.0745120039835185,FALSE,"none","eligible","deep","not_applicable","not_applicable","none","not_applicable","not_applicable","not_applicable",,,"none","none",0.606536759202621,"ambiguous","weak_local_boundary_contrast"
"TPL_003","TPL_003_STATE_004","TPL_003_RUN_012","Broad_HFS","none",46.4110043524382,51.718651298982,5.30764694654383,26,25,"shifted_gamma","intermediate",0.207748133763671,3.94790999777615,0.02,0.212305877861753,0.460565291666003,0.527103731551622,0.30289864599843,FALSE,"none","not_applicable","not_applicable","core","v2.3_slow_overlap_direct_support_0.65B","none","clear_or_hard_cut","clear","clear",1.71818537054895,2.12725889026559,"none","none",,"not_applicable","not_applicable"
"TPL_003","TPL_003_STATE_005","TPL_003_RUN_014","Tonic","stn_like_empirical",53.4151454309161,61.8381688220783,8.42302339116217,14,13,"shifted_gamma","stn_like_empirical",0.638537079719827,48.7706405669451,0.02,0.647924876243244,0.103348918161962,0.137294660697815,0.0206619338912644,FALSE,"none","eligible","core","not_applicable","not_applicable","none","not_applicable","not_applicable","not_applicable",,,"none","none",0.780371676592422,"eligible","pre_frozen_timestamp_evidence_contract_met"
"TPL_004","TPL_004_STATE_001","TPL_004_RUN_001","Broad_HFS","none",0,7.12657689368673,7.12657689368673,22,21,"shifted_gamma","intermediate",0.335419856961817,4.72724301926792,0.02,0.339360804461273,0.328275656042772,0.391073424350984,0.15781206836203,FALSE,"none","not_applicable","not_applicable","boundary","v2.3_slow_overlap_direct_support_0.65B","none","ambiguous_or_edge","recording_edge_unobservable","clear",,2.68753264584797,"none","none",,"not_applicable","not_applicable"
"TPL_004","TPL_004_STATE_002","TPL_004_RUN_003","Broad_HFS","none",13.3575816384346,21.7122370693582,8.35465543092362,31,30,"shifted_gamma","irregular",0.360047486769035,1.66165095618926,0.02,0.278488514364121,0.765790806631016,0.713890937888224,0.57733140170135,TRUE,"weak","not_applicable","not_applicable","deep","v2.3_slow_overlap_direct_support_0.65B","none","clear_or_hard_cut","clear","clear",4.53877035041677,4.20162859887926,"none","none",,"not_applicable","not_applicable"
"TPL_004","TPL_004_STATE_003","TPL_004_RUN_006","Broad_HFS","none",23.9546660520074,30.2366679777953,6.28200192578792,34,33,"shifted_gamma","regular",0.231151546351612,11.2591788684949,0.02,0.190363694720846,0.471062075613828,0.285154802491687,0.0935909867993448,TRUE,"moderate","not_applicable","not_applicable","core","v2.3_slow_overlap_direct_support_0.65B","none","clear_or_hard_cut","clear","clear",3.01052836414854,4.21919420934073,"none","none",,"not_applicable","not_applicable"
"TPL_004","TPL_004_STATE_004","TPL_004_RUN_011","Tonic","stn_like_empirical",40.7204859619876,46.6489883476452,5.92850238565754,13,12,"shifted_gamma","stn_like_empirical",0.462566818422638,20.0553582934663,0.02,0.494041865471461,0.21454201549924,0.227666119241962,0.063037207472283,FALSE,"none","eligible","boundary","not_applicable","not_applicable","none","not_applicable","not_applicable","not_applicable",,,"none","none",0.724134306209743,"eligible","pre_frozen_timestamp_evidence_contract_met"
"TPL_004","TPL_004_STATE_005","TPL_004_RUN_013","Tonic","generic_stress",50.7408192590859,60.534236553152,9.793417294066,12,11,"shifted_gamma","generic_stress",0.942873912975192,23.2528727757744,0.02,0.89031066309691,0.195238098913508,0.206233673070524,0.0368118360080713,FALSE,"none","eligible","core","not_applicable","not_applicable","none","not_applicable","not_applicable","not_applicable",,,"none","none",0.647833965669094,"ambiguous","borderline_continuous_evidence_score"
"TPL_005","TPL_005_STATE_001","TPL_005_RUN_002","Broad_HFS","none",0.969133212284651,11.826606018276,10.8574728059913,32,31,"shifted_gamma","regular",0.378279985943809,8.75723863486201,0.02,0.350241058257785,0.442660597274426,0.401815111693808,0.203882261855588,TRUE,"moderate","not_applicable","not_applicable","boundary","v2.3_slow_overlap_direct_support_0.65B","none","no_evidence_at_one_or_more_boundaries","clear","no_evidence",3.27808692360326,1.14224015527558,"none","none",,"not_applicable","not_applicable"
"TPL_005","TPL_005_STATE_002","TPL_005_RUN_006","Tonic","stn_like_empirical",17.8888622958664,25.2973659313743,7.40850363550786,17,16,"shifted_gamma","stn_like_empirical",0.460162132456899,62.556302160956,0.02,0.463031477219241,0.124725038375592,0.108975260435465,0.0156663340575923,FALSE,"none","eligible","deep","not_applicable","not_applicable","none","not_applicable","not_applicable","not_applicable",,,"none","none",0.738100263399631,"eligible","pre_frozen_timestamp_evidence_contract_met"
"TPL_005","TPL_005_STATE_003","TPL_005_RUN_008","Broad_HFS","none",25.8669115371878,36.3113496608783,10.4444381236905,30,29,"shifted_gamma","intermediate",0.410518903145567,4.91759365950711,0.02,0.360153038747948,0.528823457168006,0.435056463676676,0.283615098883837,TRUE,"strong","not_applicable","not_applicable","deep","v2.3_slow_overlap_direct_support_0.65B","none","no_evidence_at_one_or_more_boundaries","no_evidence","ambiguous",0.967668415850699,1.4797358364913,"none","none",,"not_applicable","not_applicable"
"TPL_005","TPL_005_STATE_004","TPL_005_RUN_010","Tonic","generic_stress",37.6757028514729,45.975114445808,8.29941159433513,16,15,"shifted_gamma","generic_stress",0.601819782168604,16.243082057219,0.02,0.553294106289009,0.245661257847103,0.298330432906327,0.105079446691917,FALSE,"none","eligible","boundary","not_applicable","not_applicable","none","not_applicable","not_applicable","not_applicable",,,"none","none",0.659633568428883,"eligible","pre_frozen_timestamp_evidence_contract_met"
"TPL_005","TPL_005_STATE_005","TPL_005_RUN_013","Broad_HFS","none",53.7825062070877,57.5162362902023,3.73373008311457,20,19,"shifted_gamma","irregular",0.183144297106192,1.14032488439698,0.02,0.196512109637609,0.671152660537487,0.828464546482495,0.673593669375427,FALSE,"none","not_applicable","not_applicable","core","v2.3_slow_overlap_direct_support_0.65B","none","ambiguous_or_edge","clear","ambiguous",2.8866679737077,1.47393968557633,"none","none",,"not_applicable","not_applicable"
"TPL_006","TPL_006_STATE_001","TPL_006_RUN_001","Tonic","generic_stress",0,5.5580321586223,5.5580321586223,13,12,"shifted_gamma","generic_stress",0.472204856532626,15.703656162601,0.02,0.463169346551858,0.200725245194808,0.230701763031041,0.0646966780657381,FALSE,"none","eligible","deep","not_applicable","not_applicable","none","not_applicable","not_applicable","not_applicable",,,"none","none",0.788860807063731,"eligible","pre_frozen_timestamp_evidence_contract_met"
"TPL_006","TPL_006_STATE_002","TPL_006_RUN_004","Tonic","stn_like_empirical",14.52925267474,23.2825333217824,8.7532806470424,17,16,"shifted_gamma","stn_like_empirical",0.548216742239892,66.3078092550859,0.02,0.54708004044015,0.127001047161768,0.18521449987701,0.0361149338884611,FALSE,"none","eligible","core","not_applicable","not_applicable","none","not_applicable","not_applicable","not_applicable",,,"none","none",0.814249189701389,"eligible","pre_frozen_timestamp_evidence_contract_met"
"TPL_006","TPL_006_STATE_003","TPL_006_RUN_008","Broad_HFS","none",29.491258670929,37.7981029111434,8.30684424021444,33,32,"shifted_gamma","intermediate",0.251008310168982,4.03691189596429,0.02,0.259588882506701,0.48994463192927,0.491189758071782,0.280387638679029,FALSE,"none","not_applicable","not_applicable","core","v2.3_slow_overlap_direct_support_0.65B","none","clear_or_hard_cut","clear","clear",5.36178607647922,5.02795576149881,"none","none",,"not_applicable","not_applicable"
"TPL_006","TPL_006_STATE_004","TPL_006_RUN_013","Broad_HFS","none",51.2942374260685,58.0647093863361,6.77047196026759,33,32,"shifted_gamma","irregular",0.261174746137112,1.15119806248695,0.02,0.211577248758362,1.00257938450094,0.936553272626696,0.862580021153594,TRUE,"weak","not_applicable","not_applicable","boundary","v2.3_slow_overlap_direct_support_0.65B","TPL_006_REGIME_01","clear_or_hard_cut","clear","hard_cut_canonical_pause",3.5087684319786,2.41805800696065,"none","canonical_pause",,"not_applicable","not_applicable"
"TPL_006","TPL_006_STATE_005","TPL_006_RUN_015","Broad_HFS","none",61.0622565723624,71.885149173853,10.8228926014905,33,32,"shifted_gamma","regular",0.410093127246946,6.38706322945654,0.02,0.338215393796579,0.460117448650957,0.488041025582975,0.269541848543089,TRUE,"strong","not_applicable","not_applicable","deep","v2.3_slow_overlap_direct_support_0.65B","TPL_006_REGIME_01","ambiguous_or_edge","hard_cut_canonical_pause","recording_edge_unobservable",1.2479712055874,,"canonical_pause","none",,"not_applicable","not_applicable"
"TPL_007","TPL_007_STATE_001","TPL_007_RUN_001","Tonic","stn_like_empirical",0,5.40619264756919,5.40619264756919,12,11,"shifted_gamma","stn_like_empirical",0.540506728016771,48.5858643474057,0.02,0.491472058869926,0.1164957154219,0.168670140652188,0.0279578917240534,FALSE,"none","eligible","boundary","not_applicable","not_applicable","none","not_applicable","not_applicable","not_applicable",,,"none","none",0.723542356118717,"eligible","pre_frozen_timestamp_evidence_contract_met"
"TPL_007","TPL_007_STATE_002","TPL_007_RUN_002","Broad_HFS","none",5.40619264756919,13.5556965904297,8.14950394286054,22,21,"shifted_gamma","intermediate",0.359877390377223,4.91885793381371,0.02,0.388071616326692,0.507576517973306,0.502735939296204,0.265132395113546,TRUE,"weak","not_applicable","not_applicable","boundary","v2.3_slow_overlap_direct_support_0.65B","none","clear_or_hard_cut","clear","clear",1.70148732672041,1.911710347063,"none","none",,"not_applicable","not_applicable"
"TPL_007","TPL_007_STATE_003","TPL_007_RUN_005","Broad_HFS","none",21.0287496974147,25.9580523885842,4.92930269116955,22,21,"shifted_gamma","regular",0.21738961908035,9.20059766666964,0.02,0.234728699579502,0.370311837297031,0.424032006536124,0.18418032136969,FALSE,"none","not_applicable","not_applicable","core","v2.3_slow_overlap_direct_support_0.65B","none","clear_or_hard_cut","clear","clear",1.88399039924604,3.49413273864234,"none","none",,"not_applicable","not_applicable"
"TPL_007","TPL_007_STATE_004","TPL_007_RUN_006","Tonic","generic_stress",25.9580523885842,37.4832283609329,11.5251759723486,17,16,"shifted_gamma","generic_stress",0.738278695493937,23.7661685943604,0.02,0.72032349827179,0.181216178246577,0.191038121020048,0.0422813046044531,FALSE,"none","eligible","core","not_applicable","not_applicable","none","not_applicable","not_applicable","not_applicable",,,"none","none",0.839328961147941,"eligible","pre_frozen_timestamp_evidence_contract_met"
"TPL_007","TPL_007_STATE_005","TPL_007_RUN_017","Broad_HFS","none",56.164823298035,64.2233646952107,8.05854139717572,35,34,"shifted_gamma","irregular",0.336667677313089,1.25621304432862,0.02,0.237015923446345,0.617183393153649,0.538712208726695,0.353331320118623,TRUE,"moderate","not_applicable","not_applicable","deep","v2.3_slow_overlap_direct_support_0.65B","none","ambiguous_or_edge","clear","recording_edge_unobservable",2.05288785834237,,"none","none",,"not_applicable","not_applicable"
"TPL_008","TPL_008_STATE_001","TPL_008_RUN_001","Tonic","stn_like_empirical",0,5.86464570698215,5.86464570698215,14,13,"shifted_gamma","stn_like_empirical",0.463158172927797,51.516428636387,0.02,0.451126592844781,0.080285693555587,0.106540870572402,0.0128623958703376,FALSE,"none","eligible","deep","not_applicable","not_applicable","none","not_applicable","not_applicable","not_applicable",,,"none","none",0.697662736123028,"eligible","pre_frozen_timestamp_evidence_contract_met"
"TPL_008","TPL_008_STATE_002","TPL_008_RUN_009","Broad_HFS","none",20.9928238329083,31.8905655876459,10.8977417547375,35,34,"shifted_gamma","intermediate",0.385615973863751,4.00158258541487,0.02,0.32052181631581,0.66380387656899,0.597926015861415,0.362713775354505,TRUE,"strong","not_applicable","not_applicable","deep","v2.3_slow_overlap_direct_support_0.65B","TPL_008_REGIME_01","ambiguous_or_edge","ambiguous","hard_cut_canonical_pause",1.17607434939438,1.8637988850125,"none","canonical_pause",,"not_applicable","not_applicable"
"TPL_008","TPL_008_STATE_003","TPL_008_RUN_011","Broad_HFS","none",36.6662322449223,42.2299033255372,5.56367108061483,33,32,"shifted_gamma","irregular",0.198922318909317,1.18366587697528,0.02,0.173864721269213,0.933479222735528,0.87735706567233,0.784668690879551,TRUE,"moderate","not_applicable","not_applicable","core","v2.3_slow_overlap_direct_support_0.65B","TPL_008_REGIME_01","clear_or_hard_cut","hard_cut_canonical_pause","clear",2.47440955413018,11.2367947589256,"canonical_pause","none",,"not_applicable","not_applicable"
"TPL_008","TPL_008_STATE_004","TPL_008_RUN_012","Tonic","generic_stress",42.2299033255372,50.109121192116,7.87921786657883,16,15,"shifted_gamma","generic_stress",0.537143110777251,19.4097309610806,0.02,0.525281191105256,0.23540641791203,0.226870246512506,0.064624519796312,FALSE,"none","eligible","boundary","not_applicable","not_applicable","none","not_applicable","not_applicable","not_applicable",,,"none","none",0.821716134299313,"eligible","pre_frozen_timestamp_evidence_contract_met"
"TPL_008","TPL_008_STATE_005","TPL_008_RUN_014","Broad_HFS","none",55.0620748309974,64.7728878324388,9.71081300144137,30,29,"shifted_gamma","regular",0.345568977603689,7.52614120719954,0.02,0.334855620739357,0.288214245714148,0.303895969828895,0.0988603296373183,FALSE,"none","not_applicable","not_applicable","boundary","v2.3_slow_overlap_direct_support_0.65B","none","ambiguous_or_edge","clear","ambiguous",6.12555635643343,1.16335862313822,"none","none",,"not_applicable","not_applicable"
"TPL_009","TPL_009_STATE_001","TPL_009_RUN_003","Broad_HFS","none",3.02660225900276,11.2320099421497,8.20540768314696,33,32,"shifted_gamma","irregular",0.282983399219811,1.73295645019971,0.02,0.256418990098342,0.873722005040091,0.737308610945658,0.635286919958748,TRUE,"strong","not_applicable","not_applicable","boundary","v2.3_slow_overlap_direct_support_0.65B","none","ambiguous_or_edge","ambiguous","clear",1.23896126430193,4.00575394519644,"none","none",,"not_applicable","not_applicable"
"TPL_009","TPL_009_STATE_002","TPL_009_RUN_005","Tonic","generic_stress",12.6567710196277,17.4915102689417,4.83473924931401,14,13,"shifted_gamma","generic_stress",0.362023934135213,14.2513243281282,0.02,0.371903019178001,0.289711568540848,0.270617053914859,0.0774466813248433,FALSE,"none","eligible","deep","not_applicable","not_applicable","none","not_applicable","not_applicable","not_applicable",,,"none","none",0.653711200965512,"eligible","pre_frozen_timestamp_evidence_contract_met"
"TPL_009","TPL_009_STATE_003","TPL_009_RUN_008","Broad_HFS","none",28.8639300111601,34.8653934767584,6.00146346559835,28,27,"shifted_gamma","intermediate",0.217146503319964,4.8403916306328,0.02,0.222276424651791,0.356241005865678,0.403548456214625,0.161086519952709,FALSE,"none","not_applicable","not_applicable","core","v2.3_slow_overlap_direct_support_0.65B","none","ambiguous_or_edge","ambiguous","clear",1.23119183145969,4.58331470424335,"none","none",,"not_applicable","not_applicable"
"TPL_009","TPL_009_STATE_004","TPL_009_RUN_014","Tonic","stn_like_empirical",48.7105768690976,54.4094438049785,5.69886693588093,12,11,"shifted_gamma","stn_like_empirical",0.55820706255734,75.3892141953111,0.02,0.518078812352812,0.0873063149895096,0.106387780164606,0.0118247161381242,FALSE,"none","eligible","core","not_applicable","not_applicable","none","not_applicable","not_applicable","not_applicable",,,"none","none",0.701503970394367,"eligible","pre_frozen_timestamp_evidence_contract_met"
"TPL_009","TPL_009_STATE_005","TPL_009_RUN_015","Broad_HFS","none",54.4094438049785,63.9867592784231,9.57731547344461,33,32,"shifted_gamma","regular",0.355931409662589,8.79140550876036,0.02,0.299291108545144,0.336439038479548,0.310027562840325,0.126182933747173,TRUE,"weak","not_applicable","not_applicable","deep","v2.3_slow_overlap_direct_support_0.65B","none","ambiguous_or_edge","clear","recording_edge_unobservable",1.7419746711614,,"none","none",,"not_applicable","not_applicable"
"TPL_010","TPL_010_STATE_001","TPL_010_RUN_001","Tonic","stn_like_empirical",0,7.39741868813936,7.39741868813936,14,13,"shifted_gamma","stn_like_empirical",0.556330185281113,41.7528884205967,0.02,0.569032206779951,0.177603465604394,0.202725654654801,0.0425546484282638,FALSE,"none","eligible","boundary","not_applicable","not_applicable","none","not_applicable","not_applicable","not_applicable",,,"none","none",0.742389503684161,"eligible","pre_frozen_timestamp_evidence_contract_met"
"TPL_010","TPL_010_STATE_002","TPL_010_RUN_007","Tonic","generic_stress",19.3949659097538,30.821456093794,11.4264901840402,13,12,"shifted_gamma","generic_stress",0.882075916733593,14.043847003486,0.02,0.952207515336683,0.211476431130253,0.286330542043801,0.076233709011436,FALSE,"none","eligible","core","not_applicable","not_applicable","none","not_applicable","not_applicable","not_applicable",,,"none","none",0.723236638653144,"eligible","pre_frozen_timestamp_evidence_contract_met"
"TPL_010","TPL_010_STATE_003","TPL_010_RUN_009","Broad_HFS","none",38.3288854093163,46.4610020988699,8.13211668955358,31,30,"shifted_gamma","regular",0.288162809489295,6.89510671840981,0.02,0.271070556318453,0.334734986096346,0.389822230951889,0.161712441150346,FALSE,"none","not_applicable","not_applicable","core","v2.3_slow_overlap_direct_support_0.65B","none","ambiguous_or_edge","clear","ambiguous",8.18301466401648,1.1694678001574,"none","none",,"not_applicable","not_applicable"
"TPL_010","TPL_010_STATE_004","TPL_010_RUN_014","Broad_HFS","none",54.1666101861306,62.5549963076104,8.38838612147981,29,28,"shifted_gamma","intermediate",0.339912723610178,2.87620019530877,0.02,0.299585218624279,0.732869922403953,0.602438950716406,0.438540505641697,TRUE,"moderate","not_applicable","not_applicable","boundary","v2.3_slow_overlap_direct_support_0.65B","TPL_010_REGIME_01","ambiguous_or_edge","ambiguous","hard_cut_canonical_pause",1.5214035372494,1.85191394024601,"none","canonical_pause",,"not_applicable","not_applicable"
"TPL_010","TPL_010_STATE_005","TPL_010_RUN_016","Broad_HFS","none",66.7811515734968,75.8046840275083,9.02353245401157,35,34,"shifted_gamma","irregular",0.320928790504113,1.38070119512267,0.02,0.265398013353282,0.715413165500498,0.770353403958102,0.57155416365898,TRUE,"weak","not_applicable","not_applicable","deep","v2.3_slow_overlap_direct_support_0.65B","TPL_010_REGIME_01","ambiguous_or_edge","hard_cut_canonical_pause","recording_edge_unobservable",2.83441272141392,,"canonical_pause","none",,"not_applicable","not_applicable"
"TPL_011","TPL_011_STATE_001","TPL_011_RUN_003","Broad_HFS","none",4.36192658549157,12.9207335066663,8.55880692117472,34,33,"shifted_gamma","intermediate",0.321637973021716,2.5656802049838,0.02,0.259357785490143,0.706016355999618,0.564971385216651,0.359039958278326,TRUE,"moderate","not_applicable","not_applicable","deep","v2.3_slow_overlap_direct_support_0.65B","none","ambiguous_or_edge","clear","ambiguous",4.89405022105477,1.19596234253376,"none","none",,"not_applicable","not_applicable"
"TPL_011","TPL_011_STATE_002","TPL_011_RUN_005","Broad_HFS","none",13.5722013329618,21.8027871437239,8.23058581076216,35,34,"shifted_gamma","regular",0.286374970935285,7.62900504888967,0.02,0.24207605325771,0.474062597399106,0.390786334083328,0.175848060730928,TRUE,"weak","not_applicable","not_applicable","boundary","v2.3_slow_overlap_direct_support_0.65B","none","no_evidence_at_one_or_more_boundaries","ambiguous","no_evidence",1.26353097822346,1.13304183215549,"none","none",,"not_applicable","not_applicable"
"TPL_011","TPL_011_STATE_003","TPL_011_RUN_006","Tonic","stn_like_empirical",21.8027871437239,25.9496040641254,4.14681692040148,12,11,"shifted_gamma","stn_like_empirical",0.38460046004504,62.7504598535597,0.02,0.376983356400134,0.167716435355759,0.206875773710329,0.0396307595656128,FALSE,"none","eligible","deep","not_applicable","not_applicable","none","not_applicable","not_applicable","not_applicable",,,"none","none",0.67330620738144,"eligible","pre_frozen_timestamp_evidence_contract_met"
"TPL_011","TPL_011_STATE_004","TPL_011_RUN_010","Broad_HFS","none",35.7984263640265,39.5377374899204,3.73931112589385,20,19,"shifted_gamma","irregular",0.225615138402209,1.77931693601422,0.02,0.196805848731255,0.672881737433915,0.739316494478658,0.608315606300337,FALSE,"none","not_applicable","not_applicable","core","v2.3_slow_overlap_direct_support_0.65B","none","clear_or_hard_cut","clear","clear",2.09838788525532,3.29929211754491,"none","none",,"not_applicable","not_applicable"
"TPL_011","TPL_011_STATE_005","TPL_011_RUN_012","Tonic","generic_stress",41.8692008228514,49.547740065319,7.67853924246761,15,14,"shifted_gamma","generic_stress",0.58763341112528,28.5901927705854,0.02,0.548467088747687,0.187810929571191,0.210371537743388,0.0514815658902324,FALSE,"none","eligible","boundary","not_applicable","not_applicable","none","not_applicable","not_applicable","not_applicable",,,"none","none",0.774295412535156,"eligible","pre_frozen_timestamp_evidence_contract_met"
"TPL_012","TPL_012_STATE_001","TPL_012_RUN_001","Tonic","generic_stress",0,6.1656131270975,6.1656131270975,16,15,"shifted_gamma","generic_stress",0.415482933507301,16.5705933524296,0.02,0.411040875139834,0.230557178278955,0.245999336435462,0.0775724703895411,FALSE,"none","eligible","deep","not_applicable","not_applicable","none","not_applicable","not_applicable","not_applicable",,,"none","none",0.846400653762723,"eligible","pre_frozen_timestamp_evidence_contract_met"
"TPL_012","TPL_012_STATE_002","TPL_012_RUN_003","Tonic","stn_like_empirical",13.3892428911925,21.8134491164158,8.42420622522338,15,14,"shifted_gamma","stn_like_empirical",0.595413795635104,70.8321822900325,0.02,0.601729016087384,0.0987934756078397,0.0773116994756775,0.00634187135938764,FALSE,"none","eligible","core","not_applicable","not_applicable","none","not_applicable","not_applicable","not_applicable",,,"none","none",0.846686332428459,"eligible","pre_frozen_timestamp_evidence_contract_met"
"TPL_012","TPL_012_STATE_003","TPL_012_RUN_006","Broad_HFS","none",25.5342958059933,33.9264098453246,8.39211403933135,21,20,"shifted_gamma","regular",0.415377482231706,11.3088943501934,0.02,0.419605701966567,0.349625551187384,0.401770357601194,0.200762392545589,FALSE,"none","not_applicable","not_applicable","deep","v2.3_slow_overlap_direct_support_0.65B","none","ambiguous_or_edge","clear","ambiguous",1.71828014240063,1.42293190584289,"none","none",,"not_applicable","not_applicable"
"TPL_012","TPL_012_STATE_004","TPL_012_RUN_012","Broad_HFS","none",49.0082444953674,56.71126076637,7.70301627100261,33,32,"shifted_gamma","intermediate",0.295985293574631,3.4564996406436,0.02,0.240719258468831,0.663911571623347,0.514716872220594,0.276916735328753,TRUE,"moderate","not_applicable","not_applicable","core","v2.3_slow_overlap_direct_support_0.65B","TPL_012_REGIME_01","no_evidence_at_one_or_more_boundaries","no_evidence","hard_cut_canonical_pause",1.0901289713995,2.06467151479192,"none","canonical_pause",,"not_applicable","not_applicable"
"TPL_012","TPL_012_STATE_005","TPL_012_RUN_014","Broad_HFS","none",59.871953187065,68.416547525898,8.5445943388331,32,31,"shifted_gamma","irregular",0.309485508035868,1.63803135382477,0.02,0.275632075446229,0.712458414770259,0.593872139189966,0.371962313069559,TRUE,"strong","not_applicable","not_applicable","boundary","v2.3_slow_overlap_direct_support_0.65B","TPL_012_REGIME_01","ambiguous_or_edge","hard_cut_canonical_pause","ambiguous",0.619376806226006,1.31124119560797,"canonical_pause","none",,"not_applicable","not_applicable"
"TPL_013","TPL_013_STATE_001","TPL_013_RUN_006","Tonic","generic_stress",13.7718674896107,22.5807377222604,8.80887023264962,10,9,"shifted_gamma","generic_stress",0.838358320510015,6.16800721455365,0.02,0.978763359183292,0.347403582787679,0.297594117028053,0.095480728880605,FALSE,"none","ambiguous","core","not_applicable","not_applicable","none","not_applicable","not_applicable","not_applicable",,,"none","none",0.557129836098758,"ambiguous","short_state"
"TPL_013","TPL_013_STATE_002","TPL_013_RUN_009","Broad_HFS","none",27.7446228293889,36.4671503486452,8.7225275192563,34,33,"shifted_gamma","irregular",0.334706183169037,1.1625435421709,0.02,0.264319015735039,0.762489818975843,0.724033695850762,0.568429039161621,TRUE,"strong","not_applicable","not_applicable","deep","v2.3_slow_overlap_direct_support_0.65B","none","clear_or_hard_cut","clear","clear",2.48779614838261,2.25964508658274,"none","none",,"not_applicable","not_applicable"
"TPL_013","TPL_013_STATE_003","TPL_013_RUN_012","Broad_HFS","none",47.0882824765545,53.7967580850023,6.70847560844783,25,24,"shifted_gamma","intermediate",0.323462146809325,4.63412960353307,0.02,0.27951981701866,0.411632198305363,0.411334863041074,0.228686121198087,FALSE,"none","not_applicable","not_applicable","boundary","v2.3_slow_overlap_direct_support_0.65B","none","clear_or_hard_cut","clear","clear",4.23125770282641,2.18236217513858,"none","none",,"not_applicable","not_applicable"
"TPL_013","TPL_013_STATE_004","TPL_013_RUN_014","Tonic","stn_like_empirical",55.4709510735112,59.5977124870422,4.12676141353099,11,10,"shifted_gamma","stn_like_empirical",0.416380914784968,16.7274142187089,0.02,0.4126761413531,0.167046052293019,0.23969843141147,0.0547047143551199,FALSE,"none","ambiguous","boundary","not_applicable","not_applicable","none","not_applicable","not_applicable","not_applicable",,,"none","none",0.579218058226702,"ambiguous","borderline_continuous_evidence_score"
"TPL_013","TPL_013_STATE_005","TPL_013_RUN_017","Broad_HFS","none",62.6758154561449,68.4008193390988,5.72500388295391,30,29,"shifted_gamma","regular",0.214710569819435,7.53476283559576,0.02,0.19741392699841,0.441439516887338,0.359518082823201,0.166440849324308,TRUE,"moderate","not_applicable","not_applicable","core","v2.3_slow_overlap_direct_support_0.65B","none","ambiguous_or_edge","clear","recording_edge_unobservable",3.633284449662,,"none","none",,"not_applicable","not_applicable"
"TPL_014","TPL_014_STATE_001","TPL_014_RUN_001","Broad_HFS","none",0,9.02642399893223,9.02642399893223,29,28,"shifted_gamma","regular",0.338428310770541,9.20886555779725,0.02,0.322372285676151,0.471699113188455,0.451023564846167,0.227549034680056,TRUE,"strong","not_applicable","not_applicable","boundary","v2.3_slow_overlap_direct_support_0.65B","TPL_014_REGIME_01","ambiguous_or_edge","recording_edge_unobservable","hard_cut_canonical_pause",,0.690921347754976,"none","canonical_pause",,"not_applicable","not_applicable"
"TPL_014","TPL_014_STATE_002","TPL_014_RUN_003","Broad_HFS","none",12.6628428736803,20.8515070136778,8.18866413999747,32,31,"shifted_gamma","intermediate",0.335572629719973,4.9946335724555,0.02,0.264150456128951,0.575457633966492,0.517531804864455,0.267878675923506,TRUE,"weak","not_applicable","not_applicable","deep","v2.3_slow_overlap_direct_support_0.65B","TPL_014_REGIME_01","no_evidence_at_one_or_more_boundaries","hard_cut_canonical_pause","no_evidence",1.49226068406773,1.0686988056024,"canonical_pause","none",,"not_applicable","not_applicable"
"TPL_014","TPL_014_STATE_003","TPL_014_RUN_007","Tonic","stn_like_empirical",24.5883812086897,28.2598103660787,3.67142915738897,12,11,"shifted_gamma","stn_like_empirical",0.358325887769461,8.19462982332334,0.02,0.333766287035361,0.316299295423195,0.424374104798002,0.214465659846125,FALSE,"none","ambiguous","deep","not_applicable","not_applicable","none","not_applicable","not_applicable","not_applicable",,,"none","none",0.593553101425599,"ambiguous","low_regularity_evidence"
"TPL_014","TPL_014_STATE_004","TPL_014_RUN_009","Tonic","generic_stress",32.8069936151313,39.7457452748689,6.93875165973761,13,12,"shifted_gamma","generic_stress",0.651239439626224,9.77083027502522,0.02,0.578229304978134,0.372710229147419,0.408166132530314,0.175264101893849,FALSE,"none","ambiguous","boundary","not_applicable","not_applicable","none","not_applicable","not_applicable","not_applicable",,,"none","none",0.648189651582398,"ambiguous","low_regularity_evidence"
"TPL_014","TPL_014_STATE_005","TPL_014_RUN_012","Broad_HFS","none",48.5806765172229,55.1198261786911,6.53914966146816,34,33,"shifted_gamma","irregular",0.204131981078535,0.972948268032633,0.02,0.19815605034752,1.00264380802485,0.893294397051785,0.803701315894573,FALSE,"none","not_applicable","not_applicable","core","v2.3_slow_overlap_direct_support_0.65B","none","clear_or_hard_cut","clear","clear",6.28966335898385,4.87487571813768,"none","none",,"not_applicable","not_applicable"
"TPL_015","TPL_015_STATE_001","TPL_015_RUN_001","Broad_HFS","none",0,7.18836782559477,7.18836782559477,32,31,"shifted_gamma","irregular",0.280789907071739,1.76726378691383,0.02,0.231882833083702,0.712366009986382,0.687524208163435,0.454289767689732,TRUE,"moderate","not_applicable","not_applicable","boundary","v2.3_slow_overlap_direct_support_0.65B","none","ambiguous_or_edge","recording_edge_unobservable","clear",,1.67974509013302,"none","none",,"not_applicable","not_applicable"
"TPL_015","TPL_015_STATE_002","TPL_015_RUN_004","Broad_HFS","none",13.8267644637414,20.1914926911103,6.36472822736881,33,32,"shifted_gamma","intermediate",0.186326708709821,2.97294446271844,0.02,0.198897757105275,0.516056331698455,0.666799984456325,0.457994305205036,FALSE,"none","not_applicable","not_applicable","core","v2.3_slow_overlap_direct_support_0.65B","none","clear_or_hard_cut","clear","clear",1.91408943218486,3.48063616307602,"none","none",,"not_applicable","not_applicable"
"TPL_015","TPL_015_STATE_003","TPL_015_RUN_006","Broad_HFS","none",20.756555865243,28.5414512653557,7.78489540011268,22,21,"shifted_gamma","regular",0.362925821058452,7.38545211357996,0.02,0.370709304767271,0.40658293024737,0.361834238245757,0.14039627584882,TRUE,"weak","not_applicable","not_applicable","deep","v2.3_slow_overlap_direct_support_0.65B","none","no_evidence_at_one_or_more_boundaries","no_evidence","clear",0.441003628990901,2.43046344014998,"none","none",,"not_applicable","not_applicable"
"TPL_015","TPL_015_STATE_004","TPL_015_RUN_008","Tonic","stn_like_empirical",30.5708469401781,37.1635766893758,6.59272974919767,12,11,"shifted_gamma","stn_like_empirical",0.595473490501754,13.3510995320976,0.02,0.599339068108878,0.20338214901808,0.172302852277036,0.0343592516321016,FALSE,"none","ambiguous","core","not_applicable","not_applicable","none","not_applicable","not_applicable","not_applicable",,,"none","none",0.651961557460102,"eligible","pre_frozen_timestamp_evidence_contract_met"
"TPL_015","TPL_015_STATE_005","TPL_015_RUN_011","Tonic","generic_stress",38.9062577284305,44.2247411249664,5.31848339653587,13,12,"shifted_gamma","generic_stress",0.410849435245618,9.24521258939058,0.02,0.443206949711322,0.372072488316301,0.443558570933743,0.22044554136932,FALSE,"none","ambiguous","deep","not_applicable","not_applicable","none","not_applicable","not_applicable","not_applicable",,,"none","none",0.601726065857295,"ambiguous","low_regularity_evidence"
"TPL_016","TPL_016_STATE_001","TPL_016_RUN_004","Broad_HFS","none",8.68432395708975,14.9441598111239,6.25983585403418,27,26,"shifted_gamma","irregular",0.322148885531351,1.60481300926767,0.02,0.240762917462853,0.861719229347696,1.00491548350299,0.93809187793964,FALSE,"none","not_applicable","not_applicable","deep","v2.3_slow_overlap_direct_support_0.65B","none","clear_or_hard_cut","clear","clear",2.62591365360461,7.38737139236464,"none","none",,"not_applicable","not_applicable"
"TPL_016","TPL_016_STATE_002","TPL_016_RUN_006","Tonic","generic_stress",21.5268966553794,30.7450438131164,9.21814715773697,12,11,"shifted_gamma","generic_stress",0.731704186368734,4.11667938204482,0.02,0.838013377976088,0.455637516778444,0.492890915574136,0.226759842635407,FALSE,"none","ambiguous","core","not_applicable","not_applicable","none","not_applicable","not_applicable","not_applicable",,,"none","none",0.531634289969631,"ambiguous","low_regularity_evidence"
"TPL_016","TPL_016_STATE_003","TPL_016_RUN_010","Tonic","stn_like_empirical",37.3960060481709,40.8602544174892,3.46424836931823,9,8,"shifted_gamma","stn_like_empirical",0.461020795074292,20.5222389192786,0.02,0.433031046164778,0.278428817018646,0.376022951619044,0.139524079517524,FALSE,"none","ambiguous","boundary","not_applicable","not_applicable","none","not_applicable","not_applicable","not_applicable",,,"none","none",0.574968112449837,"ambiguous","low_regularity_evidence;short_state"
"TPL_016","TPL_016_STATE_004","TPL_016_RUN_012","Broad_HFS","none",45.1536870802649,50.0952974708229,4.94161039055798,22,21,"shifted_gamma","regular",0.229724306138232,7.87122146459296,0.02,0.235314780502761,0.425464836078619,0.350197096953752,0.158732434111989,TRUE,"weak","not_applicable","not_applicable","core","v2.3_slow_overlap_direct_support_0.65B","TPL_016_REGIME_01","clear_or_hard_cut","clear","hard_cut_canonical_pause",2.99509349250268,2.49218947722835,"none","canonical_pause",,"not_applicable","not_applicable"
"TPL_016","TPL_016_STATE_005","TPL_016_RUN_014","Broad_HFS","none",54.8138106023371,64.8699245232805,10.0561139209435,31,30,"shifted_gamma","intermediate",0.361853803079575,2.55885717370547,0.02,0.335203797364782,0.616590734156833,0.728397431259059,0.545787549400472,TRUE,"strong","not_applicable","not_applicable","boundary","v2.3_slow_overlap_direct_support_0.65B","TPL_016_REGIME_01","ambiguous_or_edge","hard_cut_canonical_pause","recording_edge_unobservable",0.551146017306517,,"canonical_pause","none",,"not_applicable","not_applicable"
"TPL_017","TPL_017_STATE_001","TPL_017_RUN_001","Tonic","stn_like_empirical",0,5.48528480888004,5.48528480888004,13,12,"shifted_gamma","stn_like_empirical",0.478557043336332,13.6733727671672,0.02,0.45710706740667,0.282528662402592,0.311466546348766,0.0956008955392011,FALSE,"none","ambiguous","deep","not_applicable","not_applicable","none","not_applicable","not_applicable","not_applicable",,,"none","none",0.580352002878697,"ambiguous","borderline_continuous_evidence_score"
"TPL_017","TPL_017_STATE_002","TPL_017_RUN_010","Broad_HFS","none",19.853672116387,25.8194401200363,5.96576800364938,34,33,"shifted_gamma","irregular",0.220369907906279,1.74997248498257,0.02,0.180780848595436,0.792033065594361,0.80638479966125,0.673582815881845,TRUE,"strong","not_applicable","not_applicable","core","v2.3_slow_overlap_direct_support_0.65B","none","clear_or_hard_cut","clear","clear",9.44098999620668,3.04660196656518,"none","none",,"not_applicable","not_applicable"
"TPL_017","TPL_017_STATE_003","TPL_017_RUN_012","Tonic","generic_stress",28.0724009115243,32.3314368174889,4.25903590596463,9,8,"shifted_gamma","generic_stress",0.580770488781855,6.17409352399409,0.02,0.532379488245579,0.582374906799152,0.528776704159278,0.344032823034887,FALSE,"none","ambiguous","boundary","not_applicable","not_applicable","none","not_applicable","not_applicable","not_applicable",,,"none","none",0.239773914167216,"no_evidence","low_regularity_evidence;short_state"
"TPL_017","TPL_017_STATE_004","TPL_017_RUN_016","Broad_HFS","none",44.1789897613672,52.384046633537,8.20505687216978,30,29,"shifted_gamma","regular",0.314303594231606,6.47128039598465,0.02,0.282932995592062,0.41262551354256,0.4482994588257,0.237863727457268,FALSE,"none","not_applicable","not_applicable","boundary","v2.3_slow_overlap_direct_support_0.65B","none","no_evidence_at_one_or_more_boundaries","no_evidence","clear",1.14307061159814,3.72663460894498,"none","none",,"not_applicable","not_applicable"
"TPL_017","TPL_017_STATE_005","TPL_017_RUN_018","Broad_HFS","none",55.4662991980694,64.1052499106005,8.63895071253114,30,29,"shifted_gamma","intermediate",0.35716818202287,3.59796818159521,0.02,0.297894852156246,0.546716562348529,0.493865764461124,0.308110018136663,TRUE,"moderate","not_applicable","not_applicable","deep","v2.3_slow_overlap_direct_support_0.65B","none","ambiguous_or_edge","clear","recording_edge_unobservable",3.4043005479959,,"none","none",,"not_applicable","not_applicable"
"TPL_018","TPL_018_STATE_001","TPL_018_RUN_001","Broad_HFS","none",0,4.89085939255675,4.89085939255675,22,21,"shifted_gamma","irregular",0.267521154833958,1.16119253884535,0.02,0.232898066312226,0.773352493836019,0.682251355674181,0.485904803873105,FALSE,"none","not_applicable","not_applicable","boundary","v2.3_slow_overlap_direct_support_0.65B","none","ambiguous_or_edge","recording_edge_unobservable","clear",,5.59781217337077,"none","none",,"not_applicable","not_applicable"
"TPL_018","TPL_018_STATE_002","TPL_018_RUN_003","Tonic","stn_like_empirical",11.7188525301458,16.0981807600143,4.37932822986847,9,8,"shifted_gamma","stn_like_empirical",0.577794011235237,6.22111365012825,0.02,0.547416028733559,0.278462052251773,0.282606066607266,0.105560197485553,FALSE,"none","no_evidence","core","not_applicable","not_applicable","none","not_applicable","not_applicable","not_applicable",,,"none","none",0.554771747402593,"ambiguous","short_state"
"TPL_018","TPL_018_STATE_003","TPL_018_RUN_009","Tonic","generic_stress",30.0153354673145,32.9923656335158,2.97703016620127,9,8,"shifted_gamma","generic_stress",0.389929668577388,3.38894969155081,0.02,0.372128770775158,0.727814409253785,0.511564366324081,0.282066719296592,FALSE,"none","no_evidence","deep","not_applicable","not_applicable","none","not_applicable","not_applicable","not_applicable",,,"none","none",0.411938231373667,"no_evidence","low_regularity_evidence;short_state"
"TPL_018","TPL_018_STATE_004","TPL_018_RUN_011","Broad_HFS","none",39.1281359827203,49.5680954744484,10.4399594917281,35,34,"shifted_gamma","regular",0.374345898563042,9.24773531360552,0.02,0.30705763210965,0.50301409111795,0.347068355440944,0.143888008777895,TRUE,"moderate","not_applicable","not_applicable","deep","v2.3_slow_overlap_direct_support_0.65B","TPL_018_REGIME_01","clear_or_hard_cut","clear","hard_cut_canonical_pause",5.60405739368557,0.534947757864567,"none","canonical_pause",,"not_applicable","not_applicable"
"TPL_018","TPL_018_STATE_005","TPL_018_RUN_013","Broad_HFS","none",54.4974425029852,61.5862430156376,7.0888005126524,35,34,"shifted_gamma","intermediate",0.233378430884331,4.51455194107257,0.02,0.20849413272507,0.611618795806899,0.507361955441708,0.324382204579084,TRUE,"strong","not_applicable","not_applicable","core","v2.3_slow_overlap_direct_support_0.65B","TPL_018_REGIME_01","clear_or_hard_cut","hard_cut_canonical_pause","clear",2.0293519972798,3.55593961535878,"canonical_pause","none",,"not_applicable","not_applicable"
"TPL_019","TPL_019_STATE_001","TPL_019_RUN_002","Broad_HFS","none",6.76201479958493,12.8589508346911,6.09693603510613,20,19,"shifted_gamma","irregular",0.326920297071338,1.51630984211806,0.02,0.320891370268744,0.543070347003795,0.5853422721421,0.397820704242048,FALSE,"none","not_applicable","not_applicable","deep","v2.3_slow_overlap_direct_support_0.65B","none","ambiguous_or_edge","clear","ambiguous",3.39611407136755,1.21332313429076,"none","none",,"not_applicable","not_applicable"
"TPL_019","TPL_019_STATE_002","TPL_019_RUN_006","Broad_HFS","none",16.5422970836188,23.5770267639606,7.03472968034179,27,26,"shifted_gamma","intermediate",0.298852566508576,3.11924546039663,0.02,0.270566526166992,0.698906344249975,0.652707119052595,0.449908548148348,TRUE,"weak","not_applicable","not_applicable","boundary","v2.3_slow_overlap_direct_support_0.65B","none","clear_or_hard_cut","clear","clear",7.48174133240446,3.90040130816784,"none","none",,"not_applicable","not_applicable"
"TPL_019","TPL_019_STATE_003","TPL_019_RUN_008","Tonic","generic_stress",24.4465027890067,31.8558236235419,7.40932083453519,10,9,"shifted_gamma","generic_stress",0.848504080874845,5.54933494434226,0.02,0.82325787050391,0.290545219894877,0.364412467429477,0.133683749504839,FALSE,"none","no_evidence","core","not_applicable","not_applicable","none","not_applicable","not_applicable","not_applicable",,,"none","none",0.663332710858384,"eligible","pre_frozen_timestamp_evidence_contract_met"
"TPL_019","TPL_019_STATE_004","TPL_019_RUN_012","Tonic","stn_like_empirical",41.1646163823386,46.3956951664166,5.23107878407796,11,10,"shifted_gamma","stn_like_empirical",0.471824224581942,10.7559235556982,0.02,0.523107878407796,0.232206895333521,0.317331936032402,0.0963050049363773,FALSE,"none","no_evidence","boundary","not_applicable","not_applicable","none","not_applicable","not_applicable","not_applicable",,,"none","none",0.701274225169917,"eligible","pre_frozen_timestamp_evidence_contract_met"
"TPL_019","TPL_019_STATE_005","TPL_019_RUN_013","Broad_HFS","none",46.3956951664166,52.4510103734865,6.05531520706992,35,34,"shifted_gamma","regular",0.20487642724067,6.16224329872057,0.02,0.178097506090292,0.6015470586512,0.405552056311194,0.185547835530588,TRUE,"strong","not_applicable","not_applicable","core","v2.3_slow_overlap_direct_support_0.65B","none","clear_or_hard_cut","clear","clear",4.09304178901424,3.23242549083716,"none","none",,"not_applicable","not_applicable"
"TPL_020","TPL_020_STATE_001","TPL_020_RUN_007","Tonic","generic_stress",10.3750415356125,17.6781668718787,7.3031253362662,9,8,"shifted_gamma","generic_stress",0.660168065316975,5.99558868212625,0.02,0.912890667033275,0.241695131190212,0.363521825855771,0.118441837720968,FALSE,"none","no_evidence","boundary","not_applicable","not_applicable","none","not_applicable","not_applicable","not_applicable",,,"none","none",0.420463206275222,"no_evidence","short_state;outside_subtype_rate_band"
"TPL_020","TPL_020_STATE_002","TPL_020_RUN_009","Broad_HFS","none",24.1631665788474,30.8250900338616,6.66192345501424,23,22,"shifted_gamma","intermediate",0.344209262086079,3.27034853119403,0.02,0.302814702500647,0.534800374095836,0.441532406295045,0.198958488819008,FALSE,"none","not_applicable","not_applicable","deep","v2.3_slow_overlap_direct_support_0.65B","none","ambiguous_or_edge","clear","ambiguous",4.76661576850778,1.42819444047035,"none","none",,"not_applicable","not_applicable"
"TPL_020","TPL_020_STATE_003","TPL_020_RUN_012","Tonic","stn_like_empirical",38.3807551797377,41.8991411378475,3.5183859581098,10,9,"shifted_gamma","stn_like_empirical",0.438320490308106,12.4251236838754,0.02,0.390931773123311,0.264308092510374,0.287975035748728,0.0915152809720249,FALSE,"none","no_evidence","deep","not_applicable","not_applicable","none","not_applicable","not_applicable","not_applicable",,,"none","none",0.59651741339209,"ambiguous","short_state"
"TPL_020","TPL_020_STATE_004","TPL_020_RUN_015","Broad_HFS","none",47.5332016204769,52.6489302934466,5.11572867296974,29,28,"shifted_gamma","irregular",0.207803815612569,1.66197307419498,0.02,0.182704595463205,0.670848630180974,0.697972804818455,0.476767067857514,TRUE,"weak","not_applicable","not_applicable","core","v2.3_slow_overlap_direct_support_0.65B","TPL_020_REGIME_01","clear_or_hard_cut","clear","hard_cut_canonical_pause",2.72309939443425,1.25670616238358,"none","canonical_pause",,"not_applicable","not_applicable"
"TPL_020","TPL_020_STATE_005","TPL_020_RUN_017","Broad_HFS","none",56.3204236311225,64.4031889213139,8.08276529019138,33,32,"shifted_gamma","regular",0.283281956017017,7.53144948603585,0.02,0.25258641531848,0.55352279685929,0.410280408549802,0.200396434253147,TRUE,"moderate","not_applicable","not_applicable","boundary","v2.3_slow_overlap_direct_support_0.65B","TPL_020_REGIME_01","ambiguous_or_edge","hard_cut_canonical_pause","recording_edge_unobservable",0.795730959179281,,"canonical_pause","none",,"not_applicable","not_applicable"
