"Template_ID","Spike_Index","Time_u"
"TPL_001",1,0
"TPL_001",2,1.45949318762263
"TPL_001",3,2.44241022712844
"TPL_001",4,3.54435267140608
"TPL_001",5,4.67419755581517
"TPL_001",6,5.44388703464149
"TPL_001",7,6.44666416772436
"TPL_001",8,7.7697198222472
"TPL_001",9,8.71891559175537
"TPL_001",10,9.37094189405822
"TPL_001",11,10.7474661462746
"TPL_001",12,11.9906216507448
"TPL_001",13,12.8257610398382
"TPL_001",14,15.9670527160205
"TPL_001",15,16.5218306627834
"TPL_001",16,16.9947914008116
"TPL_001",17,17.4032088138732
"TPL_001",18,17.7853224594544
"TPL_001",19,18.2808235951493
"TPL_001",20,18.7175825909002
"TPL_001",21,19.1458863114799
"TPL_001",22,19.8337383535202
"TPL_001",23,20.3399294665071
"TPL_001",24,20.8065139138035
"TPL_001",25,21.2576677553223
"TPL_001",26,21.6425893617706
"TPL_001",27,22.0754504608222
"TPL_001",28,22.5229883801653
"TPL_001",29,22.9194464718193
"TPL_001",30,23.418889242705
"TPL_001",31,26.2868653535061
"TPL_001",32,28.6735463044755
"TPL_001",33,28.9743943442062
"TPL_001",34,29.48301812944
"TPL_001",35,30.2215437656862
"TPL_001",36,31.0547532100773
"TPL_001",37,31.4356865764681
"TPL_001",38,31.7098797779312
"TPL_001",39,31.8791027077891
"TPL_001",40,32.0471790575168
"TPL_001",41,32.6704756078963
"TPL_001",42,32.8172670206105
"TPL_001",43,32.9429182499987
"TPL_001",44,33.1420226223454
"TPL_001",45,33.2408733093307
"TPL_001",46,33.3696291170062
"TPL_001",47,33.5774574652034
"TPL_001",48,34.334285162823
"TPL_001",49,35.0045538606723
"TPL_001",50,35.2682449455443
"TPL_001",51,35.6725294044779
"TPL_001",52,36.6001193505121
"TPL_001",53,37.6295931788297
"TPL_001",54,38.2825090660797
"TPL_001",55,38.8540630535119
"TPL_001",56,38.9968740308605
"TPL_001",57,39.2613343037434
"TPL_001",58,39.3326481461342
"TPL_001",59,39.4493492989666
"TPL_001",60,39.571727321466
"TPL_001",61,39.6641866719618
"TPL_001",62,40.4545353556384
"TPL_001",63,41.1009452633978
"TPL_001",64,42.0762141064265
"TPL_001",65,42.4126928193359
"TPL_001",66,42.9344264076639
"TPL_001",67,43.3561956175051
"TPL_001",68,43.7111350976953
"TPL_001",69,44.4289131475466
"TPL_001",70,44.8750324013256
"TPL_001",71,45.120248531633
"TPL_001",72,45.3133821605099
"TPL_001",73,45.510381368721
"TPL_001",74,45.8426769857594
"TPL_001",75,46.5704706361119
"TPL_001",76,46.7428105539802
"TPL_001",77,47.0990911934685
"TPL_001",78,47.3633712080116
"TPL_001",79,47.5808055940921
"TPL_001",80,48.1314595888017
"TPL_001",81,48.2251020339517
"TPL_001",82,48.6838226497263
"TPL_001",83,49.0484452762753
"TPL_001",84,49.4908295918233
"TPL_001",85,49.6338806560048
"TPL_001",86,49.6976331014678
"TPL_001",87,50.6430515835706
"TPL_001",88,51.8847260243601
"TPL_001",89,52.2632675040432
"TPL_001",90,52.478395699658
"TPL_001",91,52.7776892643853
"TPL_001",92,52.9559078031143
"TPL_001",93,53.4074075670914
"TPL_001",94,53.7635904514302
"TPL_001",95,54.1323536107515
"TPL_001",96,54.4900157145063
"TPL_001",97,54.539471915175
"TPL_001",98,54.6932181096314
"TPL_001",99,54.778714449858
"TPL_001",100,54.8745680120655
"TPL_001",101,54.979739902121
"TPL_001",102,55.1080732309628
"TPL_001",103,55.3135680484606
"TPL_001",104,55.5806322685059
"TPL_001",105,55.9052055446387
"TPL_001",106,56.170789263602
"TPL_001",107,56.4907986872629
"TPL_001",108,56.7513355129697
"TPL_001",109,56.8440469604777
"TPL_001",110,57.0764811532598
"TPL_001",111,57.5566777958233
"TPL_001",112,57.8812471683065
"TPL_001",113,58.1432127193976
"TPL_001",114,58.398773226877
"TPL_001",115,58.7180105984317
"TPL_001",116,58.9865147180492
"TPL_001",117,59.0914650309211
"TPL_001",118,62.628301259953
"TPL_001",119,62.9766079893777
"TPL_001",120,63.582374856116
"TPL_001",121,64.2986184750535
"TPL_001",122,64.6416905664974
"TPL_001",123,65.0492507712296
"TPL_001",124,65.2360143373388
"TPL_001",125,65.5349884177087
"TPL_001",126,65.9571706003074
"TPL_001",127,66.2834797599162
"TPL_001",128,66.9892019821853
"TPL_001",129,67.160719408907
"TPL_001",130,67.2147920137722
"TPL_001",131,67.2971505479673
"TPL_001",132,67.4680532261252
"TPL_001",133,67.6405343422774
"TPL_001",134,67.7248948078118
"TPL_001",135,67.7961496791884
"TPL_001",136,67.8917296950478
"TPL_001",137,68.3200713103221
"TPL_001",138,68.7176169606447
"TPL_001",139,68.9547071338879
"TPL_001",140,69.2165616332613
"TPL_001",141,69.3257923973774
"TPL_001",142,69.8740327228781
"TPL_001",143,70.051596399473
"TPL_001",144,70.5657119326657
"TPL_001",145,71.0172538685231
"TPL_001",146,71.4426379830085
"TPL_001",147,71.7576670788179
"TPL_001",148,72.1402050214518
"TPL_001",149,72.6859188946155
"TPL_001",150,72.9783928135069
"TPL_001",151,73.2165632512532
"TPL_001",152,73.7933070268073
"TPL_002",1,0
"TPL_002",2,0.358566675110048
"TPL_002",3,0.663824010399773
"TPL_002",4,1.08999111123275
"TPL_002",5,1.52317717168314
"TPL_002",6,1.94653873367697
"TPL_002",7,2.19929402743937
"TPL_002",8,2.47763021757378
"TPL_002",9,2.98595760672415
"TPL_002",10,3.16273092624883
"TPL_002",11,3.52304409199035
"TPL_002",12,3.82217449997671
"TPL_002",13,4.26213815783154
"TPL_002",14,4.52848117683378
"TPL_002",15,4.80284154146216
"TPL_002",16,5.11874668353559
"TPL_002",17,5.57099330681869
"TPL_002",18,5.90899792930922
"TPL_002",19,6.22637689775734
"TPL_002",20,6.47589680486633
"TPL_002",21,6.66818926675433
"TPL_002",22,6.87783174715093
"TPL_002",23,7.06561719032484
"TPL_002",24,7.29060180750787
"TPL_002",25,7.64511324303056
"TPL_002",26,8.15945611935399
"TPL_002",27,8.65826279538996
"TPL_002",28,9.03816407490253
"TPL_002",29,9.53638583912044
"TPL_002",30,9.89972312498831
"TPL_002",31,10.0971058338541
"TPL_002",32,10.4036592234531
"TPL_002",33,10.9810139817427
"TPL_002",34,11.370374326125
"TPL_002",35,11.5445285535238
"TPL_002",36,11.8926963776239
"TPL_002",37,12.2534741472787
"TPL_002",38,12.6003932432223
"TPL_002",39,13.3136738058493
"TPL_002",40,13.4857451056625
"TPL_002",41,13.6364985087216
"TPL_002",42,13.7327203815423
"TPL_002",43,14.0639299760445
"TPL_002",44,14.1767972691845
"TPL_002",45,14.5172969570356
"TPL_002",46,15.0411595209701
"TPL_002",47,15.5095226518991
"TPL_002",48,16.2033438335056
"TPL_002",49,17.2561805277762
"TPL_002",50,17.9738281537255
"TPL_002",51,18.1106000936994
"TPL_002",52,18.3223273874375
"TPL_002",53,18.6459551006877
"TPL_002",54,18.8578081019141
"TPL_002",55,19.1156765379868
"TPL_002",56,19.4162481907429
"TPL_002",57,19.5857557085684
"TPL_002",58,19.7826139239316
"TPL_002",59,19.8597725891105
"TPL_002",60,19.9236690707476
"TPL_002",61,19.9956000337335
"TPL_002",62,20.0181498654566
"TPL_002",63,20.0506828842375
"TPL_002",64,20.0753554026615
"TPL_002",65,20.1218377426196
"TPL_002",66,20.1813452859366
"TPL_002",67,20.3048842182746
"TPL_002",68,20.8058657896162
"TPL_002",69,21.1032229991666
"TPL_002",70,21.3329565731084
"TPL_002",71,21.4767004234306
"TPL_002",72,21.6289690476435
"TPL_002",73,21.969841181882
"TPL_002",74,22.1444393452769
"TPL_002",75,22.5657392535062
"TPL_002",76,22.7933381725508
"TPL_002",77,23.1952060004548
"TPL_002",78,23.5022150581359
"TPL_002",79,23.7414832971373
"TPL_002",80,24.0898060936512
"TPL_002",81,24.5105131636451
"TPL_002",82,24.7590560783326
"TPL_002",83,25.1195003960053
"TPL_002",84,26.3241761194777
"TPL_002",85,26.9749938740381
"TPL_002",86,27.5563288913371
"TPL_002",87,28.2235395691312
"TPL_002",88,28.3554050673817
"TPL_002",89,28.9308831361967
"TPL_002",90,29.2468210466297
"TPL_002",91,29.6727037302419
"TPL_002",92,29.8793359893199
"TPL_002",93,30.0487586788209
"TPL_002",94,30.1310331548696
"TPL_002",95,30.2298814668297
"TPL_002",96,30.8297417128763
"TPL_002",97,31.3160540515344
"TPL_002",98,31.900706579462
"TPL_002",99,32.229097764006
"TPL_002",100,32.4275236386131
"TPL_002",101,32.9013288652552
"TPL_002",102,33.6095963564238
"TPL_002",103,33.9668852238714
"TPL_002",104,34.4012410657792
"TPL_002",105,34.7449675334221
"TPL_002",106,35.1918743143691
"TPL_002",107,35.8081977591375
"TPL_002",108,36.2645908619325
"TPL_002",109,36.4685168562777
"TPL_002",110,36.9794997026037
"TPL_002",111,37.4069456030037
"TPL_002",112,37.5396659520261
"TPL_002",113,38.0327284797999
"TPL_002",114,38.4424180264221
"TPL_002",115,38.8234053038902
"TPL_002",116,39.595588487822
"TPL_002",117,39.9934841333911
"TPL_002",118,40.3944281286502
"TPL_002",119,41.4266013678866
"TPL_002",120,41.949150469971
"TPL_002",121,42.4057215687754
"TPL_002",122,42.8472513720784
"TPL_002",123,43.2785474771865
"TPL_002",124,43.6693754892419
"TPL_002",125,44.1749502976264
"TPL_002",126,44.596307062393
"TPL_002",127,44.8291501980362
"TPL_002",128,45.137935122951
"TPL_002",129,45.573155194385
"TPL_002",130,46.2148125666674
"TPL_002",131,46.7003496538902
"TPL_002",132,47.3130818012021
"TPL_002",133,48.6290048413365
"TPL_002",134,49.3928358614888
"TPL_002",135,49.5733296844348
"TPL_002",136,49.769640573416
"TPL_002",137,50.2480514927759
"TPL_002",138,51.0223146353923
"TPL_002",139,51.2165886370228
"TPL_002",140,51.3956709129013
"TPL_002",141,51.4933365131995
"TPL_002",142,51.5997206452479
"TPL_002",143,51.7940551717229
"TPL_002",144,51.8694204933783
"TPL_002",145,51.9804948037409
"TPL_002",146,52.6053321355872
"TPL_002",147,52.6565390165506
"TPL_002",148,52.8552518699738
"TPL_002",149,52.987749085544
"TPL_002",150,53.0896983956691
"TPL_002",151,53.1983578039314
"TPL_002",152,53.2894371814317
"TPL_002",153,53.4214972455881
"TPL_002",154,53.7981543920779
"TPL_002",155,54.687779360703
"TPL_002",156,54.9608006160887
"TPL_002",157,55.7205017430127
"TPL_002",158,56.0505425838668
"TPL_002",159,60.2724390516903
"TPL_002",160,61.0409863263436
"TPL_002",161,61.7157838292883
"TPL_002",162,62.1596781158893
"TPL_002",163,62.5735199183563
"TPL_002",164,63.0280799003614
"TPL_002",165,63.5089860355288
"TPL_002",166,63.9410952006616
"TPL_002",167,64.3462396932356
"TPL_002",168,64.795332782451
"TPL_002",169,65.2624624180254
"TPL_002",170,65.6784327695854
"TPL_002",171,66.1482306761267
"TPL_002",172,66.5394253588626
"TPL_002",173,66.9755699529193
"TPL_002",174,70.1331185742627
"TPL_003",1,0
"TPL_003",2,0.148699013640571
"TPL_003",3,0.48278796435282
"TPL_003",4,0.69772489017631
"TPL_003",5,0.827012026593083
"TPL_003",6,0.909425371206401
"TPL_003",7,1.08676910248291
"TPL_003",8,1.35880610603898
"TPL_003",9,1.63473407643959
"TPL_003",10,1.72590285924896
"TPL_003",11,2.26826759901409
"TPL_003",12,2.37271626274076
"TPL_003",13,2.65123120233607
"TPL_003",14,2.75772728476868
"TPL_003",15,3.17918965019636
"TPL_003",16,3.32782595521548
"TPL_003",17,3.39124077621033
"TPL_003",18,3.41794321000943
"TPL_003",19,3.48641015853187
"TPL_003",20,3.82822119288943
"TPL_003",21,3.91261650566375
"TPL_003",22,4.1356601817975
"TPL_003",23,4.31707567993798
"TPL_003",24,4.93230723390448
"TPL_003",25,5.18315158788948
"TPL_003",26,5.40446722740162
"TPL_003",27,5.87130950750531
"TPL_003",28,6.08080040024608
"TPL_003",29,6.1612096735878
"TPL_003",30,6.94657580329266
"TPL_003",31,11.1081357124557
"TPL_003",32,11.7211945050487
"TPL_003",33,12.1383652144077
"TPL_003",34,12.5759427330896
"TPL_003",35,12.9535539132283
"TPL_003",36,13.2393772163457
"TPL_003",37,13.6657968619113
"TPL_003",38,14.2395830068627
"TPL_003",39,14.5748322361811
"TPL_003",40,14.8469659551213
"TPL_003",41,14.9273525866057
"TPL_003",42,14.9872883195106
"TPL_003",43,15.1216452711003
"TPL_003",44,15.2199422399339
"TPL_003",45,15.34968307274
"TPL_003",46,15.8415899231121
"TPL_003",47,16.4203979917754
"TPL_003",48,16.7998423118332
"TPL_003",49,17.2216660522227
"TPL_003",50,17.5352097148235
"TPL_003",51,17.9314004842327
"TPL_003",52,18.5735306656687
"TPL_003",53,19.026697138899
"TPL_003",54,19.5966088386396
"TPL_003",55,20.0542449678502
"TPL_003",56,20.3020477160738
"TPL_003",57,20.8167395884008
"TPL_003",58,21.3776104119704
"TPL_003",59,22.0892248882414
"TPL_003",60,22.5204913663025
"TPL_003",61,23.3598443031121
"TPL_003",62,24.2622299840087
"TPL_003",63,24.5164548871283
"TPL_003",64,24.9238252923838
"TPL_003",65,25.3513021699542
"TPL_003",66,25.6554334425957
"TPL_003",67,25.8891126778028
"TPL_003",68,25.9921557726492
"TPL_003",69,26.1037365352046
"TPL_003",70,26.1954026809333
"TPL_003",71,26.3101846030746
"TPL_003",72,26.3989169699538
"TPL_003",73,26.5237231970203
"TPL_003",74,26.6538280602445
"TPL_003",75,26.740273832582
"TPL_003",76,27.3552488342377
"TPL_003",77,27.4659168905074
"TPL_003",78,27.7472574392222
"TPL_003",79,27.898277168357
"TPL_003",80,27.9272591634927
"TPL_003",81,28.1481677894287
"TPL_003",82,28.6436439362748
"TPL_003",83,29.2553641741523
"TPL_003",84,29.6750973734769
"TPL_003",85,30.5572688567592
"TPL_003",86,30.6637817708458
"TPL_003",87,31.0069631999951
"TPL_003",88,31.5409434866448
"TPL_003",89,31.8525586029698
"TPL_003",90,32.3305786446959
"TPL_003",91,32.6987584871865
"TPL_003",92,33.1771853544876
"TPL_003",93,33.6446600596616
"TPL_003",94,34.0327297994003
"TPL_003",95,34.413870027164
"TPL_003",96,34.7884081252333
"TPL_003",97,35.1256624479578
"TPL_003",98,35.6970990974995
"TPL_003",99,36.2383802830974
"TPL_003",100,36.5507865861703
"TPL_003",101,39.4159699994318
"TPL_003",102,40.0864730093943
"TPL_003",103,40.3707100906012
"TPL_003",104,40.5885645270636
"TPL_003",105,41.3335011851651
"TPL_003",106,42.072234512627
"TPL_003",107,42.8293436692223
"TPL_003",108,42.88797813947
"TPL_003",109,43.0383633291064
"TPL_003",110,43.1787807356053
"TPL_003",111,43.2620036486672
"TPL_003",112,43.4455754642146
"TPL_003",113,43.5377721755243
"TPL_003",114,43.6097409219434
"TPL_003",115,44.1451915629977
"TPL_003",116,44.3536641054198
"TPL_003",117,45.344691892652
"TPL_003",118,45.9198577655267
"TPL_003",119,46.4110043524382
"TPL_003",120,46.5350307018735
"TPL_003",121,46.8697826341932
"TPL_003",122,47.2460639511611
"TPL_003",123,47.4231548678592
"TPL_003",124,47.6878740684568
"TPL_003",125,47.8402058267475
"TPL_003",126,47.9262867884292
"TPL_003",127,48.1541174680658
"TPL_003",128,48.4924849098195
"TPL_003",129,48.7488920412386
"TPL_003",130,48.7894078648762
"TPL_003",131,48.985762416726
"TPL_003",132,49.1741155944127
"TPL_003",133,49.3489293975261
"TPL_003",134,49.5007790235415
"TPL_003",135,49.6127744739302
"TPL_003",136,49.7131620534974
"TPL_003",137,49.9283235716675
"TPL_003",138,50.2121486308324
"TPL_003",139,50.3643327504256
"TPL_003",140,50.6477070832854
"TPL_003",141,51.101881702748
"TPL_003",142,51.3509767554909
"TPL_003",143,51.4850887252634
"TPL_003",144,51.718651298982
"TPL_003",145,52.0760887190151
"TPL_003",146,52.9182973695399
"TPL_003",147,53.4151454309161
"TPL_003",148,54.0147212650893
"TPL_003",149,54.6017177641137
"TPL_003",150,55.2303205180491
"TPL_003",151,55.9602091836066
"TPL_003",152,56.5952358461562
"TPL_003",153,57.3057532107296
"TPL_003",154,58.0389383080907
"TPL_003",155,58.6054403838658
"TPL_003",156,59.3036952406929
"TPL_003",157,59.8198955150322
"TPL_003",158,60.4875128628795
"TPL_003",159,61.1841581476641
"TPL_003",160,61.8381688220783
"TPL_003",161,64.7473680267467
"TPL_003",162,67.2476680411383
"TPL_003",163,67.9460023974566
"TPL_003",164,69.057993639592
"TPL_004",1,0
"TPL_004",2,0.251812282930861
"TPL_004",3,0.485468039806504
"TPL_004",4,1.01754387126984
"TPL_004",5,1.39837360773817
"TPL_004",6,1.58489259903516
"TPL_004",7,1.91612197925334
"TPL_004",8,2.17082380269657
"TPL_004",9,2.73839105969145
"TPL_004",10,3.10223062334555
"TPL_004",11,3.39029228747821
"TPL_004",12,3.84563026323151
"TPL_004",13,4.27554527420366
"TPL_004",14,4.56018465459136
"TPL_004",15,5.02979574601192
"TPL_004",16,5.45304052176472
"TPL_004",17,5.82465277744997
"TPL_004",18,5.97450195288881
"TPL_004",19,6.2238869532662
"TPL_004",20,6.57254765522445
"TPL_004",21,6.88866919122569
"TPL_004",22,7.12657689368673
"TPL_004",23,7.97616384174567
"TPL_004",24,8.51916415387613
"TPL_004",25,9.93957958198162
"TPL_004",26,10.3329083234382
"TPL_004",27,10.4292417132743
"TPL_004",28,10.5785967511484
"TPL_004",29,10.8175352791057
"TPL_004",30,11.3173251932873
"TPL_004",31,12.5613005270019
"TPL_004",32,13.3575816384346
"TPL_004",33,13.533021471243
"TPL_004",34,13.7206994197127
"TPL_004",35,13.8185156259165
"TPL_004",36,14.4545093282477
"TPL_004",37,15.2022976213908
"TPL_004",38,15.6449209283732
"TPL_004",39,15.7953360983151
"TPL_004",40,16.0354821344016
"TPL_004",41,16.5341235665315
"TPL_004",42,16.9438154196507
"TPL_004",43,16.971204924069
"TPL_004",44,17.0408998954908
"TPL_004",45,17.0815888315399
"TPL_004",46,17.4107690864544
"TPL_004",47,17.5539425584976
"TPL_004",48,17.6655537792443
"TPL_004",49,17.7996727637816
"TPL_004",50,17.8651911290025
"TPL_004",51,18.5273733399443
"TPL_004",52,18.8638394132063
"TPL_004",53,19.4178612088643
"TPL_004",54,19.7449996182965
"TPL_004",55,19.9062684580603
"TPL_004",56,20.0526797982773
"TPL_004",57,20.3384416861322
"TPL_004",58,20.5993988290981
"TPL_004",59,20.6721453019719
"TPL_004",60,21.3965601874093
"TPL_004",61,21.5608085195163
"TPL_004",62,21.7122370693582
"TPL_004",63,22.6448389862181
"TPL_004",64,23.2645555625083
"TPL_004",65,23.9546660520074
"TPL_004",66,24.2199175091515
"TPL_004",67,24.4491498584353
"TPL_004",68,24.6583039596633
"TPL_004",69,24.839323005129
"TPL_004",70,24.9361289866414
"TPL_004",71,25.1706654715278
"TPL_004",72,25.3643894837432
"TPL_004",73,25.6415309735977
"TPL_004",74,25.8124549480423
"TPL_004",75,25.9094611547902
"TPL_004",76,25.9823140659823
"TPL_004",77,26.0740020087474
"TPL_004",78,26.1346399312219
"TPL_004",79,26.2075691521125
"TPL_004",80,26.3096507004104
"TPL_004",81,26.3744920707775
"TPL_004",82,26.4468102965579
"TPL_004",83,26.5179639376904
"TPL_004",84,26.650823847122
"TPL_004",85,26.8082605852897
"TPL_004",86,27.0943309172357
"TPL_004",87,27.3568812022264
"TPL_004",88,27.5573760515552
"TPL_004",89,27.7686006018624
"TPL_004",90,28.12526601504
"TPL_004",91,28.4948634719265
"TPL_004",92,28.7299486794075
"TPL_004",93,28.9343633635782
"TPL_004",94,29.231650857809
"TPL_004",95,29.5343781234416
"TPL_004",96,29.8276277379312
"TPL_004",97,30.0430719474379
"TPL_004",98,30.2366679777953
"TPL_004",99,31.2959350337037
"TPL_004",100,32.2049359948903
"TPL_004",101,32.4505638882303
"TPL_004",102,32.815628540068
"TPL_004",103,33.3657694147567
"TPL_004",104,33.4115062531213
"TPL_004",105,33.5314290574599
"TPL_004",106,33.6757111421429
"TPL_004",107,33.8197616577357
"TPL_004",108,34.0636047732845
"TPL_004",109,34.1567887628129
"TPL_004",110,34.6843432653093
"TPL_004",111,34.7284748320152
"TPL_004",112,34.7620992994185
"TPL_004",113,34.9939973467863
"TPL_004",114,35.2166177929048
"TPL_004",115,35.3140091918771
"TPL_004",116,35.3942968729497
"TPL_004",117,35.4571648444407
"TPL_004",118,35.5041674814939
"TPL_004",119,35.7255324029476
"TPL_004",120,36.093259136047
"TPL_004",121,36.3803469957761
"TPL_004",122,36.8702104644434
"TPL_004",123,37.0214843336452
"TPL_004",124,37.5092600992607
"TPL_004",125,38.1739523445741
"TPL_004",126,39.1170091389447
"TPL_004",127,39.4982225868517
"TPL_004",128,40.7204859619876
"TPL_004",129,41.10905374163
"TPL_004",130,41.4663533687817
"TPL_004",131,41.9711741700417
"TPL_004",132,42.4290985092094
"TPL_004",133,42.7774771434602
"TPL_004",134,43.3687167638318
"TPL_004",135,43.9594796777343
"TPL_004",136,44.5303623231266
"TPL_004",137,45.0850216376744
"TPL_004",138,45.515031752098
"TPL_004",139,46.2003243498076
"TPL_004",140,46.6489883476452
"TPL_004",141,50.7408192590859
"TPL_004",142,51.6341737530139
"TPL_004",143,52.3661906044128
"TPL_004",144,53.3641604863874
"TPL_004",145,54.2191746250018
"TPL_004",146,54.873285188715
"TPL_004",147,55.6128011581848
"TPL_004",148,56.4760178423947
"TPL_004",149,57.2461939745617
"TPL_004",150,58.3418849339304
"TPL_004",151,59.585713006352
"TPL_004",152,60.534236553152
"TPL_004",153,61.3091440271473
"TPL_004",154,62.0180498014404
"TPL_004",155,66.0965873439531
"TPL_005",1,0
"TPL_005",2,0.969133212284651
"TPL_005",3,1.26477308849006
"TPL_005",4,1.54054732298981
"TPL_005",5,1.90046579719724
"TPL_005",6,2.27125765568452
"TPL_005",7,2.68551985951813
"TPL_005",8,2.99889388118651
"TPL_005",9,3.33864227594947
"TPL_005",10,3.78789434461601
"TPL_005",11,4.39765332898325
"TPL_005",12,4.80119772642043
"TPL_005",13,4.95249842588982
"TPL_005",14,5.3456026706737
"TPL_005",15,5.57410156265868
"TPL_005",16,5.7111131319777
"TPL_005",17,5.82498977870514
"TPL_005",18,5.89521528517702
"TPL_005",19,5.99483747802317
"TPL_005",20,6.39418229479123
"TPL_005",21,6.77666237016285
"TPL_005",22,7.18412585928719
"TPL_005",23,7.53456350152374
"TPL_005",24,7.69370748343481
"TPL_005",25,8.26755810761704
"TPL_005",26,8.56545467325183
"TPL_005",27,8.86373155507838
"TPL_005",28,9.46089418213783
"TPL_005",29,9.83826991499235
"TPL_005",30,10.1711860325209
"TPL_005",31,10.8964495467954
"TPL_005",32,11.3609220603178
"TPL_005",33,11.826606018276
"TPL_005",34,12.2527401740212
"TPL_005",35,12.7846630904686
"TPL_005",36,16.5909856902764
"TPL_005",37,16.9496192835737
"TPL_005",38,17.4957178468149
"TPL_005",39,17.8888622958664
"TPL_005",40,18.3805957206364
"TPL_005",41,18.7773190648191
"TPL_005",42,19.2098904421839
"TPL_005",43,19.6569091659257
"TPL_005",44,20.1155147427957
"TPL_005",45,20.5633034375096
"TPL_005",46,20.9920180048392
"TPL_005",47,21.5312118451973
"TPL_005",48,22.0427982772434
"TPL_005",49,22.5885494427587
"TPL_005",50,23.0025422509222
"TPL_005",51,23.4138044440971
"TPL_005",52,23.8627453355592
"TPL_005",53,24.2661149341165
"TPL_005",54,24.7016831655374
"TPL_005",55,25.2973659313743
"TPL_005",56,25.8669115371878
"TPL_005",57,26.64208281819
"TPL_005",58,27.2306579917559
"TPL_005",59,27.334209521121
"TPL_005",60,27.5725313250168
"TPL_005",61,27.9786190264912
"TPL_005",62,28.4250905083389
"TPL_005",63,28.8446058550797
"TPL_005",64,29.1959749484241
"TPL_005",65,29.7588044585466
"TPL_005",66,29.8204108590505
"TPL_005",67,29.9016667658274
"TPL_005",68,29.9977675671335
"TPL_005",69,30.5810293038522
"TPL_005",70,31.1848966675752
"TPL_005",71,31.4723134371165
"TPL_005",72,31.7518635456364
"TPL_005",73,31.9914783744596
"TPL_005",74,32.3132734110872
"TPL_005",75,32.7037676749745
"TPL_005",76,33.1469105153745
"TPL_005",77,33.4251561371594
"TPL_005",78,33.6258735094685
"TPL_005",79,33.9152272175362
"TPL_005",80,34.1824482857249
"TPL_005",81,34.618046162758
"TPL_005",82,34.9552138528764
"TPL_005",83,35.2577268725056
"TPL_005",84,35.49813729153
"TPL_005",85,36.3113496608783
"TPL_005",86,36.8282746763014
"TPL_005",87,37.2280634953222
"TPL_005",88,37.6757028514729
"TPL_005",89,38.1886011244008
"TPL_005",90,38.7093143894417
"TPL_005",91,39.1305373148138
"TPL_005",92,39.7573672767702
"TPL_005",93,40.3947532983765
"TPL_005",94,41.0881444982084
"TPL_005",95,41.3578293785801
"TPL_005",96,41.7324977398918
"TPL_005",97,42.3192424074874
"TPL_005",98,42.8701223909409
"TPL_005",99,43.5206183889021
"TPL_005",100,44.0178103977543
"TPL_005",101,44.7662610925352
"TPL_005",102,45.2346154684689
"TPL_005",103,45.975114445808
"TPL_005",104,48.8278969198937
"TPL_005",105,49.5805627421643
"TPL_005",106,50.259934363154
"TPL_005",107,50.7288225161256
"TPL_005",108,51.0709183453252
"TPL_005",109,51.5807184288191
"TPL_005",110,51.6354195519946
"TPL_005",111,51.6833515257816
"TPL_005",112,51.7503539395615
"TPL_005",113,51.8304314178882
"TPL_005",114,51.8846172927663
"TPL_005",115,51.9489752269318
"TPL_005",116,52.0506061578819
"TPL_005",117,52.2285226950491
"TPL_005",118,52.5544943419158
"TPL_005",119,52.7841257490777
"TPL_005",120,53.0556222140181
"TPL_005",121,53.7825062070877
"TPL_005",122,53.8765580576688
"TPL_005",123,53.900093434915
"TPL_005",124,54.0114355460161
"TPL_005",125,54.2769042264543
"TPL_005",126,54.369126197399
"TPL_005",127,54.4050699540575
"TPL_005",128,54.5859908620746
"TPL_005",129,54.6296219212601
"TPL_005",130,55.0712587033684
"TPL_005",131,55.4545722516943
"TPL_005",132,55.6394707924217
"TPL_005",133,56.0394349653121
"TPL_005",134,56.2515403683015
"TPL_005",135,56.6120937747266
"TPL_005",136,56.8052962048413
"TPL_005",137,56.9765209671946
"TPL_005",138,57.1790622278174
"TPL_005",139,57.4789843727012
"TPL_005",140,57.5162362902023
"TPL_005",141,57.9344948440233
"TPL_005",142,58.190799293076
"TPL_005",143,58.4893328950746
"TPL_005",144,59.2975071952271
"TPL_005",145,60.4263857676989
"TPL_005",146,60.6730983825556
"TPL_005",147,60.9074744425964
"TPL_005",148,61.1080517311395
"TPL_005",149,61.2398282901127
"TPL_005",150,61.4065219420458
"TPL_005",151,61.483233324128
"TPL_005",152,62.0178884262343
"TPL_005",153,62.1949175874714
"TPL_005",154,62.2923227119592
"TPL_005",155,62.4779152766114
"TPL_005",156,62.6038763268003
"TPL_005",157,62.7402211604703
"TPL_005",158,65.0664704199234
"TPL_005",159,65.5726987798982
"TPL_006",1,0
"TPL_006",2,0.454626724759327
"TPL_006",3,0.878948202246902
"TPL_006",4,1.53623958831297
"TPL_006",5,1.88780450410592
"TPL_006",6,2.32622282182894
"TPL_006",7,2.77296382173945
"TPL_006",8,3.18460914911833
"TPL_006",9,3.50805237285872
"TPL_006",10,4.00445746462901
"TPL_006",11,4.50759995606218
"TPL_006",12,5.10314900903731
"TPL_006",13,5.5580321586223
"TPL_006",14,7.36141082071677
"TPL_006",15,9.22929009036139
"TPL_006",16,10.8665090276392
"TPL_006",17,13.1927523857384
"TPL_006",18,13.8748295101583
"TPL_006",19,14.52925267474
"TPL_006",20,15.0507093161695
"TPL_006",21,15.6567558176603
"TPL_006",22,16.1279113701983
"TPL_006",23,16.7431569384037
"TPL_006",24,17.3832485919787
"TPL_006",25,18.0100148544312
"TPL_006",26,18.4460048934293
"TPL_006",27,19.0158203587918
"TPL_006",28,19.5092184786856
"TPL_006",29,20.0334604984458
"TPL_006",30,20.5896192434993
"TPL_006",31,21.0968332137708
"TPL_006",32,21.7009536009064
"TPL_006",33,22.1239586240805
"TPL_006",34,22.7491263388587
"TPL_006",35,23.2825333217824
"TPL_006",36,28.1958532098415
"TPL_006",37,29.31878867607
"TPL_006",38,29.491258670929
"TPL_006",39,29.7595931531108
"TPL_006",40,29.8216306618709
"TPL_006",41,30.0310637593894
"TPL_006",42,30.2882526181679
"TPL_006",43,30.5129547125138
"TPL_006",44,30.7054657590546
"TPL_006",45,31.1089152806407
"TPL_006",46,31.4940330554663
"TPL_006",47,31.8917441956467
"TPL_006",48,32.1257431826648
"TPL_006",49,32.5634047585333
"TPL_006",50,32.7478487245468
"TPL_006",51,33.0528555491667
"TPL_006",52,33.3600595124707
"TPL_006",53,33.7327525505478
"TPL_006",54,34.2553978066
"TPL_006",55,34.4416428818508
"TPL_006",56,34.6819123092855
"TPL_006",57,35.0259905989192
"TPL_006",58,35.2764582685941
"TPL_006",59,35.4441829699583
"TPL_006",60,35.9301912634589
"TPL_006",61,36.0514980629388
"TPL_006",62,36.1497729147493
"TPL_006",63,36.3255427501263
"TPL_006",64,36.8602066997213
"TPL_006",65,37.0571310605414
"TPL_006",66,37.2063636702022
"TPL_006",67,37.3491462441241
"TPL_006",68,37.56927489926
"TPL_006",69,37.6953682646372
"TPL_006",70,37.7981029111434
"TPL_006",71,38.4884397982221
"TPL_006",72,39.1224316611573
"TPL_006",73,39.4106002389471
"TPL_006",74,40.3176854797519
"TPL_006",75,40.5042560542801
"TPL_006",76,40.6278400309208
"TPL_006",77,40.728263203376
"TPL_006",78,41.0114466119392
"TPL_006",79,41.5798610627043
"TPL_006",80,42.3263699272868
"TPL_006",81,42.6923700773938
"TPL_006",82,42.8823476357082
"TPL_006",83,43.5337956217827
"TPL_006",84,44.0458391593836
"TPL_006",85,44.6419636077898
"TPL_006",86,45.1887910051957
"TPL_006",87,45.5186720727173
"TPL_006",88,46.2891476710255
"TPL_006",89,46.8897245044553
"TPL_006",90,47.1373803481184
"TPL_006",91,47.2258849712969
"TPL_006",92,47.3161942933969
"TPL_006",93,47.5341779645957
"TPL_006",94,47.657132689373
"TPL_006",95,47.7751620021166
"TPL_006",96,48.2836406859553
"TPL_006",97,48.5427899451009
"TPL_006",98,48.6172043226503
"TPL_006",99,48.7169689841713
"TPL_006",100,48.8290295446376
"TPL_006",101,48.9163172464321
"TPL_006",102,48.9652451780349
"TPL_006",103,49.0169157975196
"TPL_006",104,49.0945391372763
"TPL_006",105,49.3183403404114
"TPL_006",106,49.8280795739909
"TPL_006",107,50.562910632259
"TPL_006",108,51.1171787515371
"TPL_006",109,51.2942374260685
"TPL_006",110,51.5089278898749
"TPL_006",111,51.6245579507595
"TPL_006",112,51.7825245222285
"TPL_006",113,51.8509439530916
"TPL_006",114,52.376302020335
"TPL_006",115,52.4843787274092
"TPL_006",116,52.5854723401171
"TPL_006",117,53.0470041854932
"TPL_006",118,53.8839268701596
"TPL_006",119,53.9976811379746
"TPL_006",120,54.0298673628591
"TPL_006",121,54.2319046589937
"TPL_006",122,54.3173469933196
"TPL_006",123,54.3835329674345
"TPL_006",124,54.4419681313244
"TPL_006",125,54.4905497014857
"TPL_006",126,54.5948576776636
"TPL_006",127,54.9035398342487
"TPL_006",128,54.935346503718
"TPL_006",129,55.1378958748846
"TPL_006",130,55.5973910076886
"TPL_006",131,55.7053805778761
"TPL_006",132,56.4714718599048
"TPL_006",133,56.4929019718087
"TPL_006",134,56.7062262138438
"TPL_006",135,56.7517102846759
"TPL_006",136,56.8388683254919
"TPL_006",137,56.9025811989561
"TPL_006",138,57.1055172209077
"TPL_006",139,57.3160532876101
"TPL_006",140,57.8792192422612
"TPL_006",141,58.0647093863361
"TPL_006",142,61.0622565723624
"TPL_006",143,61.5713449942061
"TPL_006",144,62.005557886464
"TPL_006",145,62.4568230696106
"TPL_006",146,62.7744723787161
"TPL_006",147,63.2031092861896
"TPL_006",148,63.6093367928674
"TPL_006",149,63.776194437963
"TPL_006",150,64.142560096872
"TPL_006",151,64.7399785749081
"TPL_006",152,65.0771410102322
"TPL_006",153,65.3085166618417
"TPL_006",154,65.7860408211537
"TPL_006",155,66.3177395086666
"TPL_006",156,66.7372628779402
"TPL_006",157,66.8336835621251
"TPL_006",158,66.9357427784255
"TPL_006",159,67.0995119510573
"TPL_006",160,67.2249850782114
"TPL_006",161,67.3206071714209
"TPL_006",162,67.6886065533609
"TPL_006",163,68.1470084535987
"TPL_006",164,68.3338635443393
"TPL_006",165,68.5600003175869
"TPL_006",166,68.8770428657403
"TPL_006",167,69.1018870878262
"TPL_006",168,69.5783166315498
"TPL_006",169,69.834260856952
"TPL_006",170,70.4571412566487
"TPL_006",171,71.0119184354459
"TPL_006",172,71.1559170037163
"TPL_006",173,71.5849666798059
"TPL_006",174,71.885149173853
"TPL_007",1,0
"TPL_007",2,0.509513431265182
"TPL_007",3,1.08307782568881
"TPL_007",4,1.54158572735458
"TPL_007",5,2.10320107605299
"TPL_007",6,2.47921769281746
"TPL_007",7,2.9343166153275
"TPL_007",8,3.43085317803509
"TPL_007",9,3.96994757069923
"TPL_007",10,4.41257647856745
"TPL_007",11,4.92203745807529
"TPL_007",12,5.40619264756919
"TPL_007",13,5.57805804921238
"TPL_007",14,5.88430717597614
"TPL_007",15,6.16885539557828
"TPL_007",16,6.60553111747139
"TPL_007",17,7.43100082970402
"TPL_007",18,7.66968980117927
"TPL_007",19,7.73562905695367
"TPL_007",20,7.88020778619203
"TPL_007",21,8.21020595855148
"TPL_007",22,8.45922576015319
"TPL_007",23,8.76175928772298
"TPL_007",24,9.40882469824811
"TPL_007",25,9.86438616364263
"TPL_007",26,10.4686587589986
"TPL_007",27,11.0246315106415
"TPL_007",28,11.7024728982274
"TPL_007",29,11.9924041089262
"TPL_007",30,12.3122026571753
"TPL_007",31,12.9133110508647
"TPL_007",32,13.1920722545614
"TPL_007",33,13.5556965904297
"TPL_007",34,14.0006647638619
"TPL_007",35,14.7306013083238
"TPL_007",36,15.4257457136473
"TPL_007",37,15.9682960987879
"TPL_007",38,16.7267160867466
"TPL_007",39,17.4824369280538
"TPL_007",40,18.1224293106373
"TPL_007",41,18.2059861835273
"TPL_007",42,18.2852437708628
"TPL_007",43,18.4665284767129
"TPL_007",44,18.5438855440709
"TPL_007",45,18.7201814118488
"TPL_007",46,18.8504535566849
"TPL_007",47,19.1431021649242
"TPL_007",48,19.6326335363897
"TPL_007",49,20.2400489308688
"TPL_007",50,20.4691567697317
"TPL_007",51,21.0287496974147
"TPL_007",52,21.2562598926337
"TPL_007",53,21.6373599117209
"TPL_007",54,21.9343852723103
"TPL_007",55,22.075607882437
"TPL_007",56,22.4297988908795
"TPL_007",57,22.656550327959
"TPL_007",58,22.7936361826261
"TPL_007",59,23.1349472349163
"TPL_007",60,23.5763395373064
"TPL_007",61,23.7487803751306
"TPL_007",62,23.9590831254795
"TPL_007",63,24.2153125136119
"TPL_007",64,24.4612346026989
"TPL_007",65,24.641760896828
"TPL_007",66,24.8216658409534
"TPL_007",67,25.0830676875189
"TPL_007",68,25.2582367538891
"TPL_007",69,25.4020750030241
"TPL_007",70,25.6562214070535
"TPL_007",71,25.7834917998178
"TPL_007",72,25.9580523885842
"TPL_007",73,26.5544358703685
"TPL_007",74,27.1643737384538
"TPL_007",75,27.8079394026168
"TPL_007",76,28.7992139672982
"TPL_007",77,29.5685205712669
"TPL_007",78,30.0803016858221
"TPL_007",79,30.7829072868227
"TPL_007",80,31.6913539843109
"TPL_007",81,32.5424598777334
"TPL_007",82,33.2741952797537
"TPL_007",83,34.0611361607178
"TPL_007",84,34.7421673339705
"TPL_007",85,35.4273210001816
"TPL_007",86,36.0747677650012
"TPL_007",87,36.914755384991
"TPL_007",88,37.4832283609329
"TPL_007",89,41.0329856156619
"TPL_007",90,41.7441315743533
"TPL_007",91,42.2697699920487
"TPL_007",92,45.1958035959144
"TPL_007",93,45.670092780288
"TPL_007",94,46.8288088844187
"TPL_007",95,47.2776384181114
"TPL_007",96,47.7387967858321
"TPL_007",97,48.2794520398639
"TPL_007",98,48.730008107206
"TPL_007",99,49.1605444620409
"TPL_007",100,49.7874711118625
"TPL_007",101,50.0885869353105
"TPL_007",102,50.2568311505474
"TPL_007",103,50.3436104182747
"TPL_007",104,50.6337320555249
"TPL_007",105,50.8328477990042
"TPL_007",106,51.4776319926439
"TPL_007",107,51.5917660427687
"TPL_007",108,51.6627719063377
"TPL_007",109,51.7369803441872
"TPL_007",110,51.9666834499734
"TPL_007",111,52.1103044196911
"TPL_007",112,52.2857225365712
"TPL_007",113,52.6141879787166
"TPL_007",114,52.7418423867964
"TPL_007",115,53.3949013199772
"TPL_007",116,54.5936179603824
"TPL_007",117,54.7234096139229
"TPL_007",118,55.7634266457601
"TPL_007",119,56.164823298035
"TPL_007",120,56.3603511008049
"TPL_007",121,56.5578603885121
"TPL_007",122,56.7475848346539
"TPL_007",123,57.1604350113128
"TPL_007",124,57.49769820258
"TPL_007",125,58.0098642639706
"TPL_007",126,58.167909073919
"TPL_007",127,58.3344785321923
"TPL_007",128,58.5175793430622
"TPL_007",129,58.6381347675422
"TPL_007",130,58.7595229713364
"TPL_007",131,59.1807263864464
"TPL_007",132,59.4565989500024
"TPL_007",133,59.5948183996439
"TPL_007",134,60.2545691456225
"TPL_007",135,60.3772762607012
"TPL_007",136,60.4474739245973
"TPL_007",137,60.5183081107099
"TPL_007",138,60.5741003136578
"TPL_007",139,60.7239889355755
"TPL_007",140,60.9297353445124
"TPL_007",141,61.0045053888274
"TPL_007",142,61.3097467841806
"TPL_007",143,61.4092154163092
"TPL_007",144,61.5899479975718
"TPL_007",145,61.8453983856147
"TPL_007",146,62.3013375970092
"TPL_007",147,62.7789212094529
"TPL_007",148,62.9250285832306
"TPL_007",149,63.1323949899898
"TPL_007",150,63.2432955863702
"TPL_007",151,63.5727640009403
"TPL_007",152,63.9168566891325
"TPL_007",153,64.2233646952107
"TPL_008",1,0
"TPL_008",2,0.453576930780251
"TPL_008",3,0.8583312638103
"TPL_008",4,1.37938105805272
"TPL_008",5,1.79918333512365
"TPL_008",6,2.25208531451755
"TPL_008",7,2.68701568422369
"TPL_008",8,3.13576504458283
"TPL_008",9,3.5973348880613
"TPL_008",10,4.01681034696782
"TPL_008",11,4.46733341242377
"TPL_008",12,4.94512282467646
"TPL_008",13,5.45719380563123
"TPL_008",14,5.86464570698215
"TPL_008",15,10.7043284435093
"TPL_008",16,11.2818338353907
"TPL_008",17,11.80290079922
"TPL_008",18,12.1475041751052
"TPL_008",19,13.607368899989
"TPL_008",20,14.0936349750397
"TPL_008",21,14.3561184450995
"TPL_008",22,14.7503550325189
"TPL_008",23,15.2313585014035
"TPL_008",24,15.4922862324155
"TPL_008",25,15.8893972917002
"TPL_008",26,16.28055400945
"TPL_008",27,16.5247640845265
"TPL_008",28,16.7366620265794
"TPL_008",29,16.8342706447652
"TPL_008",30,16.9181522080703
"TPL_008",31,17.1109364744082
"TPL_008",32,17.2384953790903
"TPL_008",33,17.3660092686881
"TPL_008",34,17.8520449058265
"TPL_008",35,18.0166084813807
"TPL_008",36,18.1764223886687
"TPL_008",37,18.2908091499351
"TPL_008",38,18.3673850462753
"TPL_008",39,18.4534438150338
"TPL_008",40,18.5049544075575
"TPL_008",41,18.6193381859118
"TPL_008",42,18.9587123432552
"TPL_008",43,20.0378854314571
"TPL_008",44,20.3996083109137
"TPL_008",45,20.9928238329083
"TPL_008",46,21.7304621724445
"TPL_008",47,22.2348652506174
"TPL_008",48,22.4043331135739
"TPL_008",49,22.8201502802623
"TPL_008",50,23.1208866629719
"TPL_008",51,23.3051160790647
"TPL_008",52,24.1397187701713
"TPL_008",53,24.4105507586097
"TPL_008",54,24.9081193147124
"TPL_008",55,25.2101013845522
"TPL_008",56,25.4579724120188
"TPL_008",57,25.5058922389027
"TPL_008",58,25.573751832365
"TPL_008",59,25.6589224842779
"TPL_008",60,25.7488587340749
"TPL_008",61,25.7940282779883
"TPL_008",62,25.9028895340021
"TPL_008",63,25.9820936891826
"TPL_008",64,26.3532412959383
"TPL_008",65,26.5466032735539
"TPL_008",66,26.9443365534584
"TPL_008",67,27.0844824490254
"TPL_008",68,27.3996127750098
"TPL_008",69,28.1790786556685
"TPL_008",70,28.8273610163706
"TPL_008",71,29.1033720288181
"TPL_008",72,29.6808620926817
"TPL_008",73,29.9565446660735
"TPL_008",74,30.3392528819827
"TPL_008",75,30.6493060629118
"TPL_008",76,31.0571780546271
"TPL_008",77,31.5046942830725
"TPL_008",78,31.709510389536
"TPL_008",79,31.8905655876459
"TPL_008",80,36.6662322449223
"TPL_008",81,36.7490059741628
"TPL_008",82,37.1307420050221
"TPL_008",83,37.1509785033541
"TPL_008",84,37.3084823829649
"TPL_008",85,37.6882942610439
"TPL_008",86,38.031126878586
"TPL_008",87,38.0941545778341
"TPL_008",88,38.3417988422027
"TPL_008",89,38.7344109489883
"TPL_008",90,38.896524589397
"TPL_008",91,39.1345268670048
"TPL_008",92,39.2839434693555
"TPL_008",93,39.7509465447443
"TPL_008",94,40.0137137473504
"TPL_008",95,40.0521714596772
"TPL_008",96,40.0742980981623
"TPL_008",97,40.1150593146007
"TPL_008",98,40.1905637530433
"TPL_008",99,40.266951700005
"TPL_008",100,40.3995817961221
"TPL_008",101,40.464832501458
"TPL_008",102,40.6796664824797
"TPL_008",103,40.7405626161559
"TPL_008",104,41.4230754121524
"TPL_008",105,41.4543034931986
"TPL_008",106,41.4782051120608
"TPL_008",107,41.5829681564203
"TPL_008",108,41.6390331180309
"TPL_008",109,42.0263632399384
"TPL_008",110,42.1079035627224
"TPL_008",111,42.1686341960542
"TPL_008",112,42.2299033255372
"TPL_008",113,42.6190615772033
"TPL_008",114,43.3075302102615
"TPL_008",115,44.0099503180459
"TPL_008",116,44.6575485176339
"TPL_008",117,45.2399063054118
"TPL_008",118,45.5766752096083
"TPL_008",119,46.0482914654046
"TPL_008",120,46.4461992814013
"TPL_008",121,46.8450701058319
"TPL_008",122,47.5195467468556
"TPL_008",123,48.1240852142272
"TPL_008",124,48.6510043496983
"TPL_008",125,49.1223619774178
"TPL_008",126,49.5285575368692
"TPL_008",127,50.109121192116
"TPL_008",128,53.0711732471918
"TPL_008",129,55.0620748309974
"TPL_008",130,55.5019071217755
"TPL_008",131,55.8269227559415
"TPL_008",132,56.02245701412
"TPL_008",133,56.2294360858987
"TPL_008",134,56.613150493851
"TPL_008",135,56.9197513738151
"TPL_008",136,57.172687465718
"TPL_008",137,57.373137743834
"TPL_008",138,57.5889896760354
"TPL_008",139,57.9885397726292
"TPL_008",140,58.3314429360045
"TPL_008",141,58.7486089283843
"TPL_008",142,59.1001497737212
"TPL_008",143,59.6275532316815
"TPL_008",144,59.898258015027
"TPL_008",145,60.1883069112603
"TPL_008",146,60.3868365775475
"TPL_008",147,60.8467414295723
"TPL_008",148,61.1815881156384
"TPL_008",149,61.6567035613683
"TPL_008",150,61.998343572897
"TPL_008",151,62.2712994987218
"TPL_008",152,62.5042578724038
"TPL_008",153,62.9153779078658
"TPL_008",154,63.3019269263155
"TPL_008",155,63.6936572064373
"TPL_008",156,64.203891993462
"TPL_008",157,64.5165463672618
"TPL_008",158,64.7728878324388
"TPL_008",159,65.0332752717452
"TPL_008",160,65.3970044335671
"TPL_008",161,65.8530365021334
"TPL_008",162,66.7477393531437
"TPL_008",163,67.1785336446966
"TPL_008",164,67.3744189889922
"TPL_008",165,67.6156653071326
"TPL_008",166,67.688346598729
"TPL_008",167,67.7776843298579
"TPL_008",168,67.8836285121172
"TPL_008",169,68.5251365580678
"TPL_008",170,68.9981234630197
"TPL_008",171,70.4801727463278
"TPL_009",1,0
"TPL_009",2,1.44042575463187
"TPL_009",3,1.80619605858313
"TPL_009",4,2.29174716528839
"TPL_009",5,3.02660225900276
"TPL_009",6,3.2427790494561
"TPL_009",7,3.63468081482633
"TPL_009",8,4.05268781275029
"TPL_009",9,4.14342714563163
"TPL_009",10,4.48862023966608
"TPL_009",11,5.09555172392523
"TPL_009",12,5.30271665724875
"TPL_009",13,5.45777835803651
"TPL_009",14,5.61288595797528
"TPL_009",15,5.76436578209398
"TPL_009",16,5.982546643794
"TPL_009",17,6.72250088516752
"TPL_009",18,6.8388220137576
"TPL_009",19,7.62367423378779
"TPL_009",20,7.68257798554418
"TPL_009",21,7.90291505978776
"TPL_009",22,7.94645597020709
"TPL_009",23,7.98446919612125
"TPL_009",24,8.04389861248556
"TPL_009",25,8.14483736813667
"TPL_009",26,8.2229722302699
"TPL_009",27,8.27222418128011
"TPL_009",28,8.31900333784503
"TPL_009",29,8.61567754904979
"TPL_009",30,8.84240305617836
"TPL_009",31,9.13154252017188
"TPL_009",32,9.38105834713417
"TPL_009",33,9.93428920338976
"TPL_009",34,10.7394337243511
"TPL_009",35,10.8566354109759
"TPL_009",36,10.8910296559884
"TPL_009",37,11.2320099421497
"TPL_009",38,11.7014910607307
"TPL_009",39,11.9717073205787
"TPL_009",40,12.6567710196277
"TPL_009",41,12.9591513433108
"TPL_009",42,13.2208199782156
"TPL_009",43,13.6993434491716
"TPL_009",44,14.1037837619029
"TPL_009",45,14.7108834028819
"TPL_009",46,15.1906809332898
"TPL_009",47,15.5541634607129
"TPL_009",48,15.9553405459751
"TPL_009",49,16.213391551584
"TPL_009",50,16.4594161008092
"TPL_009",51,16.8495831941063
"TPL_009",52,17.2325052780369
"TPL_009",53,17.4915102689417
"TPL_009",54,22.4398259443587
"TPL_009",55,23.1572261933671
"TPL_009",56,24.2800819907107
"TPL_009",57,24.5624653793835
"TPL_009",58,24.8703839907997
"TPL_009",59,25.8369288535356
"TPL_009",60,26.0003051116532
"TPL_009",61,26.1118972487879
"TPL_009",62,26.2045696205026
"TPL_009",63,26.3211180478458
"TPL_009",64,26.4021098129482
"TPL_009",65,26.4799041376476
"TPL_009",66,26.6099282048484
"TPL_009",67,26.7891059908571
"TPL_009",68,27.809009948589
"TPL_009",69,28.0757470802325
"TPL_009",70,28.2423846335835
"TPL_009",71,28.8639300111601
"TPL_009",72,29.0805795411746
"TPL_009",73,29.3970334703402
"TPL_009",74,29.578472002535
"TPL_009",75,29.7737308721001
"TPL_009",76,30.0785435869647
"TPL_009",77,30.3128381842287
"TPL_009",78,30.6806209678203
"TPL_009",79,30.994327269163
"TPL_009",80,31.1559185108819
"TPL_009",81,31.3832529842348
"TPL_009",82,31.8235685530309
"TPL_009",83,31.9409070183745
"TPL_009",84,32.0935426790815
"TPL_009",85,32.3712708418886
"TPL_009",86,32.6245499440539
"TPL_009",87,32.8203727344429
"TPL_009",88,33.0585827067441
"TPL_009",89,33.1887215049645
"TPL_009",90,33.3631878406845
"TPL_009",91,33.5041299803286
"TPL_009",92,33.6941464350051
"TPL_009",93,33.8509735430795
"TPL_009",94,34.0960829869146
"TPL_009",95,34.2265839451256
"TPL_009",96,34.4050793241612
"TPL_009",97,34.703920535128
"TPL_009",98,34.8653934767584
"TPL_009",99,35.6808766785243
"TPL_009",100,36.4989771738975
"TPL_009",101,38.5207859378648
"TPL_009",102,39.6454098141358
"TPL_009",103,39.9785787021855
"TPL_009",104,40.4269167887733
"TPL_009",105,40.7538343830198
"TPL_009",106,41.0521252013018
"TPL_009",107,41.3576017728445
"TPL_009",108,41.511911922734
"TPL_009",109,41.643896595981
"TPL_009",110,41.6895931320853
"TPL_009",111,41.8023959018401
"TPL_009",112,41.9787124519523
"TPL_009",113,42.0345490208979
"TPL_009",114,42.1142397818825
"TPL_009",115,42.2308427947061
"TPL_009",116,42.7112881857856
"TPL_009",117,42.8102883554236
"TPL_009",118,43.1048480564643
"TPL_009",119,43.2411085905355
"TPL_009",120,43.277545967544
"TPL_009",121,43.3423832607802
"TPL_009",122,43.4120028229409
"TPL_009",123,43.7526479751331
"TPL_009",124,44.3187632401938
"TPL_009",125,44.8976599502662
"TPL_009",126,45.0246482232101
"TPL_009",127,45.3472765484212
"TPL_009",128,45.8147767918343
"TPL_009",129,48.7105768690976
"TPL_009",130,49.2660251975196
"TPL_009",131,49.7767095334238
"TPL_009",132,50.30569056989
"TPL_009",133,50.8894320345852
"TPL_009",134,51.3572036160768
"TPL_009",135,51.8408459356647
"TPL_009",136,52.297851609535
"TPL_009",137,52.8450086735192
"TPL_009",138,53.35510138462
"TPL_009",139,53.8272451114535
"TPL_009",140,54.4094438049785
"TPL_009",141,54.6695065974513
"TPL_009",142,54.962331010771
"TPL_009",143,55.3649848093906
"TPL_009",144,55.6759496895528
"TPL_009",145,56.0350804525516
"TPL_009",146,56.4119911953477
"TPL_009",147,56.5815068722245
"TPL_009",148,56.810309283914
"TPL_009",149,56.934049630513
"TPL_009",150,57.0020335440964
"TPL_009",151,57.1642396816124
"TPL_009",152,57.2410546013102
"TPL_009",153,57.4939764614271
"TPL_009",154,57.9454641740005
"TPL_009",155,58.238904087259
"TPL_009",156,58.5179134267745
"TPL_009",157,58.8230721507329
"TPL_009",158,59.1272879857618
"TPL_009",159,59.4117226818223
"TPL_009",160,59.7560519213647
"TPL_009",161,59.995487683572
"TPL_009",162,60.2165311857855
"TPL_009",163,60.5820517698438
"TPL_009",164,61.0039075812109
"TPL_009",165,61.2879810749053
"TPL_009",166,61.6812540039246
"TPL_009",167,62.109990942842
"TPL_009",168,62.5175793134974
"TPL_009",169,62.9128136404053
"TPL_009",170,63.2244929663419
"TPL_009",171,63.6198115724971
"TPL_009",172,63.9867592784231
"TPL_010",1,0
"TPL_010",2,0.660165743727199
"TPL_010",3,1.24636395663716
"TPL_010",4,1.59952214279554
"TPL_010",5,2.06989693703952
"TPL_010",6,2.6470470534537
"TPL_010",7,3.28616221285187
"TPL_010",8,3.76460853762115
"TPL_010",9,4.32571030436884
"TPL_010",10,4.85342269640023
"TPL_010",11,5.41625317104507
"TPL_010",12,6.18109929677984
"TPL_010",13,6.76445303320201
"TPL_010",14,7.39741868813936
"TPL_010",15,11.5158661080938
"TPL_010",16,12.2538532584275
"TPL_010",17,12.8478605015044
"TPL_010",18,14.6194912156142
"TPL_010",19,15.1577902805039
"TPL_010",20,15.2896695490103
"TPL_010",21,15.41708290524
"TPL_010",22,15.6319926082639
"TPL_010",23,16.1052845931668
"TPL_010",24,16.1480256505763
"TPL_010",25,16.2374081865486
"TPL_010",26,16.3049428103798
"TPL_010",27,16.4318923612578
"TPL_010",28,16.5089214221917
"TPL_010",29,16.6833916063875
"TPL_010",30,16.8346388845879
"TPL_010",31,16.9172596760954
"TPL_010",32,17.3484455235976
"TPL_010",33,17.6583438646287
"TPL_010",34,18.3116899346302
"TPL_010",35,19.3949659097538
"TPL_010",36,20.4929500093717
"TPL_010",37,21.397903993115
"TPL_010",38,22.5105134133315
"TPL_010",39,23.2241154103819
"TPL_010",40,24.0059893523336
"TPL_010",41,25.3133727683395
"TPL_010",42,26.1265155110442
"TPL_010",43,27.2692361838657
"TPL_010",44,28.0632616614862
"TPL_010",45,28.7909221215283
"TPL_010",46,29.6550145870279
"TPL_010",47,30.821456093794
"TPL_010",48,32.6809693408071
"TPL_010",49,35.2487223752647
"TPL_010",50,38.3288854093163
"TPL_010",51,38.4549293903812
"TPL_010",52,38.7687199846654
"TPL_010",53,39.1866107798259
"TPL_010",54,39.5809592844902
"TPL_010",55,39.797629846835
"TPL_010",56,39.9360572023922
"TPL_010",57,40.164994584858
"TPL_010",58,40.4159447529066
"TPL_010",59,40.6358061381333
"TPL_010",60,40.8486959425861
"TPL_010",61,41.0125990064336
"TPL_010",62,41.4178936743665
"TPL_010",63,41.5986893545797
"TPL_010",64,41.8828285342162
"TPL_010",65,42.2245485888952
"TPL_010",66,42.3913179399482
"TPL_010",67,42.6964576730172
"TPL_010",68,42.8881801895928
"TPL_010",69,43.3207862630778
"TPL_010",70,43.5400241815352
"TPL_010",71,43.7827786547748
"TPL_010",72,44.0490421515763
"TPL_010",73,44.2321321507759
"TPL_010",74,44.5136606476169
"TPL_010",75,44.7961765155898
"TPL_010",76,45.1368736854389
"TPL_010",77,45.595761539006
"TPL_010",78,45.8818506070944
"TPL_010",79,46.2443695514856
"TPL_010",80,46.4610020988699
"TPL_010",81,46.7882286853512
"TPL_010",82,47.359682024517
"TPL_010",83,47.6942539776233
"TPL_010",84,48.8893613815238
"TPL_010",85,48.9854770137106
"TPL_010",86,49.1107066679481
"TPL_010",87,49.1730614069325
"TPL_010",88,49.3456624612484
"TPL_010",89,49.448056777399
"TPL_010",90,49.7299758796389
"TPL_010",91,50.6680592748247
"TPL_010",92,51.0068502091044
"TPL_010",93,51.7865771427747
"TPL_010",94,52.0554981408734
"TPL_010",95,52.930516302865
"TPL_010",96,53.4802388142137
"TPL_010",97,54.1666101861306
"TPL_010",98,54.2683847263987
"TPL_010",99,54.7831394016962
"TPL_010",100,55.234282937985
"TPL_010",101,55.5541011286102
"TPL_010",102,56.0700706666559
"TPL_010",103,56.2487120403753
"TPL_010",104,56.4737179269308
"TPL_010",105,56.6739133657238
"TPL_010",106,56.7115128255638
"TPL_010",107,56.7765534705301
"TPL_010",108,56.8469202616525
"TPL_010",109,56.9641728675391
"TPL_010",110,57.0611577262951
"TPL_010",111,57.1624862130772
"TPL_010",112,57.3621930182458
"TPL_010",113,57.4495206574577
"TPL_010",114,58.1725949507261
"TPL_010",115,58.26126361716
"TPL_010",116,58.4560623740827
"TPL_010",117,58.6713921241762
"TPL_010",118,59.1180608070432
"TPL_010",119,59.7533135966767
"TPL_010",120,60.3379406634493
"TPL_010",121,60.8159305410802
"TPL_010",122,61.5938242337153
"TPL_010",123,61.7674586506595
"TPL_010",124,62.2596031901089
"TPL_010",125,62.5549963076104
"TPL_010",126,66.7811515734968
"TPL_010",127,67.3281942056505
"TPL_010",128,67.412945540656
"TPL_010",129,67.5865774664977
"TPL_010",130,67.7795007786894
"TPL_010",131,67.8319823183057
"TPL_010",132,67.9568740443151
"TPL_010",133,68.3947726823672
"TPL_010",134,68.6921169680186
"TPL_010",135,68.9602038522253
"TPL_010",136,69.5721990311662
"TPL_010",137,69.6570491907491
"TPL_010",138,69.7960475222943
"TPL_010",139,69.8659749674992
"TPL_010",140,70.0998592131326
"TPL_010",141,70.2147131976186
"TPL_010",142,70.2610608444757
"TPL_010",143,70.4066777371804
"TPL_010",144,70.5354631029475
"TPL_010",145,70.8525566536769
"TPL_010",146,71.0063057815614
"TPL_010",147,71.4440001311533
"TPL_010",148,71.8819906115077
"TPL_010",149,72.1057467547919
"TPL_010",150,72.8860183750312
"TPL_010",151,73.1463076890464
"TPL_010",152,73.3883046371911
"TPL_010",153,73.7252460220086
"TPL_010",154,73.8593209636948
"TPL_010",155,74.4451058759924
"TPL_010",156,74.6220409990735
"TPL_010",157,74.7016598217698
"TPL_010",158,75.3394670778843
"TPL_010",159,75.6286546306752
"TPL_010",160,75.8046840275083
"TPL_011",1,0
"TPL_011",2,4.15693224179558
"TPL_011",3,4.36192658549157
"TPL_011",4,5.0212521025305
"TPL_011",5,5.28729905880298
"TPL_011",6,5.73293471725271
"TPL_011",7,6.3477907436768
"TPL_011",8,6.52698672179238
"TPL_011",9,6.7963136529833
"TPL_011",10,7.18660812560701
"TPL_011",11,7.31377386588714
"TPL_011",12,7.84263368779654
"TPL_011",13,8.03415913148282
"TPL_011",14,8.17639851471093
"TPL_011",15,8.45221785321644
"TPL_011",16,9.20864897016808
"TPL_011",17,9.3431926901085
"TPL_011",18,9.45617673730222
"TPL_011",19,9.52954087752866
"TPL_011",20,9.63783262139212
"TPL_011",21,9.70886186752909
"TPL_011",22,9.81458229678936
"TPL_011",23,9.95226561225848
"TPL_011",24,10.0495343454268
"TPL_011",25,10.1659544252118
"TPL_011",26,10.2800946423704
"TPL_011",27,10.7130458068394
"TPL_011",28,11.1120017602572
"TPL_011",29,11.2624338861891
"TPL_011",30,11.3819337261575
"TPL_011",31,11.7111467142001
"TPL_011",32,11.9472888824032
"TPL_011",33,12.1780570873948
"TPL_011",34,12.4574337450633
"TPL_011",35,12.8425364496979
"TPL_011",36,12.9207335066663
"TPL_011",37,13.5722013329618
"TPL_011",38,13.7983903993811
"TPL_011",39,14.1325143613356
"TPL_011",40,14.4372973158272
"TPL_011",41,14.8274226158628
"TPL_011",42,15.0380023348306
"TPL_011",43,15.2585555906562
"TPL_011",44,15.4772431866519
"TPL_011",45,15.6754224133347
"TPL_011",46,15.8516259382194
"TPL_011",47,16.0949489453457
"TPL_011",48,16.3112528175138
"TPL_011",49,16.4905434604477
"TPL_011",50,16.5658533318602
"TPL_011",51,16.6606628310045
"TPL_011",52,16.7443213281323
"TPL_011",53,16.893818561391
"TPL_011",54,16.9498120063111
"TPL_011",55,17.078050008319
"TPL_011",56,17.1804830189633
"TPL_011",57,17.3110914588241
"TPL_011",58,17.7757293217874
"TPL_011",59,18.2282771470077
"TPL_011",60,18.5115274955707
"TPL_011",61,18.8759459903514
"TPL_011",62,19.1010329524588
"TPL_011",63,19.3535412488054
"TPL_011",64,19.6933060356775
"TPL_011",65,19.8947954651688
"TPL_011",66,20.2704142397502
"TPL_011",67,20.4814840978872
"TPL_011",68,20.9632756647635
"TPL_011",69,21.3364835988129
"TPL_011",70,21.5033995140309
"TPL_011",71,21.8027871437239
"TPL_011",72,22.142005852196
"TPL_011",73,22.4615413676766
"TPL_011",74,22.8603225244565
"TPL_011",75,23.1702812299277
"TPL_011",76,23.5417646734802
"TPL_011",77,23.8181798208122
"TPL_011",78,24.2408743412687
"TPL_011",79,24.5986954922479
"TPL_011",80,25.0638633294879
"TPL_011",81,25.4820135464399
"TPL_011",82,25.9496040641254
"TPL_011",83,26.9704938921932
"TPL_011",84,27.4897440862104
"TPL_011",85,28.7279549075437
"TPL_011",86,29.2885589687753
"TPL_011",87,29.4695004617322
"TPL_011",88,29.9191738428801
"TPL_011",89,30.1553228401238
"TPL_011",90,30.297009252867
"TPL_011",91,30.6215625610392
"TPL_011",92,31.6575935697495
"TPL_011",93,31.777074009559
"TPL_011",94,31.9499809084072
"TPL_011",95,31.9917296550959
"TPL_011",96,32.0383073319703
"TPL_011",97,32.1473198087347
"TPL_011",98,32.3357324406215
"TPL_011",99,32.4913772293442
"TPL_011",100,33.1470403115875
"TPL_011",101,33.6913847378777
"TPL_011",102,33.8797471846103
"TPL_011",103,34.6324223056328
"TPL_011",104,35.0813496038913
"TPL_011",105,35.7984263640265
"TPL_011",106,36.0550411220283
"TPL_011",107,36.40317437513
"TPL_011",108,36.7449018341827
"TPL_011",109,36.7818036529573
"TPL_011",110,36.9816425154167
"TPL_011",111,37.1785532628249
"TPL_011",112,37.2733615325179
"TPL_011",113,37.368984100463
"TPL_011",114,37.872413409533
"TPL_011",115,38.1998136220437
"TPL_011",116,38.3477325378439
"TPL_011",117,38.4527774898623
"TPL_011",118,38.5179912578741
"TPL_011",119,38.6381207820024
"TPL_011",120,38.6950076453905
"TPL_011",121,38.8748203115699
"TPL_011",122,39.2546052688674
"TPL_011",123,39.302800131311
"TPL_011",124,39.5377374899204
"TPL_011",125,40.4141094869775
"TPL_011",126,41.0940738474745
"TPL_011",127,41.8692008228514
"TPL_011",128,42.5015130761004
"TPL_011",129,42.9737667425164
"TPL_011",130,43.5206581819642
"TPL_011",131,44.065470385096
"TPL_011",132,44.6496634368852
"TPL_011",133,45.362069188147
"TPL_011",134,45.8249165170507
"TPL_011",135,46.2625661893974
"TPL_011",136,46.9748412976871
"TPL_011",137,47.6130053290308
"TPL_011",138,48.0703734074754
"TPL_011",139,48.6311828776324
"TPL_011",140,49.18359705646
"TPL_011",141,49.547740065319
"TPL_011",142,52.4736074759751
"TPL_011",143,53.7410032838657
"TPL_011",144,55.5021622313969
"TPL_011",145,55.8482165285108
"TPL_011",146,56.4021940625838
"TPL_011",147,56.5880131827604
"TPL_011",148,57.03767837662
"TPL_011",149,57.108905793418
"TPL_011",150,57.5703713915632
"TPL_011",151,57.9352743658551
"TPL_011",152,58.5940629487593
"TPL_011",153,58.9614471748536
"TPL_011",154,59.0880428129276
"TPL_011",155,59.1817577916994
"TPL_011",156,59.3557364005029
"TPL_011",157,59.5893483037008
"TPL_011",158,60.1566883998812
"TPL_011",159,60.2727560064363
"TPL_011",160,60.4150880671467
"TPL_011",161,60.4603143252194
"TPL_011",162,60.5622224036241
"TPL_011",163,60.6352194478596
"TPL_011",164,61.1922583786189
"TPL_011",165,62.5002597847497
"TPL_011",166,63.0132920223269
"TPL_012",1,0
"TPL_012",2,0.362630217060438
"TPL_012",3,0.673391567395054
"TPL_012",4,1.00306990524078
"TPL_012",5,1.30022003511633
"TPL_012",6,1.73406452053909
"TPL_012",7,2.05480120905268
"TPL_012",8,2.57262735554234
"TPL_012",9,2.85878119920183
"TPL_012",10,3.45997284977362
"TPL_012",11,3.92250011688174
"TPL_012",12,4.4074671369896
"TPL_012",13,4.92880212803964
"TPL_012",14,5.36131317192755
"TPL_012",15,5.78596212224898
"TPL_012",16,6.1656131270975
"TPL_012",17,8.73568690602483
"TPL_012",18,11.4600922371894
"TPL_012",19,13.3892428911925
"TPL_012",20,14.063582135374
"TPL_012",21,14.6360498788364
"TPL_012",22,15.2006081674989
"TPL_012",23,15.7227560762827
"TPL_012",24,16.298795204218
"TPL_012",25,16.8311934811149
"TPL_012",26,17.330649007658
"TPL_012",27,17.9344264881968
"TPL_012",28,18.5612703186786
"TPL_012",29,19.2464906072117
"TPL_012",30,19.9000807611506
"TPL_012",31,20.5169939899168
"TPL_012",32,21.1395197965997
"TPL_012",33,21.8134491164158
"TPL_012",34,24.7803149057008
"TPL_012",35,24.9767428597172
"TPL_012",36,25.5342958059933
"TPL_012",37,25.7372327274404
"TPL_012",38,26.0617158734174
"TPL_012",39,26.7159609499784
"TPL_012",40,27.3103604185317
"TPL_012",41,27.708205370404
"TPL_012",42,28.0072769207382
"TPL_012",43,28.3326230876005
"TPL_012",44,28.8078172525712
"TPL_012",45,29.2902227167009
"TPL_012",46,29.7404069295749
"TPL_012",47,30.1860893620773
"TPL_012",48,30.6237899095494
"TPL_012",49,30.9268701929641
"TPL_012",50,31.3055859522856
"TPL_012",51,31.8030942800565
"TPL_012",52,32.0429161580088
"TPL_012",53,32.6360507089913
"TPL_012",54,32.8624788558811
"TPL_012",55,33.604370796515
"TPL_012",56,33.9264098453246
"TPL_012",57,34.3846494828031
"TPL_012",58,35.5552720172099
"TPL_012",59,35.9729951067146
"TPL_012",60,36.3868237889012
"TPL_012",61,36.4755615540702
"TPL_012",62,36.5379070510458
"TPL_012",63,36.6266204468966
"TPL_012",64,36.7054057216471
"TPL_012",65,36.9951045137611
"TPL_012",66,37.7310021414921
"TPL_012",67,38.436539499491
"TPL_012",68,39.1968858510133
"TPL_012",69,39.642610280745
"TPL_012",70,40.0522291787649
"TPL_012",71,40.8230292151682
"TPL_012",72,41.1402470928908
"TPL_012",73,42.4260629035448
"TPL_012",74,43.0575260626351
"TPL_012",75,43.5955557077547
"TPL_012",76,43.9807940165823
"TPL_012",77,44.3630031662036
"TPL_012",78,44.7456184860371
"TPL_012",79,44.8811108955335
"TPL_012",80,44.9411931091832
"TPL_012",81,45.0749043150896
"TPL_012",82,45.2245525922998
"TPL_012",83,45.3090346596758
"TPL_012",84,45.4891608506046
"TPL_012",85,45.591152089845
"TPL_012",86,46.0771071534246
"TPL_012",87,46.2298461216717
"TPL_012",88,46.3110565568961
"TPL_012",89,46.3588194548513
"TPL_012",90,46.4872328891979
"TPL_012",91,46.5579242692206
"TPL_012",92,46.602223841606
"TPL_012",93,46.6983581828447
"TPL_012",94,46.7360454096027
"TPL_012",95,47.2573670679477
"TPL_012",96,47.9932227963866
"TPL_012",97,48.3542609952286
"TPL_012",98,48.696454306073
"TPL_012",99,49.0082444953674
"TPL_012",100,49.1300291974423
"TPL_012",101,49.7220637117474
"TPL_012",102,50.035965387441
"TPL_012",103,50.2082104100527
"TPL_012",104,50.4187047854851
"TPL_012",105,50.6277210147883
"TPL_012",106,51.0653924986746
"TPL_012",107,51.2587918612456
"TPL_012",108,51.5822206246948
"TPL_012",109,51.7359465590171
"TPL_012",110,51.8493786135263
"TPL_012",111,51.9224748029633
"TPL_012",112,52.0260838733226
"TPL_012",113,52.1469339746697
"TPL_012",114,52.1899866182378
"TPL_012",115,52.2791940034146
"TPL_012",116,52.3411969451891
"TPL_012",117,52.4326998800314
"TPL_012",118,52.6259664603386
"TPL_012",119,52.694460060643
"TPL_012",120,52.802389427283
"TPL_012",121,53.1965826316984
"TPL_012",122,53.4258087420017
"TPL_012",123,53.804676390655
"TPL_012",124,54.4398286223011
"TPL_012",125,54.8047913448171
"TPL_012",126,55.160792876872
"TPL_012",127,55.6297166047522
"TPL_012",128,56.0332937276364
"TPL_012",129,56.4163620828409
"TPL_012",130,56.5531805982249
"TPL_012",131,56.71126076637
"TPL_012",132,59.871953187065
"TPL_012",133,60.1983368072876
"TPL_012",134,60.4535613597022
"TPL_012",135,60.6729585143469
"TPL_012",136,60.9558203770726
"TPL_012",137,61.3185815353943
"TPL_012",138,61.7630840457507
"TPL_012",139,62.0556241580114
"TPL_012",140,62.185380485132
"TPL_012",141,62.2243579781666
"TPL_012",142,62.2532854182021
"TPL_012",143,62.3286983964649
"TPL_012",144,62.4339462476562
"TPL_012",145,62.5452264769029
"TPL_012",146,62.9736988397304
"TPL_012",147,63.2919913125892
"TPL_012",148,64.1319427457891
"TPL_012",149,64.2771160729576
"TPL_012",150,64.4591099448116
"TPL_012",151,64.7867246148965
"TPL_012",152,65.2659599242055
"TPL_012",153,65.6477946089856
"TPL_012",154,66.3415271273169
"TPL_012",155,66.7363565391783
"TPL_012",156,66.8324061564167
"TPL_012",157,66.9852776820786
"TPL_012",158,67.07473978122
"TPL_012",159,67.2418947749783
"TPL_012",160,67.3202122933235
"TPL_012",161,67.6562935341413
"TPL_012",162,68.2687816710238
"TPL_012",163,68.416547525898
"TPL_012",164,68.8572310939294
"TPL_012",165,69.2065571389257
"TPL_012",166,69.9645246639525
"TPL_013",1,0
"TPL_013",2,0.738980125172593
"TPL_013",3,1.43336237985344
"TPL_013",4,2.14710004180136
"TPL_013",5,2.53513482304245
"TPL_013",6,2.8055369145958
"TPL_013",7,2.9636299574663
"TPL_013",8,3.1125443844538
"TPL_013",9,3.28263657049905
"TPL_013",10,3.9090146944764
"TPL_013",11,4.08478955418979
"TPL_013",12,4.17171295970049
"TPL_013",13,4.30905745605935
"TPL_013",14,4.44604789067468
"TPL_013",15,4.53722928237948
"TPL_013",16,4.67903480666519
"TPL_013",17,5.80947300397324
"TPL_013",18,6.2908122781967
"TPL_013",19,7.122263345744
"TPL_013",20,12.1022229756857
"TPL_013",21,13.1505086087748
"TPL_013",22,13.4612375779566
"TPL_013",23,13.7718674896107
"TPL_013",24,14.9925591471736
"TPL_013",25,16.1723599461999
"TPL_013",26,17.0292626346066
"TPL_013",27,17.5203006863182
"TPL_013",28,18.2993985790419
"TPL_013",29,19.2074600464756
"TPL_013",30,19.9945367776635
"TPL_013",31,20.9042020692348
"TPL_013",32,22.5807377222604
"TPL_013",33,26.7485475634834
"TPL_013",34,27.1773047360469
"TPL_013",35,27.7446228293889
"TPL_013",36,27.9726632553341
"TPL_013",37,28.6792117125874
"TPL_013",38,28.7031254214557
"TPL_013",39,28.9569258510607
"TPL_013",40,29.026306709964
"TPL_013",41,29.189345961158
"TPL_013",42,29.5005525199289
"TPL_013",43,29.6937894956888
"TPL_013",44,29.9796588416387
"TPL_013",45,30.605906714069
"TPL_013",46,30.6680035553941
"TPL_013",47,30.7325079222722
"TPL_013",48,30.7672697650426
"TPL_013",49,30.9277115290738
"TPL_013",50,31.0287982482351
"TPL_013",51,31.0695731431454
"TPL_013",52,31.1212619619237
"TPL_013",53,31.1763006364337
"TPL_013",54,31.241028432819
"TPL_013",55,31.7010632195946
"TPL_013",56,31.8204707940041
"TPL_013",57,32.1360369316119
"TPL_013",58,32.6488158364733
"TPL_013",59,32.8744210495258
"TPL_013",60,33.2559679933776
"TPL_013",61,33.5466258771263
"TPL_013",62,33.6789594792379
"TPL_013",63,34.0441502795119
"TPL_013",64,34.3940865263233
"TPL_013",65,34.8054380689317
"TPL_013",66,35.5226955050985
"TPL_013",67,35.8936222185833
"TPL_013",68,36.4671503486452
"TPL_013",69,38.4964069221175
"TPL_013",70,38.9260301334535
"TPL_013",71,40.2220001545649
"TPL_013",72,40.8092032181967
"TPL_013",73,41.3984711773032
"TPL_013",74,42.5978265224344
"TPL_013",75,43.5894350534252
"TPL_013",76,43.7002432553122
"TPL_013",77,43.7684385837369
"TPL_013",78,43.8456814184632
"TPL_013",79,43.9250114358069
"TPL_013",80,44.0620704959222
"TPL_013",81,44.2083802136315
"TPL_013",82,44.2687354137736
"TPL_013",83,44.4087865101251
"TPL_013",84,44.8313692034639
"TPL_013",85,46.0242856336841
"TPL_013",86,47.0882824765545
"TPL_013",87,47.4005707478489
"TPL_013",88,47.6520318777535
"TPL_013",89,47.8754576757708
"TPL_013",90,48.0558908710408
"TPL_013",91,48.2035435906907
"TPL_013",92,48.3777109593181
"TPL_013",93,48.6541579390556
"TPL_013",94,48.7229857384046
"TPL_013",95,49.1518599804625
"TPL_013",96,49.4926685063288
"TPL_013",97,49.9531558877059
"TPL_013",98,50.2886507245418
"TPL_013",99,50.4014995503079
"TPL_013",100,50.6585565721985
"TPL_013",101,50.9744236261994
"TPL_013",102,51.1804800904278
"TPL_013",103,51.6058448115381
"TPL_013",104,52.106035046216
"TPL_013",105,52.5868198648461
"TPL_013",106,52.8384682282211
"TPL_013",107,53.0719631885127
"TPL_013",108,53.3365470347901
"TPL_013",109,53.5406536859879
"TPL_013",110,53.7967580850023
"TPL_013",111,54.9120385202156
"TPL_013",112,55.4709510735112
"TPL_013",113,55.8536728546672
"TPL_013",114,56.2725650180071
"TPL_013",115,56.7768846431176
"TPL_013",116,57.1149729873611
"TPL_013",117,57.5689811212752
"TPL_013",118,57.8885895156948
"TPL_013",119,58.3272401319512
"TPL_013",120,58.7015417894582
"TPL_013",121,59.0694808897134
"TPL_013",122,59.5977124870422
"TPL_013",123,60.4281340314628
"TPL_013",124,60.9549595951294
"TPL_013",125,62.6758154561449
"TPL_013",126,62.9430382245677
"TPL_013",127,63.17159768803
"TPL_013",128,63.3258571619802
"TPL_013",129,63.6787233455654
"TPL_013",130,63.8322824542846
"TPL_013",131,64.2028365167216
"TPL_013",132,64.3910261705922
"TPL_013",133,64.5440789826319
"TPL_013",134,64.771438938377
"TPL_013",135,64.9814156974738
"TPL_013",136,65.127299968072
"TPL_013",137,65.3175759837033
"TPL_013",138,65.6984784918131
"TPL_013",139,65.8348938310711
"TPL_013",140,66.0187059173827
"TPL_013",141,66.1078747757234
"TPL_013",142,66.2042030510788
"TPL_013",143,66.265906121945
"TPL_013",144,66.3178286525942
"TPL_013",145,66.3660177767477
"TPL_013",146,66.4928525113463
"TPL_013",147,66.7184685932314
"TPL_013",148,66.9251722604264
"TPL_013",149,67.1539268912976
"TPL_013",150,67.3835021265269
"TPL_013",151,67.6134760118985
"TPL_013",152,67.869804983449
"TPL_013",153,68.1327450939865
"TPL_013",154,68.4008193390988
"TPL_014",1,0
"TPL_014",2,0.356794720349424
"TPL_014",3,0.619624024034078
"TPL_014",4,1.09531712211734
"TPL_014",5,1.41402999615608
"TPL_014",6,1.68094085874182
"TPL_014",7,2.0392500609673
"TPL_014",8,2.6416303818625
"TPL_014",9,2.93788559894497
"TPL_014",10,3.23670082715187
"TPL_014",11,3.47021303801582
"TPL_014",12,3.90989883803198
"TPL_014",13,4.27167127511281
"TPL_014",14,4.35420613936477
"TPL_014",15,4.41189668594378
"TPL_014",16,4.46600424353682
"TPL_014",17,4.55366065068078
"TPL_014",18,4.9259324498453
"TPL_014",19,5.11965578850789
"TPL_014",20,5.37667676947672
"TPL_014",21,5.77137546310492
"TPL_014",22,6.23117240926935
"TPL_014",23,6.76816998895158
"TPL_014",24,7.37051781528371
"TPL_014",25,7.5583454928995
"TPL_014",26,7.84477244839064
"TPL_014",27,8.34537745526664
"TPL_014",28,8.61338264102686
"TPL_014",29,9.02642399893223
"TPL_014",30,12.6628428736803
"TPL_014",31,12.9396318840156
"TPL_014",32,13.2250109756981
"TPL_014",33,13.4217420296844
"TPL_014",34,13.6757173860435
"TPL_014",35,14.1527989038682
"TPL_014",36,14.3702332215525
"TPL_014",37,14.755786185066
"TPL_014",38,14.9702278441133
"TPL_014",39,15.493366583277
"TPL_014",40,15.7135088318898
"TPL_014",41,15.8178826000115
"TPL_014",42,15.9241904716273
"TPL_014",43,15.9828274485809
"TPL_014",44,16.1021845066841
"TPL_014",45,16.1713728500263
"TPL_014",46,16.2706961940584
"TPL_014",47,16.3235345250497
"TPL_014",48,16.5933463850625
"TPL_014",49,16.9020247418962
"TPL_014",50,17.0848735751274
"TPL_014",51,17.4614284275649
"TPL_014",52,17.6931398345754
"TPL_014",53,18.1157533760984
"TPL_014",54,18.4711338619699
"TPL_014",55,18.7689247856009
"TPL_014",56,18.9437387806156
"TPL_014",57,19.1750323598159
"TPL_014",58,19.3550825190537
"TPL_014",59,20.0545674285541
"TPL_014",60,20.5797264341808
"TPL_014",61,20.8515070136778
"TPL_014",62,21.1468340481323
"TPL_014",63,21.7080708501969
"TPL_014",64,22.6978067593758
"TPL_014",65,23.0945050862244
"TPL_014",66,24.5883812086897
"TPL_014",67,25.0459059992994
"TPL_014",68,25.3863202462798
"TPL_014",69,25.5248759351359
"TPL_014",70,25.9272182400226
"TPL_014",71,26.2197115895272
"TPL_014",72,26.4120267226978
"TPL_014",73,26.9003672841428
"TPL_014",74,27.2956088578489
"TPL_014",75,27.6627524415878
"TPL_014",76,27.9734970185661
"TPL_014",77,28.2598103660787
"TPL_014",78,32.8069936151313
"TPL_014",79,33.3518466983079
"TPL_014",80,34.1969784433852
"TPL_014",81,34.8470547180212
"TPL_014",82,35.226610775446
"TPL_014",83,35.97962435996
"TPL_014",84,36.8299501286261
"TPL_014",85,37.669309200744
"TPL_014",86,38.0423983592144
"TPL_014",87,38.338815043902
"TPL_014",88,38.8706676581242
"TPL_014",89,39.4783557470449
"TPL_014",90,39.7457452748689
"TPL_014",91,42.2729583178434
"TPL_014",92,44.2567335647318
"TPL_014",93,45.9960559964899
"TPL_014",94,46.7488146275308
"TPL_014",95,47.7412176838971
"TPL_014",96,48.5806765172229
"TPL_014",97,48.6153454177694
"TPL_014",98,49.0494530940906
"TPL_014",99,49.1829195111965
"TPL_014",100,49.2756641822904
"TPL_014",101,49.3007814962226
"TPL_014",102,49.3429381526645
"TPL_014",103,49.9496542467603
"TPL_014",104,50.1080634544266
"TPL_014",105,50.9446632847334
"TPL_014",106,51.0246273905512
"TPL_014",107,51.2336873625209
"TPL_014",108,51.2608293950788
"TPL_014",109,51.2941227677264
"TPL_014",110,51.8986460636192
"TPL_014",111,52.2776050594556
"TPL_014",112,52.4210283342671
"TPL_014",113,52.7815895872257
"TPL_014",114,52.8280082299989
"TPL_014",115,52.8920567266321
"TPL_014",116,52.9666521079659
"TPL_014",117,52.9907301859094
"TPL_014",118,53.127978035934
"TPL_014",119,53.1819710819004
"TPL_014",120,53.2840626093372
"TPL_014",121,53.3759393668733
"TPL_014",122,53.4935335100631
"TPL_014",123,53.8518937349598
"TPL_014",124,54.0543783651461
"TPL_014",125,54.4045962434661
"TPL_014",126,54.7352555784221
"TPL_014",127,54.7910869149811
"TPL_014",128,54.8834385143572
"TPL_014",129,55.1198261786911
"TPL_014",130,55.8611640410654
"TPL_014",131,56.3113666103952
"TPL_014",132,56.5779316499304
"TPL_014",133,57.053240226827
"TPL_014",134,57.9516544576852
"TPL_014",135,58.517278623593
"TPL_014",136,58.631588870159
"TPL_014",137,58.7035026570133
"TPL_014",138,58.8123446449001
"TPL_014",139,59.0694716671843
"TPL_014",140,59.2154182974477
"TPL_014",141,59.3764989153854
"TPL_014",142,60.7760286417065
"TPL_014",143,61.3642714155214
"TPL_014",144,61.4581946008964
"TPL_014",145,61.9404716483833
"TPL_014",146,64.4686805151759
"TPL_014",147,64.8746502904771
"TPL_014",148,65.1692386210288
"TPL_014",149,65.2891440517313
"TPL_014",150,65.3403364658965
"TPL_014",151,65.3848782347462
"TPL_014",152,65.4825769500643
"TPL_014",153,65.6394617263504
"TPL_014",154,65.71145264811
"TPL_014",155,66.3311036276904
"TPL_014",156,66.5654699424971
"TPL_014",157,66.6364475015049
"TPL_014",158,66.7970596262014
"TPL_014",159,67.1988183605742
"TPL_014",160,67.6758323184785
"TPL_014",161,69.088119859062
"TPL_015",1,0
"TPL_015",2,0.200438373480941
"TPL_015",3,0.350799862598669
"TPL_015",4,1.10825233522997
"TPL_015",5,1.2316360686009
"TPL_015",6,1.8992671412912
"TPL_015",7,2.16800165054839
"TPL_015",8,2.38311097413025
"TPL_015",9,2.68669226998904
"TPL_015",10,2.81526202897083
"TPL_015",11,3.0837136632286
"TPL_015",12,3.48130724046374
"TPL_015",13,3.58250021272681
"TPL_015",14,3.62291243841346
"TPL_015",15,3.76085340410658
"TPL_015",16,3.91347623987002
"TPL_015",17,3.99173768098533
"TPL_015",18,4.13498742654492
"TPL_015",19,4.46424499772314
"TPL_015",20,4.67444060769608
"TPL_015",21,4.80812320859622
"TPL_015",22,4.87876364221374
"TPL_015",23,5.01422851127494
"TPL_015",24,5.35332528348414
"TPL_015",25,5.52244382262286
"TPL_015",26,5.65484989030373
"TPL_015",27,5.91375895564597
"TPL_015",28,6.06830109696701
"TPL_015",29,6.25928750794833
"TPL_015",30,6.36264465735854
"TPL_015",31,6.86465575139898
"TPL_015",32,7.18836782559477
"TPL_015",33,7.85013754051444
"TPL_015",34,8.13007621240615
"TPL_015",35,8.67382997965331
"TPL_015",36,9.26042014521081
"TPL_015",37,10.2792350607556
"TPL_015",38,10.4626942138476
"TPL_015",39,10.8429063614275
"TPL_015",40,10.9286065145279
"TPL_015",41,11.0235137652069
"TPL_015",42,11.2065233069479
"TPL_015",43,11.3462462284156
"TPL_015",44,11.4366175346064
"TPL_015",45,11.4875849655169
"TPL_015",46,11.5883015277624
"TPL_015",47,11.6864221200765
"TPL_015",48,11.8837804521359
"TPL_015",49,12.151777133206
"TPL_015",50,12.2304162663637
"TPL_015",51,12.967547615753
"TPL_015",52,13.4852766259323
"TPL_015",53,13.8267644637414
"TPL_015",54,14.097247650929
"TPL_015",55,14.4180073285308
"TPL_015",56,14.5909454212236
"TPL_015",57,14.8341447830409
"TPL_015",58,15.0487372762191
"TPL_015",59,15.2363886057284
"TPL_015",60,15.6750956861303
"TPL_015",61,15.7384876646748
"TPL_015",62,15.8993551945937
"TPL_015",63,15.9924703197248
"TPL_015",64,16.3796816804169
"TPL_015",65,16.4834452811169
"TPL_015",66,16.627814960235
"TPL_015",67,16.9347731392982
"TPL_015",68,17.1915023594842
"TPL_015",69,17.2912853886681
"TPL_015",70,17.6205293577238
"TPL_015",71,17.835647641047
"TPL_015",72,18.1568569951419
"TPL_015",73,18.2468015353996
"TPL_015",74,18.5882411989382
"TPL_015",75,18.6849095349173
"TPL_015",76,18.809429508633
"TPL_015",77,18.9647845792425
"TPL_015",78,19.1387603455392
"TPL_015",79,19.1785528996565
"TPL_015",80,19.2938667936364
"TPL_015",81,19.5979280189843
"TPL_015",82,19.7018440274841
"TPL_015",83,19.8404190722033
"TPL_015",84,20.0531280491417
"TPL_015",85,20.1914926911103
"TPL_015",86,20.756555865243
"TPL_015",87,21.1476391152557
"TPL_015",88,21.6299684272052
"TPL_015",89,22.1808009256809
"TPL_015",90,22.5263532061524
"TPL_015",91,22.9712297734292
"TPL_015",92,23.4793422622285
"TPL_015",93,23.9774403950858
"TPL_015",94,24.3560512017532
"TPL_015",95,24.9424606777174
"TPL_015",96,25.2461288668416
"TPL_015",97,25.4247147658056
"TPL_015",98,25.5630878148114
"TPL_015",99,25.7404451578362
"TPL_015",100,25.8258709530455
"TPL_015",101,26.0275894932207
"TPL_015",102,26.3744633683115
"TPL_015",103,26.8359585258114
"TPL_015",104,27.2734046701906
"TPL_015",105,27.6840243433363
"TPL_015",106,27.9440593409666
"TPL_015",107,28.5414512653557
"TPL_015",108,29.572850836791
"TPL_015",109,30.5708469401781
"TPL_015",110,31.1516249598076
"TPL_015",111,31.7152884095734
"TPL_015",112,32.402063334225
"TPL_015",113,33.193774734242
"TPL_015",114,33.7949823480719
"TPL_015",115,34.3989193995838
"TPL_015",116,34.8868842248999
"TPL_015",117,35.3031851957901
"TPL_015",118,35.8336153513996
"TPL_015",119,36.3519394409117
"TPL_015",120,37.1635766893758
"TPL_015",121,37.9260860557521
"TPL_015",122,38.4700005659084
"TPL_015",123,38.9062577284305
"TPL_015",124,39.2406088548631
"TPL_015",125,39.9833523151028
"TPL_015",126,40.2567175573766
"TPL_015",127,40.7200175773104
"TPL_015",128,41.2733305867549
"TPL_015",129,41.6679387524396
"TPL_015",130,42.0674697707134
"TPL_015",131,42.4655631002663
"TPL_015",132,42.9214440865447
"TPL_015",133,43.123722710791
"TPL_015",134,43.488966757384
"TPL_015",135,44.2247411249664
"TPL_015",136,47.8248128186438
"TPL_015",137,48.1454738887057
"TPL_015",138,48.4300821175287
"TPL_015",139,52.5054767478677
"TPL_015",140,53.1612702227716
"TPL_015",141,53.9982382337084
"TPL_015",142,54.5077538651099
"TPL_015",143,54.7733811423751
"TPL_015",144,55.3191898953335
"TPL_015",145,55.7311985877604
"TPL_015",146,55.8191721744732
"TPL_015",147,55.8722048386254
"TPL_015",148,55.931399438362
"TPL_015",149,55.9988458860206
"TPL_015",150,56.1499343316946
"TPL_015",151,56.2745874589574
"TPL_015",152,56.3803909772675
"TPL_015",153,56.5166468324796
"TPL_015",154,57.0934602437265
"TPL_015",155,57.193364897528
"TPL_015",156,57.3469753263347
"TPL_015",157,57.499034013102
"TPL_015",158,57.5643417812058
"TPL_015",159,57.6682917159136
"TPL_015",160,57.8587331378105
"TPL_015",161,58.3926239319455
"TPL_015",162,58.6211955919844
"TPL_015",163,59.1782750102853
"TPL_015",164,59.4277066612403
"TPL_015",165,59.5235978377877
"TPL_015",166,60.0911687448279
"TPL_015",167,60.4097033000343
"TPL_015",168,61.3526010763711
"TPL_016",1,0
"TPL_016",2,1.12555207614308
"TPL_016",3,1.99171923003418
"TPL_016",4,2.49229320466245
"TPL_016",5,3.29222396044123
"TPL_016",6,3.42198670553185
"TPL_016",7,3.59262805480375
"TPL_016",8,3.85189123863915
"TPL_016",9,3.91621821278641
"TPL_016",10,4.01124692138619
"TPL_016",11,4.06845011176222
"TPL_016",12,4.13776968199169
"TPL_016",13,4.74298337980279
"TPL_016",14,5.09369306728254
"TPL_016",15,5.20663056440734
"TPL_016",16,5.32639704269905
"TPL_016",17,5.53051573866776
"TPL_016",18,6.72650852396964
"TPL_016",19,6.90881791676725
"TPL_016",20,7.27815908594047
"TPL_016",21,7.53735798089769
"TPL_016",22,8.68432395708975
"TPL_016",23,9.00719523707518
"TPL_016",24,9.12176752713642
"TPL_016",25,9.26241996963628
"TPL_016",26,10.0930800421634
"TPL_016",27,10.1403573746624
"TPL_016",28,10.4141003054771
"TPL_016",29,10.5431809867482
"TPL_016",30,10.6397747451938
"TPL_016",31,10.9387979401341
"TPL_016",32,11.0692133816802
"TPL_016",33,11.2628736542145
"TPL_016",34,11.8289435708624
"TPL_016",35,12.2417797317419
"TPL_016",36,12.733943320613
"TPL_016",37,13.0474519516866
"TPL_016",38,13.0937882504524
"TPL_016",39,13.4413961779741
"TPL_016",40,13.486037858348
"TPL_016",41,13.6433520572055
"TPL_016",42,13.6754756945264
"TPL_016",43,14.3319363648211
"TPL_016",44,14.4065329162899
"TPL_016",45,14.6161735201337
"TPL_016",46,14.6905152695379
"TPL_016",47,14.8833247181693
"TPL_016",48,14.9441598111239
"TPL_016",49,16.3411896671412
"TPL_016",50,16.7286453957517
"TPL_016",51,17.2778355085582
"TPL_016",52,17.3328880336879
"TPL_016",53,17.6116852170646
"TPL_016",54,17.9876509030662
"TPL_016",55,18.3083199924717
"TPL_016",56,18.4555700952887
"TPL_016",57,18.5636677081969
"TPL_016",58,18.7361634849
"TPL_016",59,18.8728610795553
"TPL_016",60,19.1874460212743
"TPL_016",61,19.5377076667561
"TPL_016",62,20.0451032627918
"TPL_016",63,21.1351970800149
"TPL_016",64,21.5268966553794
"TPL_016",65,22.0851020727747
"TPL_016",66,23.0215962116001
"TPL_016",67,23.6375329659978
"TPL_016",68,24.1270989867426
"TPL_016",69,25.4547099918734
"TPL_016",70,26.2519051475828
"TPL_016",71,26.5874898657528
"TPL_016",72,27.2831489338616
"TPL_016",73,28.0620243410884
"TPL_016",74,29.1080397749705
"TPL_016",75,30.7450438131164
"TPL_016",76,33.6319759924482
"TPL_016",77,35.2716550384234
"TPL_016",78,36.7607405076157
"TPL_016",79,37.3960060481709
"TPL_016",80,37.9877766764256
"TPL_016",81,38.3911323086397
"TPL_016",82,38.8892563469443
"TPL_016",83,39.2589939212628
"TPL_016",84,39.6666097246712
"TPL_016",85,39.9735450825389
"TPL_016",86,40.576078555046
"TPL_016",87,40.8602544174892
"TPL_016",88,45.1536870802649
"TPL_016",89,45.3017479804587
"TPL_016",90,45.5230105636011
"TPL_016",91,45.7241840742162
"TPL_016",92,46.0144771098984
"TPL_016",93,46.2577919591838
"TPL_016",94,46.7035320009263
"TPL_016",95,47.0962382636336
"TPL_016",96,47.4454890269469
"TPL_016",97,47.8234345779706
"TPL_016",98,47.9056557307604
"TPL_016",99,48.0583307343014
"TPL_016",100,48.2126292942333
"TPL_016",101,48.2961338267843
"TPL_016",102,48.442253022445
"TPL_016",103,48.6658654644024
"TPL_016",104,48.8869488505054
"TPL_016",105,49.2392933588253
"TPL_016",106,49.4260067846344
"TPL_016",107,49.6444930632583
"TPL_016",108,49.8956257648037
"TPL_016",109,50.0952974708229
"TPL_016",110,54.8138106023371
"TPL_016",111,55.3583198068425
"TPL_016",112,55.6798825491219
"TPL_016",113,56.135538026363
"TPL_016",114,56.5782163704446
"TPL_016",115,57.2016718235853
"TPL_016",116,57.4824813691219
"TPL_016",117,57.7201886095551
"TPL_016",118,58.5239235615106
"TPL_016",119,58.8551214289513
"TPL_016",120,59.37241359567
"TPL_016",121,59.4569091704536
"TPL_016",122,59.5313209728506
"TPL_016",123,59.6188260886127
"TPL_016",124,59.7593564722832
"TPL_016",125,59.8324523358008
"TPL_016",126,60.3788349503887
"TPL_016",127,61.0587179633745
"TPL_016",128,61.2321809455924
"TPL_016",129,61.4790277360326
"TPL_016",130,61.884817186563
"TPL_016",131,62.1726277671838
"TPL_016",132,62.2985491610043
"TPL_016",133,62.5557079351576
"TPL_016",134,63.1550820287287
"TPL_016",135,63.2735804311372
"TPL_016",136,63.7413052505966
"TPL_016",137,63.832036977388
"TPL_016",138,64.2575455424546
"TPL_016",139,64.3858258836884
"TPL_016",140,64.8699245232805
"TPL_017",1,0
"TPL_017",2,0.689728544149338
"TPL_017",3,1.0874058199122
"TPL_017",4,1.3566920168943
"TPL_017",5,1.6559811594222
"TPL_017",6,2.24977347616269
"TPL_017",7,2.70184040696379
"TPL_017",8,3.0485109819797
"TPL_017",9,3.50212778609454
"TPL_017",10,4.04013781080158
"TPL_017",11,4.52918287462092
"TPL_017",12,5.12185941492802
"TPL_017",13,5.48528480888004
"TPL_017",14,6.49940624397424
"TPL_017",15,6.73581501463287
"TPL_017",16,6.98428591791283
"TPL_017",17,7.41356493896233
"TPL_017",18,7.76471021256952
"TPL_017",19,8.1765013427494
"TPL_017",20,9.07452276853035
"TPL_017",21,9.65860978695383
"TPL_017",22,9.80764988880227
"TPL_017",23,9.92953467829324
"TPL_017",24,9.99135045338059
"TPL_017",25,10.090580245766
"TPL_017",26,10.2324762561631
"TPL_017",27,10.8350976322101
"TPL_017",28,10.9228591956173
"TPL_017",29,11.0139661743842
"TPL_017",30,11.186037343029
"TPL_017",31,11.3315859988372
"TPL_017",32,11.4826816244213
"TPL_017",33,11.7980022098877
"TPL_017",34,12.8713386640948
"TPL_017",35,13.5394162327114
"TPL_017",36,14.3730267795944
"TPL_017",37,17.3440834174142
"TPL_017",38,17.9447367055298
"TPL_017",39,18.8117391787868
"TPL_017",40,19.6132554519454
"TPL_017",41,19.853672116387
"TPL_017",42,19.9307587888999
"TPL_017",43,20.015656270359
"TPL_017",44,20.3521121402544
"TPL_017",45,20.4947648504783
"TPL_017",46,20.6334888293026
"TPL_017",47,21.066754263578
"TPL_017",48,21.1803207321181
"TPL_017",49,21.3688766937835
"TPL_017",50,21.798325471
"TPL_017",51,21.8422082767939
"TPL_017",52,22.1537630153849
"TPL_017",53,22.4180950236016
"TPL_017",54,22.4569015316887
"TPL_017",55,22.5008051377009
"TPL_017",56,22.5717390381772
"TPL_017",57,22.6075583834443
"TPL_017",58,22.6365835483635
"TPL_017",59,22.6735201927162
"TPL_017",60,23.0984484477716
"TPL_017",61,23.1795391378468
"TPL_017",62,23.4103853053786
"TPL_017",63,23.4503857742584
"TPL_017",64,23.496415871406
"TPL_017",65,23.7552091098106
"TPL_017",66,24.2781441496112
"TPL_017",67,24.4268973826797
"TPL_017",68,24.503986314515
"TPL_017",69,24.6768968256022
"TPL_017",70,24.9002560172733
"TPL_017",71,25.325172134124
"TPL_017",72,25.417537748387
"TPL_017",73,25.668004535603
"TPL_017",74,25.8194401200363
"TPL_017",75,26.2808040693788
"TPL_017",76,27.6922345968614
"TPL_017",77,28.0724009115243
"TPL_017",78,28.4880167921518
"TPL_017",79,29.1240217917607
"TPL_017",80,29.5873152622591
"TPL_017",81,29.9921398267313
"TPL_017",82,30.2476548855031
"TPL_017",83,31.5028049877975
"TPL_017",84,31.933681959568
"TPL_017",85,32.3314368174889
"TPL_017",86,36.4710415910942
"TPL_017",87,37.4557187497486
"TPL_017",88,37.7396943558829
"TPL_017",89,37.9054445705894
"TPL_017",90,38.1887204221805
"TPL_017",91,38.5315214475807
"TPL_017",92,39.2464078709683
"TPL_017",93,39.964303934647
"TPL_017",94,40.5424495849107
"TPL_017",95,41.2311070481509
"TPL_017",96,41.2645479265888
"TPL_017",97,41.368739995015
"TPL_017",98,41.5132647157387
"TPL_017",99,41.6854889556063
"TPL_017",100,41.7374218728043
"TPL_017",101,41.8489566848551
"TPL_017",102,41.9001123977241
"TPL_017",103,41.9834749694271
"TPL_017",104,42.2483365089934
"TPL_017",105,42.3928549122693
"TPL_017",106,42.7661732501274
"TPL_017",107,42.9237290885211
"TPL_017",108,43.8832716768184
"TPL_017",109,44.1789897613672
"TPL_017",110,44.5973505044689
"TPL_017",111,44.8261792426899
"TPL_017",112,45.0848842444179
"TPL_017",113,45.3026384137457
"TPL_017",114,45.4628449859348
"TPL_017",115,45.6652657160975
"TPL_017",116,45.7951281302795
"TPL_017",117,46.0750592991415
"TPL_017",118,46.3695795580535
"TPL_017",119,46.7149623723462
"TPL_017",120,46.9822123094882
"TPL_017",121,47.2059749264338
"TPL_017",122,47.7998877913089
"TPL_017",123,47.9772292924187
"TPL_017",124,48.2760880210256
"TPL_017",125,48.4783092249774
"TPL_017",126,48.870286266666
"TPL_017",127,49.3451602306925
"TPL_017",128,49.6085555817487
"TPL_017",129,49.816242367516
"TPL_017",130,49.9372787386952
"TPL_017",131,50.2704994002073
"TPL_017",132,50.5473507790374
"TPL_017",133,50.8529940448662
"TPL_017",134,51.2453289082348
"TPL_017",135,51.7161766698557
"TPL_017",136,52.0899797083915
"TPL_017",137,52.1608947035574
"TPL_017",138,52.384046633537
"TPL_017",139,54.1751805020873
"TPL_017",140,55.0067862074022
"TPL_017",141,55.4662991980694
"TPL_017",142,55.7774733846632
"TPL_017",143,56.0161940477262
"TPL_017",144,56.2604749781524
"TPL_017",145,56.7395723153494
"TPL_017",146,57.1705730572939
"TPL_017",147,57.5555699280957
"TPL_017",148,57.7008694819309
"TPL_017",149,58.1171896766681
"TPL_017",150,58.4113134435557
"TPL_017",151,58.4978306292693
"TPL_017",152,58.9882070245417
"TPL_017",153,59.246411043466
"TPL_017",154,59.6232020322515
"TPL_017",155,59.7056263920337
"TPL_017",156,59.7852484241655
"TPL_017",157,59.8589242773997
"TPL_017",158,59.9713593794053
"TPL_017",159,60.1104453307782
"TPL_017",160,60.2177904740712
"TPL_017",161,60.4357064747351
"TPL_017",162,60.712019141031
"TPL_017",163,61.4350766980035
"TPL_017",164,61.8789004466858
"TPL_017",165,62.337082098027
"TPL_017",166,62.7245025556171
"TPL_017",167,62.8774256690909
"TPL_017",168,63.3683952384263
"TPL_017",169,63.7385099778133
"TPL_017",170,64.1052499106005
"TPL_018",1,0
"TPL_018",2,0.0831062668519862
"TPL_018",3,0.159095608770448
"TPL_018",4,0.417760037921384
"TPL_018",5,0.797894555274091
"TPL_018",6,1.40438944642415
"TPL_018",7,1.56800233920314
"TPL_018",8,1.86120781580591
"TPL_018",9,2.10738444097406
"TPL_018",10,2.37801207344374
"TPL_018",11,2.50465449311711
"TPL_018",12,2.57165497897242
"TPL_018",13,2.70795322021443
"TPL_018",14,3.40796776851816
"TPL_018",15,3.60045447554144
"TPL_018",16,3.73323913158928
"TPL_018",17,4.10975539559322
"TPL_018",18,4.54337298843226
"TPL_018",19,4.64380857305209
"TPL_018",20,4.72902461919584
"TPL_018",21,4.75830807481244
"TPL_018",22,4.89085939255675
"TPL_018",23,5.36788281302676
"TPL_018",24,6.04034967444161
"TPL_018",25,6.29620175577132
"TPL_018",26,6.87988308944424
"TPL_018",27,7.64661887126465
"TPL_018",28,7.79686675583436
"TPL_018",29,8.11839439209978
"TPL_018",30,8.33316075661286
"TPL_018",31,8.47010972573264
"TPL_018",32,8.65672009854464
"TPL_018",33,8.78283049639612
"TPL_018",34,9.5806816095741
"TPL_018",35,10.1970655643527
"TPL_018",36,11.0174545956641
"TPL_018",37,11.7188525301458
"TPL_018",38,12.3876843904528
"TPL_018",39,12.8987436527456
"TPL_018",40,13.4623706487875
"TPL_018",41,13.9324947451059
"TPL_018",42,14.3661595883104
"TPL_018",43,15.2317095871983
"TPL_018",44,15.6730313471278
"TPL_018",45,16.0981807600143
"TPL_018",46,20.3389012667718
"TPL_018",47,21.355326357017
"TPL_018",48,21.9747644765265
"TPL_018",49,22.9325400399515
"TPL_018",50,24.7649920147024
"TPL_018",51,25.1657234857238
"TPL_018",52,25.3362856617713
"TPL_018",53,25.4289392777828
"TPL_018",54,25.5916380979315
"TPL_018",55,25.7061786794999
"TPL_018",56,25.7944101527118
"TPL_018",57,25.8899108611366
"TPL_018",58,26.5282916520117
"TPL_018",59,26.8273536011775
"TPL_018",60,26.9353308650483
"TPL_018",61,27.0234759187647
"TPL_018",62,27.2245911154381
"TPL_018",63,28.065439182949
"TPL_018",64,28.911586886557
"TPL_018",65,29.2608969248546
"TPL_018",66,30.0153354673145
"TPL_018",67,30.3279445667835
"TPL_018",68,30.7774679930276
"TPL_018",69,30.948068404103
"TPL_018",70,31.1038041426866
"TPL_018",71,31.4256483717071
"TPL_018",72,31.6743999534403
"TPL_018",73,31.9911916224681
"TPL_018",74,32.9923656335158
"TPL_018",75,36.1769664181454
"TPL_018",76,39.1281359827203
"TPL_018",77,39.6927801183067
"TPL_018",78,40.2193931340656
"TPL_018",79,40.6611314109413
"TPL_018",80,41.2213598377962
"TPL_018",81,41.553220402491
"TPL_018",82,41.8881268430191
"TPL_018",83,42.0302667215277
"TPL_018",84,42.1082616282089
"TPL_018",85,42.1666304554907
"TPL_018",86,42.2998063926264
"TPL_018",87,42.4099439608698
"TPL_018",88,42.5063164161001
"TPL_018",89,42.6209883316063
"TPL_018",90,42.7059340309743
"TPL_018",91,42.9404826577572
"TPL_018",92,43.1847615300798
"TPL_018",93,43.4455398455971
"TPL_018",94,43.7329681713264
"TPL_018",95,44.2047192553812
"TPL_018",96,44.6907183761457
"TPL_018",97,45.0725277749149
"TPL_018",98,45.4282601563973
"TPL_018",99,45.9008026963217
"TPL_018",100,46.2419748053582
"TPL_018",101,46.5214096611016
"TPL_018",102,46.9302857416233
"TPL_018",103,47.1118197950504
"TPL_018",104,47.3260336729812
"TPL_018",105,47.7843207227889
"TPL_018",106,48.0293904288263
"TPL_018",107,48.5954578602566
"TPL_018",108,48.945119832212
"TPL_018",109,49.3247119251812
"TPL_018",110,49.5680954744484
"TPL_018",111,54.4974425029852
"TPL_018",112,54.6476860071123
"TPL_018",113,54.8347368950203
"TPL_018",114,55.1136317851218
"TPL_018",115,55.211474970803
"TPL_018",116,55.5317136430025
"TPL_018",117,55.8985404536698
"TPL_018",118,56.182835927256
"TPL_018",119,56.4691440466519
"TPL_018",120,56.6891820093523
"TPL_018",121,57.0383694137897
"TPL_018",122,57.3814652218643
"TPL_018",123,57.6768519367374
"TPL_018",124,57.7752786532325
"TPL_018",125,58.1426779982055
"TPL_018",126,58.3500515470123
"TPL_018",127,58.3884049699108
"TPL_018",128,58.4498006143281
"TPL_018",129,58.4761888044005
"TPL_018",130,58.5189453951704
"TPL_018",131,58.5639387153308
"TPL_018",132,58.6031073810839
"TPL_018",133,58.6520008186506
"TPL_018",134,58.7946862235149
"TPL_018",135,58.9242125373064
"TPL_018",136,59.0987902873636
"TPL_018",137,59.2691829942817
"TPL_018",138,59.7528891381447
"TPL_018",139,60.1711551079419
"TPL_018",140,60.3773604486577
"TPL_018",141,60.6768365584152
"TPL_018",142,61.050734839126
"TPL_018",143,61.12113055674
"TPL_018",144,61.3880701518364
"TPL_018",145,61.5862430156376
"TPL_018",146,62.1942315553001
"TPL_018",147,62.9956244897971
"TPL_019",1,0
"TPL_019",2,0.623817880384027
"TPL_019",3,1.38982860442963
"TPL_019",4,1.63646577384024
"TPL_019",5,3.30682988852612
"TPL_019",6,3.39019838088059
"TPL_019",7,3.46967921866515
"TPL_019",8,3.57877551854746
"TPL_019",9,3.64597776914385
"TPL_019",10,3.73202018046854
"TPL_019",11,3.94871228416805
"TPL_019",12,4.08106012319297
"TPL_019",13,4.44523696309316
"TPL_019",14,4.98237713231349
"TPL_019",15,5.96760357789617
"TPL_019",16,6.76201479958493
"TPL_019",17,6.87004095469935
"TPL_019",18,7.16872180037169
"TPL_019",19,7.40263950896293
"TPL_019",20,7.63130535406796
"TPL_019",21,8.00749548916211
"TPL_019",22,8.2053189566078
"TPL_019",23,8.65137124949538
"TPL_019",24,9.00940324557127
"TPL_019",25,9.3213412372796
"TPL_019",26,9.83504254994935
"TPL_019",27,10.1446138551754
"TPL_019",28,10.550093476354
"TPL_019",29,10.9207151874047
"TPL_019",30,11.0148582955062
"TPL_019",31,11.3475941522875
"TPL_019",32,11.4110242158532
"TPL_019",33,11.526329083011
"TPL_019",34,12.1492392814313
"TPL_019",35,12.8589508346911
"TPL_019",36,13.5415535141898
"TPL_019",37,14.2973448685188
"TPL_019",38,15.6310216041193
"TPL_019",39,16.5422970836188
"TPL_019",40,16.6553715640782
"TPL_019",41,16.953127012214
"TPL_019",42,17.0749269300423
"TPL_019",43,17.2974382646202
"TPL_019",44,17.9290416094469
"TPL_019",45,18.199888445093
"TPL_019",46,18.9320538062337
"TPL_019",47,19.4701195356166
"TPL_019",48,19.6303382991043
"TPL_019",49,19.7987157998134
"TPL_019",50,19.8366404889246
"TPL_019",51,19.9231246259851
"TPL_019",52,20.0118765554769
"TPL_019",53,20.0842935707338
"TPL_019",54,20.3163156541116
"TPL_019",55,20.6036395180044
"TPL_019",56,20.892060790794
"TPL_019",57,21.113260936206
"TPL_019",58,21.2880429191151
"TPL_019",59,21.8360520590629
"TPL_019",60,22.0764142803595
"TPL_019",61,22.4933747855788
"TPL_019",62,23.0141241144736
"TPL_019",63,23.0743683770163
"TPL_019",64,23.2128120917801
"TPL_019",65,23.5770267639606
"TPL_019",66,23.9065167428347
"TPL_019",67,24.4465027890067
"TPL_019",68,25.007856372813
"TPL_019",69,26.1738055791013
"TPL_019",70,26.792895673596
"TPL_019",71,27.3783965347825
"TPL_019",72,28.3432059508206
"TPL_019",73,29.4788186290861
"TPL_019",74,30.4154863145772
"TPL_019",75,31.0313818486445
"TPL_019",76,31.8558236235419
"TPL_019",77,36.7033585374376
"TPL_019",78,37.8748304889375
"TPL_019",79,41.1646163823386
"TPL_019",80,41.683618642357
"TPL_019",81,42.2719227641381
"TPL_019",82,42.9794328055868
"TPL_019",83,43.4756491432917
"TPL_019",84,44.1093652676678
"TPL_019",85,44.5025451943203
"TPL_019",86,44.8606390539565
"TPL_019",87,45.512114832298
"TPL_019",88,45.8916564570734
"TPL_019",89,46.3956951664166
"TPL_019",90,46.5014147217653
"TPL_019",91,46.6364987184208
"TPL_019",92,46.7596439818521
"TPL_019",93,46.9845808196088
"TPL_019",94,47.1946693024034
"TPL_019",95,47.3175122432922
"TPL_019",96,47.5255628018667
"TPL_019",97,47.6831079257124
"TPL_019",98,48.0811440715168
"TPL_019",99,48.3527331793973
"TPL_019",100,48.5349839686112
"TPL_019",101,48.6912230898808
"TPL_019",102,49.1029873489713
"TPL_019",103,49.4374859250271
"TPL_019",104,49.6926120402374
"TPL_019",105,49.7707449228417
"TPL_019",106,49.8271995007912
"TPL_019",107,49.8799614817247
"TPL_019",108,49.9372362513707
"TPL_019",109,50.0148641194614
"TPL_019",110,50.0552920801131
"TPL_019",111,50.0985942450964
"TPL_019",112,50.1579678514429
"TPL_019",113,50.202866044231
"TPL_019",114,50.3539717106462
"TPL_019",115,50.5640694603923
"TPL_019",116,50.6859659397653
"TPL_019",117,50.9260388431343
"TPL_019",118,51.0879845110266
"TPL_019",119,51.3473567342409
"TPL_019",120,51.5985351237806
"TPL_019",121,51.8459909683378
"TPL_019",122,52.2659400754543
"TPL_019",123,52.4510103734865
"TPL_019",124,53.1591544200671
"TPL_019",125,55.1647965621036
"TPL_019",126,55.9646791419071
"TPL_019",127,56.2110510910976
"TPL_019",128,56.926458562905
"TPL_019",129,57.5096490857162
"TPL_019",130,57.998929843729
"TPL_019",131,58.4796647437747
"TPL_019",132,58.7773586522754
"TPL_019",133,59.4175372083305
"TPL_019",134,59.5775078199075
"TPL_019",135,59.780506381988
"TPL_019",136,59.8902090591985
"TPL_019",137,60.0147874465278
"TPL_019",138,60.1390975156574
"TPL_019",139,60.6493116103819
"TPL_019",140,60.7421371747952
"TPL_019",141,60.8576900462547
"TPL_019",142,61.0971260960499
"TPL_019",143,61.2300573248558
"TPL_019",144,61.3047034768968
"TPL_019",145,61.423716810885
"TPL_019",146,62.1634566850588
"TPL_019",147,62.2303371876894
"TPL_019",148,62.5091801231923
"TPL_019",149,62.8537190546967
"TPL_019",150,63.3276771313842
"TPL_019",151,63.5882664583862
"TPL_019",152,64.1950867917652
"TPL_020",1,0
"TPL_020",2,0.724609371664477
"TPL_020",3,1.18944312443794
"TPL_020",4,1.47996454446808
"TPL_020",5,1.97938902332049
"TPL_020",6,2.38229789004341
"TPL_020",7,2.44925944619036
"TPL_020",8,2.56549035531537
"TPL_020",9,2.63433410690819
"TPL_020",10,2.75964513456711
"TPL_020",11,2.96173310537582
"TPL_020",12,3.1156770671677
"TPL_020",13,3.21530855648007
"TPL_020",14,3.76008569468532
"TPL_020",15,3.93615613780575
"TPL_020",16,4.01545036343935
"TPL_020",17,4.17201195254526
"TPL_020",18,4.2160907915482
"TPL_020",19,4.29842408005539
"TPL_020",20,4.37039941876438
"TPL_020",21,4.50434998834585
"TPL_020",22,4.59959283519618
"TPL_020",23,4.73614174100286
"TPL_020",24,5.47658782397417
"TPL_020",25,5.90031188151783
"TPL_020",26,6.18154641713222
"TPL_020",27,6.3686886942292
"TPL_020",28,6.63292024382968
"TPL_020",29,7.92486386780844
"TPL_020",30,8.60748561456471
"TPL_020",31,10.0525115446271
"TPL_020",32,10.3750415356125
"TPL_020",33,11.2662447315202
"TPL_020",34,11.9565618715389
"TPL_020",35,12.8824609924282
"TPL_020",36,14.0617165529935
"TPL_020",37,14.9670173216487
"TPL_020",38,15.5473890524982
"TPL_020",39,16.7895704817811
"TPL_020",40,17.6781668718787
"TPL_020",41,19.6673637080821
"TPL_020",42,21.8965547598781
"TPL_020",43,24.1631665788474
"TPL_020",44,24.4002151061944
"TPL_020",45,24.867882558336
"TPL_020",46,25.4827250673269
"TPL_020",47,25.6810268110775
"TPL_020",48,25.85911058641
"TPL_020",49,26.0550871409116
"TPL_020",50,26.2261169126798
"TPL_020",51,26.4814629816547
"TPL_020",52,26.6385802575051
"TPL_020",53,26.8686245638874
"TPL_020",54,26.9839137204336
"TPL_020",55,27.1851219148983
"TPL_020",56,27.7047815815426
"TPL_020",57,28.4657424813158
"TPL_020",58,28.7615683835093
"TPL_020",59,28.9254627738221
"TPL_020",60,29.2226875960122
"TPL_020",61,29.6152964343582
"TPL_020",62,29.9290851801475
"TPL_020",63,30.2166840602508
"TPL_020",64,30.5827078199555
"TPL_020",65,30.8250900338616
"TPL_020",66,32.0186954320264
"TPL_020",67,32.4294425536756
"TPL_020",68,32.7324854151674
"TPL_020",69,33.1501473283251
"TPL_020",70,33.321516714285
"TPL_020",71,33.4702914941563
"TPL_020",72,33.697007524391
"TPL_020",73,33.7829875844424
"TPL_020",74,33.8991901973539
"TPL_020",75,33.9686741080926
"TPL_020",76,34.8070360474784
"TPL_020",77,35.2759137401432
"TPL_020",78,36.0377164160035
"TPL_020",79,36.9005139376563
"TPL_020",80,38.3807551797377
"TPL_020",81,38.7483580436934
"TPL_020",82,39.3110182504134
"TPL_020",83,39.6160160262588
"TPL_020",84,39.9485907104563
"TPL_020",85,40.2553505754113
"TPL_020",86,40.5160468595491
"TPL_020",87,40.9864303958368
"TPL_020",88,41.389557734573
"TPL_020",89,41.8991411378475
"TPL_020",90,46.831869448196
"TPL_020",91,47.5332016204769
"TPL_020",92,47.6604158799937
"TPL_020",93,47.9179651173497
"TPL_020",94,48.420453697239
"TPL_020",95,48.6440903558166
"TPL_020",96,48.9672818083865
"TPL_020",97,49.0069680645049
"TPL_020",98,49.0942643754861
"TPL_020",99,49.1369834778119
"TPL_020",100,49.1758516152234
"TPL_020",101,49.2008578961418
"TPL_020",102,49.3027742640986
"TPL_020",103,49.5493898875552
"TPL_020",104,49.8235362226516
"TPL_020",105,50.2193245371827
"TPL_020",106,50.3345752553733
"TPL_020",107,50.6721323745433
"TPL_020",108,50.811568786077
"TPL_020",109,50.8680971392737
"TPL_020",110,51.0242961964004
"TPL_020",111,51.27222596374
"TPL_020",112,51.5638328889938
"TPL_020",113,51.7121603152448
"TPL_020",114,51.8654728665941
"TPL_020",115,51.9127675367783
"TPL_020",116,52.2321748374525
"TPL_020",117,52.4259746554918
"TPL_020",118,52.508360025118
"TPL_020",119,52.6489302934466
"TPL_020",120,56.3204236311225
"TPL_020",121,56.4413851343634
"TPL_020",122,56.6180406568199
"TPL_020",123,57.0451297866943
"TPL_020",124,57.3767529019298
"TPL_020",125,57.6951969843983
"TPL_020",126,57.9684040291788
"TPL_020",127,58.2096778360139
"TPL_020",128,58.3793573549705
"TPL_020",129,58.460352340065
"TPL_020",130,58.5602615807917
"TPL_020",131,58.6513317923467
"TPL_020",132,58.7033786617171
"TPL_020",133,58.7991111552884
"TPL_020",134,58.8903806015983
"TPL_020",135,58.9745038795901
"TPL_020",136,59.0325585080307
"TPL_020",137,59.308433031382
"TPL_020",138,59.7393185290296
"TPL_020",139,60.1811698300765
"TPL_020",140,60.6681976939264
"TPL_020",141,60.971286010086
"TPL_020",142,61.1258976728065
"TPL_020",143,61.513509281457
"TPL_020",144,61.6502169616581
"TPL_020",145,61.8859396450016
"TPL_020",146,62.2831344634766
"TPL_020",147,62.6845664698502
"TPL_020",148,63.0470642689875
"TPL_020",149,63.2296904827953
"TPL_020",150,63.6035677868574
"TPL_020",151,64.0846185474339
"TPL_020",152,64.4031889213139
