"path","bytes","sha256"
".Rbuildignore",254,"125c2d8bf467a43c00360a5e9cb9e8d9528bff5423d9df88a1d23224606d5aeb"
".gitignore",336,"0e285ed7f86dc2b682dd26f9e25600dbe21b314203ec9bf1c3ffb815391547a2"
"ARCHITECTURE.md",8211,"1ed664e76723f8037ba786fb98e7199abd3366594ddac78b9f570be766a871d6"
"BUNDLE_CHANGES_SINCE_v1.2.2-rev1.md",1481,"62d67a49a76a3eda9c7efa38f16b45d7da1e85fd207ec1818b990f7c932ec974"
"CITATION.cff",852,"47b21992ffce10048dfe7fc73aacfcbbea4d3eaab32306b9e5f3dae6f9454da3"
"DESCRIPTION",4444,"45a63ebdcedf1bdda3642fe141dde308d35a2e2271c6224d572346142d7f755a"
"LICENSE",42,"ff90a6eb453b82d0b0b923ce8435970f83fac97ecfe076667658e089d461e16a"
"NAMESPACE",11580,"806f9d65e36ba21d0f2f731906391c0d491546e7110a636c6142f31387d5a941"
"PUBLIC_RELEASE_CHECKLIST.md",2568,"5659296960efc68e85f950465f4da625361d984dc70ff11e0699a976a6889780"
"R/00_utils.R",23998,"6aba0708f612f16cf9310dcdb7d13ea2771c05f06c9ed88ee8122570a698dc1f"
"R/00a_parameter_schema.R",16515,"e9195c03199cf45ba49a9b94562a24f266c0c25be414d080c81b78a315304e0a"
"R/01_default_params.R",218,"ee46df40ec6a9c4621db0a4927448d610501003c08a6491566f08837ba0b0fdb"
"R/02_qc_interval_guards.R",23767,"cf25277c340285b740d740dbfcf74a2351500eb22b9ea10cf5eaa5de2bc235e3"
"R/03_data_io.R",16508,"c7fe0e15924056f4b6908b5c847e771228d9b40cb845ce57fa52ec3e12236463"
"R/04_param_suggestion.R",3328,"91ae292168701b1fa5f2e3f8b9ec3d705322e55bbdecbbe08db4bdcc3ef15d70"
"R/05_isi_context_features.R",42987,"a78f452aa8c5576e2fd332bf3d0df75e6002590ac94d251d5e66f7e10309063e"
"R/06_events_intervals.R",18821,"805051e69e20d2bf602bb72b5f83e1d6af5cfda42a0099b8038dc75424007c6d"
"R/07_manual_param_estimation.R",39170,"10c9a2b1fce1b75a91ef08d7e47c2fe0b3d640a321093c3d5010c36339790bd4"
"R/08_detector_helpers.R",23200,"07f139c292a1643273df6aad5f9e6490f1dc126909ee141379346cd3d73d81c6"
"R/09_burst_seed_bridge.R",9364,"6bc9f2a0b86315e2cc171b3aa5f43d63d44681d82a2fa1b167089adbd6ae1ef1"
"R/10_structure_layer.R",25192,"76c220a522bda003ce23a263eafd438e7ea9d4ab45af1dffc837151b47f1acbb"
"R/11_near_miss.R",80078,"a66c369313c400be932382c3aada4d37811b1ecf5da5ba9a86cf358b5f77c589"
"R/13_dataset_api_evaluation.R",4797,"d21e746dea73f6658417903829f0bd3cd6f02f5df37e4858b3711645d3b0441e"
"R/14_audit_presets.R",19809,"839d83d444f022b249c74d736aca8ea23596b24f30bd6f9977444aa8cd5d2d54"
"R/15_governance.R",15058,"3a83d1987b442c41dcc46b54b2979aa07e0ef6142c2aea118a1dd922058745d8"
"R/16_semantic_consistency.R",72308,"578692ec843884524277096feca6a2bae1ff4033283c2dcd48bba3831b16b4db"
"R/17_critical_overrides.R",64216,"4cdf91122c5399fb9659df27262145ec0520b73463120a8d165d06982f17e3b9"
"R/18_ui.R",236099,"ed553eee5790c100211030051f03e75ab52954170d99dd8cb71150820136280d"
"R/19_server.R",418147,"87ba992ba4d8b92e6d9165683bee79927e90a8082ff50df3ded61524d7c4dee4"
"R/20_final_classification.R",8463,"09cfdc0d722f77fa87908dae89e2653669e3eb37d4cb90eb4e2413be738422eb"
"R/21_candidate_features.R",908,"880f5a03d8c88fd99bde45beed3c2d12d764d9132f961b5c2b0f2127a35638e7"
"R/22_schema_ui.R",17657,"634587ffea1df309a9d14dae5aefae3084642dfbd33276bdd0d30377baee45be"
"R/23_native_wrappers.R",7984,"60ae51b58473d38ac45f935ac74fd83fba4bc6ac4a5c629e0840c3f47a978e50"
"R/24_clean_api.R",1995,"450a5675d18a9b0cece9b772be1ce1007c5465909def185f60b465b3da20537c"
"R/25_canonical_api.R",6779,"c77d46cf43b7b6e003fb1efb4061e8c371b9ff75c8396b4feecb1bd9dc85622c"
"R/26_parameter_registry.R",31113,"571725b7a361c1926871446e5ca03028e754f8b9061c3265305103721f7f63f8"
"R/27_engine.R",33834,"64ac65c433763da5184de7aeb2c6e3337fd22e351c86cde707c7c2004fd99b4e"
"R/28_validation.R",26337,"7f3ade53603c92e16b18e66a2f4d3b65b85b030540c544234b2d946c13e76a7b"
"R/29_shiny_modules.R",2527,"691013b24cda7c4364384fbcb6994550022f6ab2e6b9912147825a61cda661bc"
"R/30_native_prefilters.R",2113,"4c4097ed5e8c6b5c9a09de4b132721ca27b4e5b6d92a470449f677f1772b2c8f"
"R/31_scientific_validation.R",77163,"06311eb27e30330d0f878992e5ee5c4b963ac367fe6e56578bf2ec537e62a649"
"R/32_eventness_audit.R",23578,"c60d7440e3fd70877be047bbff20eaf3c0d72725f990ffedcc3fb5e7b3348b38"
"R/33_support_misi.R",16243,"3f1212a52b179cd8ee64f1977f4c1bbabf396f6297b51a56463c2049602605aa"
"R/34_support_logisi.R",28444,"adb38c828e656dcc05e47e9879c7090451c8ee829ab2eb3892a460f55f09811b"
"R/35_physiology_gated_arbitration.R",26339,"fbeb83ed056b26fd9b0588741d42cd0f84ac7c4560b81315355197e3007991be"
"R/36_seed_bridge_classicity.R",38121,"fa9fa71027ed37ad33ab5de884bf5e3d731e819fbad2999372a848bcbb682540"
"R/37_dataset_isi_band_burst_kernel.R",23112,"b6664ec28b673d9f427664998b730609096b74a0c42b2aa39316e87f16618ac6"
"R/38_event_grammar_core.R",128746,"6926aeb1917d49bca5a368ed52659080fa621d28f1416f66d409ed2bb49d796c"
"R/39_threshold_resolved_event_grammar.R",69416,"8c1c98a0a1938a8730bd311763e63ab0e4b9bb1e7034caa99c78179d38751536"
"R/40_burst_consistency_optimization.R",68755,"fabeab193c0469e2cdf61a965dfd561bfec398b8948de808f08f478638c84989"
"R/41_hf_spiking_state_fix.R",16179,"9202dbda0599bb0b911d5e62f67dad6a3ca63055b5a8465058af82e1f7bbeae4"
"R/42_hfspiking_protection_and_manual_coexistence.R",109198,"ccc0b86b74301c39e426c6fdb7530e85960a84af115dd4328cdf76ca6d7d1833"
"R/42a_nested_hfs_burst.R",22649,"75bfad8a387967b99e963f48ab6c421fa619daaea7e8603f4bdbb65e30bb180b"
"R/42b_tonic_review_candidates.R",15913,"dda00081d55ae0d018cbb858a9d027b5a14747d6465a0a7ad38ef22142aea3b2"
"R/44_public_api_audit_integrity_fixes.R",10493,"aeea250e48d6c7f656b0c721d7ea0d13a10371e56627b0aea9dc77eb492f3f31"
"R/45_public_schema_hardening.R",12825,"81b7f0a3c959e9cf33a0da6888bca9261971f0d490b836a3dfb4bda549e45e7a"
"R/46_derived_csv_guardrails.R",10235,"f51c5e0beb7eab0037703d3fd584fce3705d72a1fc969e02ef341323808269be"
"R/47_public_candidate_filtering.R",12454,"e0f263aed3334168f9512a44344365cd50b38b67ad89a8da026eafc42e972c01"
"R/48_release_hardening.R",9940,"a38e7318f3b2ac054c1462deaa3ed8891bb77be06be1fb9145de73eaf586cd3f"
"R/49_spiketrainpattern_product_schema.R",59460,"00479bba6f599102bae5a6d39aa282832f618bdd2140df4a0aa624d3308fa43e"
"R/50_internal_api.R",11946,"7117f64d8680bbacfacc3fe96804b82c76ee84373330e01a070307976d10ca06"
"R/51_server_modules.R",434965,"1d66c5cb785299014adcb1e42f7e5820f147741d0ec22872eca301e723e2e675"
"R/52_parameter_yaml_io.R",12021,"3c1eb1ea998154d6652ceae6f5eac5142523e1fba3a385b5fadec85b34eb9a5e"
"R/53_parameter_delta_preview.R",50023,"519b0d8b4cd94b9aae520434d5f627412809b86acc6bd644a51544f8b354fb6e"
"R/54_parameter_sensitivity_validation.R",98330,"e0afcecd6d1f09254d97aff24e1ac7c4164054211345e5c53c59503cc273ac0b"
"R/55_state_space_pca.R",22423,"5656a31a595c8168442328509c41ea580dd0f85e539ba12c6c68e814238e5e16"
"R/56_i18n.R",255462,"7ec9c2cdce47c1fdcd7f81ed316e80c95fd3810a2da0dbc5327716a45c48d9d9"
"R/57_state_dynamics.R",59968,"b8bfb010129858af863ff4b27549c1f0ef042debac38eb3cf2c2ebf5281fd04a"
"R/58_possible_burst_promotion.R",32497,"b4406e2bae49976e383ed613478e5482bff9edce8339fa84e65688e971653893"
"R/60_state_trajectory.R",62547,"49bd6b6b39aff559b62939e19fa39abbafc8950df8d490daef56722ac0d1ed37"
"R/61_neural_manifold.R",79704,"a30ce71155feb2346d9caf2bf050a89406731f4142aaaf13b0bdaee454a0ae0b"
"R/62_slicetca.R",26093,"06abf92f0d0b974bfb5207f82d816d8fdae163ac341aa658bd70218d7ebc89a6"
"R/63_distributional_evidence.R",26488,"bd2f466fe89bc87981ef00a51d88124f2d4dbaf7dbb23b5024d52aec51f10b91"
"R/64_event_aligned_activity.R",31971,"3a8db365ea6fbd1e7bd3095c13556f518339d315419a9269e80d6e3ae47e47e6"
"R/64_multitrack_shadow.R",16960,"e51117d43b0b54c742362a9305126a28e155623b0bfaf467980813f47eb7f467"
"R/65_multitrack_compatibility_shadow.R",52833,"9526511bc4875ceebb747b898fffbf97768f63adef65d67a383783bd06990c98"
"R/66_multitrack_public_preview.R",95140,"9ca40a026f4216b36cc8418bcbf09f28fe590d18c79b9eae2675e666de117a1b"
"R/66a_multitrack_auto_product.R",133078,"fce132a200d5a5ae35a6053af264bbc7e555f8c205afef40abbb18bb96fe9a52"
"R/67_multitrack_review_transition.R",90108,"d99b677455c463e27fc05ef4ff8ce7a8aee61b8c62e17f3f3dfd56181eca417e"
"R/67a_multitrack_final_product.R",34687,"abc7650f223ad684d36492f40407af12a3db7f14cbf4887a2a635ce778a8c25a"
"R/67b_multitrack_gate_b.R",19664,"3da61dc2ef94ed05feae6144dc535654e7dd8cdfccc509743a68d73e10d665e6"
"R/68_multitrack_review_export.R",49112,"c2bcc42f93a32e01dba6837bcab82629e61519ea75b3cb985f37a9f4773ca1f1"
"R/69_multitrack_validation.R",42810,"64dce903247853350c71681e6f3c1e16d8e55789f02a647fc67c463ed9ed9b29"
"R/70_ui_run_state.R",45303,"19093dd4219aafe3efda5bdad9001afaed4a3fc92a7842ff556cce467d566de9"
"R/71_ui_transaction_safety.R",28152,"ca24e738ea0083974c265b9efcc1f019131e18dc67643f28238f179396de5e10"
"R/72_ui_orientation.R",18987,"82dcd2657dadb2a8899745f90a0fff8e373331e5ce11f8e021855ce4eeeaee0f"
"R/73_ui_export_integrity.R",36205,"91dcab4bcdc65a81442a1bc49221bbacf27e3b61a27731e478df1515ab119757"
"R/74_gate_b_v3_phase1_contract.R",349216,"c72a2e561f3738e98f7729ad00fe1efc79b2c4dd9a798a6eff9c5bf05ea74603"
"R/75_gate_b_v3_phase1_scientific_closure.R",73100,"2ee7b6a30b04e0ca306bddd657b83b7dc2c4c7b7a374063ba837e512bc928362"
"R/76_pause_error_reviewer.R",21655,"ca7c995ea83df9be319819b7fdf1c1a84a3260a2a8f6ec366a7dde03e1f238d7"
"R/77_gate_b_v3_2_semantic_overlay.R",6592,"7bf40b1cfa2f81757a5115fa00b84c0da0e93491f0137feddced283fd26f8347"
"R/78_calibration_frozen_bounded_borrowing.R",10421,"75dbe86a1e2a2a93cc03e8e7032b4d7b6423b7091c20b44e004b8a2a1b5f0520"
"R/79_class1_error_reviewer.R",24039,"337a923bb49d54eb8474431feb28f17deae2ca03f158a95bd0cc2eb4a320538a"
"R/80_clean_benchmark_burst_reviewer.R",34112,"56793af9412d96e7e4b23219cb88c368abc65d8cac9001e20673e4cd0a610c0c"
"R/81_event_regime_product.R",52289,"70aa5555b07be1b3ef839bc677c605c1e53c41d5c111a896ec2990bac7b8ee33"
"R/82_provider_contract.R",81827,"34073b3bb9cc0fdef5d2712bcfb34dec74c78caed71deed3c4b1209eb0e11708"
"R/83_provider_normalization.R",58801,"fc3901462cbd5b418ef9baae5e6a19603f7e944456f91af9563777ed856be8d8"
"R/84_provider_adapters.R",75700,"4e64ecacd8f9ec78e3446f5faa0c5c7faa5903f53ab435d93b093418228c7858"
"R/85_provider_adjudication.R",39443,"7be6958083e3a13607e5a0e40f7a03b559699976bec64f7864a8d8fc9d534252"
"R/86_provider_scientific_composer.R",43990,"e6826569e88fffdaa7ca3c9ca38cb7fc51ea0c6d704d52ab37a7b5ac41d2f37b"
"R/87_provider_workbench_phase_e.R",19829,"fc8629072eec070c4b07a18c2f862c3166f093a8c60cddd2a40fe1def8a9145a"
"R/88_provider_scoring_export_phase_e.R",26585,"844a6ac6c8de4f3776a88e886eb0c16c6c486e73f7dfd110983e8d68a324255b"
"R/89_threshold_first_contracts.R",89611,"e51b7010da1c1540a86aedf30a9d0138d67e5ba241f6d1c60f6b9fbd7205c423"
"R/90_candidate_lineage_funnel.R",129778,"235c4343eaf6779c833ea86aa062800acac801598a7760a5c5c6d46507652eb9"
"R/91_candidate_lineage_collector.R",154838,"fc05eef545f0c044fa6feae235d40dd346d2408ac1a97d057bf273ec4c6fa969"
"R/91b_candidate_lineage_burst_stage4.R",70186,"01c0bd4faa2ce7efdff9efdf74b7e5a2d335579d6067f4cae65382cbab08d7d8"
"R/91c_candidate_lineage_burst_refractory.R",25738,"20e80810df5df21e88791418a5adbc20c17d0f5699d1b0c83a8aa2bd4c4ebda1"
"R/91d_candidate_lineage_burst_pause_boundary.R",22397,"1e9f1bf95a337b729328b03136a136dec75a45ba3804e7e5be00ef71f9034674"
"R/91e_candidate_lineage_burst_pause_ownership.R",42984,"0342afb994e571a6b3cfdb45ebe13a7bfae1dcbc27c6df5e73b3d7251c544ca2"
"R/91f_candidate_lineage_burst_hard_threshold_root.R",37035,"bf56db232c4cbb296a3227ec0b43281d04630caa670a17f701b77fa6f7b9a30c"
"R/91g_candidate_lineage_pause_raw_canonical.R",30116,"f9898f8a178777f2e53b0f80eb9d010a8d498b7baa3b29dc73442c9e9ebbf43f"
"R/91h_candidate_lineage_pause_contextual.R",36918,"288e389923b46fb159fe4393da1de61d87cf37ced23ff5c4265ff60ce3386f9d"
"R/91i_candidate_lineage_gap_final.R",19564,"95ee53809f16da157ed3d13a0917ed17140444ad8ab292fac58cc2eadbeaf8d1"
"R/91j_candidate_lineage_broad_hfs_state.R",15250,"2ea2e80e1d42f748f16ba9da980b4f28190e787be1f0e70a2776a2b709ce32c3"
"R/91k_candidate_lineage_tonic_state.R",16711,"1d5cf0634fed07c1946fdd96f0513a8ff6e44c6c0b99fe083b89f53334270569"
"R/91l_candidate_lineage_nested_hfs_review.R",12788,"5e02fd4c3e8b40c5e57975bfc778079fd54686d661bf43b81d703cf7ddacaef6"
"R/91m_candidate_lineage_complete_universe_release.R",28031,"23e7092863a650264c4679927fbd488ce40f099d0acbcb0f2e0e9c70f2e4962f"
"R/92_candidate_lineage_live_guard.R",21457,"fb33f4a3da3fe8ec679879cf02a9e9a4712f88eac5007ec7d362fa18bde6a52c"
"R/93_publication_readiness_framework.R",23630,"cfddb7f19b85c909c00e57ecbef97e01d906369b315e770322f80b3654965c0e"
"R/99_launch.R",993,"1059d9709d04ab8fb09a2c791f4e844b9af83446a7707638241928be17e135d0"
"README.md",7065,"d36425a55eda53c3157c22f3399e06a807f2df4797861c3f47babe34355d35f6"
"README.zh.md",5810,"cc8623e50ed388e0308e9d006d71062e9d9b000245dfd14ff0fd50d8d9f440d3"
"RELEASE_NOTES.md",9032,"a16e01ac6f3f90b5c49d3dae6efb4d4eff36278b4b40e08899eb6582a4051ed1"
"UPLOAD_QA_REPORT.md",3779,"7f50e33366506d0531243d680f6bde96a0d65b59617f1029419e0427e9f1ddb9"
"UPLOAD_README.md",3684,"ae138f39ae3c2ccebf6f74c929a8fb93d923bfb41f77e80a352798ce796a8d7f"
"analysis/figures/README.md",1380,"7d69cb8e3e6210cec9bf7e67fee0aaa6f094355d37277ebe5dc3ae17079a603c"
"analysis/figures/generated/real_validation_event_f1.pdf",7066,"6ed26066e370b77255c7188c6469bf78ffaf58ddecd7beeb42244c275902c228"
"analysis/figures/generated/real_validation_event_f1.png",69779,"c14c28e5c147445c7bc7bd6a7420a1083e88957d21a02d73050ef9e44a562d16"
"analysis/figures/generated/real_validation_interval_f1.pdf",7055,"36e24a425a40ef2cf8fd29eb0a1236196179d352c974f5f653be63a932e2c0e8"
"analysis/figures/generated/real_validation_interval_f1.png",69929,"8f973ac4fc64845864ae116a0a91205ea1f3b16f88ae794a73c42202344e9434"
"analysis/figures/generated/runtime_one_train_profiles.pdf",4885,"4c59b681a19b814b99fcef55a7e9a179bac5bfa9f37cfb66988368ccca4fdf86"
"analysis/figures/generated/runtime_one_train_profiles.png",22600,"97516a5151e25c52217ef36308fce17e68d233fb2ff09fb90659c414d8911447"
"analysis/figures/generated/runtime_three_region_automatic.pdf",4449,"78f046b5202d43f27b8d5346c6868659ef46d43e53f2019376d4ab6be6c2668c"
"analysis/figures/generated/runtime_three_region_automatic.png",21116,"e911f5cb9d2cfe425d7830068ff45ae3459fe01b9d76902656ebb65c4e0b781e"
"analysis/figures/generated/synthetic_v2_3_f1.pdf",6566,"2096de1286602d990ebf4276f5d023ebb638e242797db6647ab72d070f68c584"
"analysis/figures/generated/synthetic_v2_3_f1.png",73819,"953cbc619994e5e15ed4a327ea4f055cf3042bf4a1a4e35bf1a86ae7a676ce31"
"analysis/figures/plot_performance_runtime.R",3610,"0582bde774d2054aa6f31af61798fd98cab9fea7834d14e16d49230c3c5d8e35"
"analysis/figures/plot_validation_summaries.R",6301,"ec52afe1dee195503fd1f18b07c8b94e9310e39d2cff17ade102ed2d17b2e9fd"
"analysis/manuscript_figures/README.md",1716,"59c0ceb609eee75fdcc55e2707c8feee9471719d0e1030ce3f83075444998d90"
"analysis/manuscript_figures/build_manuscript_figures.R",17354,"b411f76e8d80f20c5f28d74b846a065040d88d0372bddaccecb57d2efda21655"
"analysis/manuscript_figures/generated/Figure_1_pattern_schematic.pdf",14270,"2262e2e04091ed7118f24543b5f9139d2dbb1162e4fadbe90fc3d4185d112512"
"analysis/manuscript_figures/generated/Figure_1_pattern_schematic.png",161220,"820138796fc077dc936cea3b862035b7a9e0d65f64fe9238a32d5a08781af38e"
"analysis/manuscript_figures/generated/Figure_1_pattern_schematic_regimes.csv",885,"b0ee9f2590c78830208552e4399223e2a398c1ce0a61ffe46994e4865e7e0eb6"
"analysis/manuscript_figures/generated/Figure_1_pattern_schematic_spikes.csv",8609,"6865b3d10a3983ec179552df580bf099aaa37657c22bdb0afa16d2b5fbaac23a"
"analysis/manuscript_figures/generated/Figure_2_auditable_workflow.pdf",10630,"8bff785ecb7960dc82f58a286decb2942562f881fc70c209c8f415f3ffa3e977"
"analysis/manuscript_figures/generated/Figure_2_auditable_workflow.png",571262,"fff68841327ac319c340d3e26100aa125628a92094f3373557f1a36503d364f1"
"analysis/manuscript_figures/generated/Figure_3_event_primary_evidence.pdf",7819,"39bfae66c684c087fdb53118a1db4de447cc9e8eed30e7ab43503110535eb407"
"analysis/manuscript_figures/generated/Figure_3_event_primary_evidence.png",248702,"7c52ec7a09dba8dfd2958fd1e413e261dde98df89773c1fa629c9f6eb1c18d90"
"analysis/manuscript_figures/generated/Figure_4_three_method_real_burst.pdf",7231,"fce385577686361c943312df284625414986096bb503d66b32c68fa64dc704aa"
"analysis/manuscript_figures/generated/Figure_4_three_method_real_burst.png",89636,"c687ee4eaf6b96791fcb530672bc36f508a15eabf26e7be96323d80830c08e6d"
"analysis/manuscript_figures/generated/Figure_5_three_method_structure.pdf",19975,"117f3c394cba404d1575005b5a0b3d9b6597f3814127edb5fed1688269c298fe"
"analysis/manuscript_figures/generated/Figure_5_three_method_structure.png",294630,"e9b017a3ea5fbcf07d8a234b031ba62493f241ca82c37cf84d5fad1d4a4c2424"
"analysis/manuscript_figures/generated/Figure_5_three_method_structure.tiff",284576,"53d09e125f0bf182ce871559301e590b3080fbbf2c8fe7c4e3926d7ce5663a2e"
"analysis/manuscript_figures/generated/Figure_5_three_method_structure_source.csv",1730,"59bf351a9cee2b757293fa5dfe0e0f9ed41b081ed0fe0a03cd2d6edc59b1efb2"
"analysis/manuscript_figures/generated/Figure_6_event_error_decomposition.pdf",12531,"d432acc56748886bb5859597b25943194819c8d3bb8c50268392a2aa6220c8bb"
"analysis/manuscript_figures/generated/Figure_6_event_error_decomposition.png",180470,"90b997d775fd057776f96a69c4d12497ca0fe0452338b98abb466716dfea89de"
"analysis/manuscript_figures/plot_pattern_schematic.R",6002,"b1511b6a1741ee6c6d44d5a797225366521a68f0945df64ac3a769b9369fd47c"
"analysis/manuscript_figures/plot_three_method_structure.R",5477,"e8f93b116f646fd8f82fa5787589eef43c18d93c452d7fb56afb62a6e836eae1"
"data/README.md",1710,"c3cf1b33b5096c750e39b82e2426f7d284b67313c16c616de49871d428917811"
"data/derived/runtime/PD_STN_public_runtime_timestamps.csv",175666,"c88afd748ecd43151a79a69c8532743bec55c26d310c196235557b5d13bc318e"
"data/derived/runtime/PD_STN_public_runtime_timestamps_metadata.csv",5549,"1ee3e18b602819a2e98ea32f800c6bebd48b54411210f3c74ebaeafec6ed452a"
"data/derived/runtime/README.md",626,"8252ce2ffe4715f417920f8bd6749ed65198a674ba13c8a9d807025b368a6949"
"data/real/ANNOTATION_FREEZE.md",1812,"bcb48d002e8af250aa9a9924c6fb82c8a2449d57140827b89fa9d8eee51b1ba5"
"data/real/DATA_USE_TERMS.md",946,"edbb376a0b8a55850168c39dca1988e825c78bc0858026efcf3c40bae728a7d4"
"data/real/GPe/PD_GPe_manual_isi_labels.xlsx",2143360,"9ee5c50f04b15c265c7840c4a5235f4cee406252ff788d289f6de073218251a7"
"data/real/GPi/PD_GPi_manual_isi_labels.xlsx",1486955,"eac8ec1be5dc17d7e92163461fc6af19821e4b73613ca69afdad2fe50695e26d"
"data/real/SOURCE_AND_LICENSE.md",2710,"4138142b0c41fb5c0d1e9b1940007c9cb965b0a75528fc22fe3b9175f1ef41f8"
"data/real/STN/PD_STN_manual_isi_labels.xlsx",1289212,"42d246192b9051b82fc979e696619d804051503a21ca65183fd59abaa781d30e"
"data/real/annotation_freeze.csv",480,"3abf3cb9ec8c4c081fb99218bb8bf2c7fa6db3b48f6755e09ac4c20d5313cd24"
"data/synthetic/v2.2.0/AUDIT_RESPONSE_AND_REMEDIATION.md",1026,"ee626fac346e864c0124dd52cbba79b682d36ca3330ab56f027ed2db3e8aa99b"
"data/synthetic/v2.2.0/CHANGELOG.md",530,"79688cecfaabbed660d7472df685a506f23b97a29bdbe6096b9075acb969cb5d"
"data/synthetic/v2.2.0/DATA_DICTIONARY.md",1565,"e10b5e4f75deebad68c0158cc9f332f6771936810f497c4b8137ae002a9a9b52"
"data/synthetic/v2.2.0/DESIGN_SPECIFICATION.md",2236,"4895bbbbefbab1130712e103e19cccceb1ad087287931bbcf798aca89b0bc69b"
"data/synthetic/v2.2.0/METHODS_FOR_MANUSCRIPT.md",1704,"7c1b8900c1f6b056136b15e64b934d8fbf37fdc3bfa613026f5a23d517dae64b"
"data/synthetic/v2.2.0/R/00_parameters.R",6685,"f9ba18c4138c064f235ad3b4f39b3888f3ae6468926461c8e3a00e3d8aeb8294"
"data/synthetic/v2.2.0/R/10_point_process.R",11007,"c7a800763c6ded7fdfcc827866b5f01b97da66e3e6ed81fdf369c8018e4f3ded"
"data/synthetic/v2.2.0/R/20_template_generation.R",34420,"94e411ed4ff38202eab746de54298a353b5a80e974e682b70dace76861e63e53"
"data/synthetic/v2.2.0/R/30_phenotype_audit.R",14843,"6985046a687957fe2b3f5bb2286617c62cf764365fe56ac8c9d89758a5b6df02"
"data/synthetic/v2.2.0/R/40_exports_and_figures.R",16412,"7e5a252756932adcfa47c43cd6325cd6af6d61ad73fec11e065ccc10ba5839d7"
"data/synthetic/v2.2.0/README.md",1567,"ef98c3970d7714bca8287f9b4cd30f03fc743a77824eee2ebab63d494f3b5dc6"
"data/synthetic/v2.2.0/SCORING_PROTOCOL.md",1228,"653ea0803bca53a6b74a3c10c210526b04ccf33d12d2efd2e2da9325af06eb39"
"data/synthetic/v2.2.0/V2_2_RELEASE_SUMMARY.md",1740,"3669db766ee4c6a7f64078c1f5de1551b4d125f3a317cc263506bc7c4a74bf71"
"data/synthetic/v2.2.0/calibration/calibration_same_episode_ids_all_scales.csv",12850,"ba93e9f0b7862d8514bdfb311b6e039dcdceb4b53bc2176b7e26abfeef347f4f"
"data/synthetic/v2.2.0/calibration/contextual_separator_secondary_only.csv",3350,"623ade64ee918e233332d7d95ef2cae762f87c26bd4443cff53b364e2eaeb8ee"
"data/synthetic/v2.2.0/detector_inputs/spike_timestamps_blinded.csv",239569,"e2fd675e11892adf33c4c8f85339ec66a8d969e1dca05b2476cb517a9738a4bc"
"data/synthetic/v2.2.0/detector_inputs/spike_timestamps_blinded.xlsx",225545,"9af71f20a909bef4408aaa5507f91cc4da8c245117c4eee5ab24c8ae97ca889f"
"data/synthetic/v2.2.0/generate_benchmark_spike_trains.R",20349,"ca210e22d2e6bd09303caba2c8b5d55812cecbc41cc7309c3b1b47d4c4bee6ee"
"data/synthetic/v2.2.0/metadata/canonical_output_checksums_sha256.csv",1944,"7ada630f345b563f3db05977f39f136f7b4d034f9637a168274f020902b16ba2"
"data/synthetic/v2.2.0/metadata/component_rng_registry.csv",64774,"879af7ece2e8796ef837534212b09be8a0485d49c1041fe8d2f25d5784261236"
"data/synthetic/v2.2.0/metadata/frozen_burst_quota.csv",8568,"0ddfc7f97650638fac24a5b3884345e2fce4c3378b30d39c16338a7d8ab19662"
"data/synthetic/v2.2.0/metadata/generator_parameters.csv",8341,"d9af58bb6e70c0a192771126048cad376c89980e17d31f1a8ebad2aad6e2164f"
"data/synthetic/v2.2.0/metadata/generator_parameters.json",7878,"225425db4162dda74a9155fae8359a7f3561e39236dc1b98b53a627468edb245"
"data/synthetic/v2.2.0/metadata/generator_parameters.yaml",6530,"b83f6fff827fe29ca9de54c62e1347a8f1d4807552fbd42f101279e22ac32e04"
"data/synthetic/v2.2.0/metadata/phenotype_thresholds.csv",296,"67a511e851cd3c7993f6d35e355ac5b8c9c11878036efddc8ab2b0ab4cfc0375"
"data/synthetic/v2.2.0/metadata/reproduction_manifest.json",1943,"e6fdbaf64ea56612454b607f0d9f015aaf26b7390469a88cd62c7826d7e0c9b9"
"data/synthetic/v2.2.0/metadata/stn_like_tonic_empirical_summary.csv",227,"e83e432d2a1084bd77817af80cfebe4d5d8f2eb9e24213efb4eed3ab23cdd7ca"
"data/synthetic/v2.2.0/metadata/template_manifest.csv",4340,"56c393d4988a529abb0a5219540752a34f425744a5ab3129d3e895a7564aee31"
"data/synthetic/v2.2.0/qc/burst_strength_context_balance.csv",429,"0cc1f5fb74b29e41036b230500f72f94f713e9cb0e561f0e3c8c42506c1dc063"
"data/synthetic/v2.2.0/qc/distribution_summary.csv",1344,"c97fae3556b77758347e30a350a0ce4fe75726d94a8bf366a124597234dedcd9"
"data/synthetic/v2.2.0/qc/figures/all_dimensionless_templates_multitrack.pdf",77848,"261f7246d4e311752bb6644986baaa87194cb5f86b3860f00d03e560ddb3b2a6"
"data/synthetic/v2.2.0/qc/figures/all_dimensionless_templates_multitrack.png",462931,"51f5699d7550ace43792da3649bc7a5c02d29503200e63074408c7e6457670e2"
"data/synthetic/v2.2.0/qc/figures/hfs_burst_quota_balance.png",74066,"7127a19d4e97d365ef4f99ecb2f6623ddcd0d27a054f02c61d0fa468c1842ec1"
"data/synthetic/v2.2.0/qc/figures/paired_scale_multitrack_overview.png",434505,"e39a7b2efaf4afd70178ff307f5fe15690db27cf3a24209618962e7a8f526124"
"data/synthetic/v2.2.0/qc/figures/phenotype_evidence_audit.png",495038,"cde811e25093115bedaf3287e3a7c314eec4cad938cd8d5ed1396c3e72a765fd"
"data/synthetic/v2.2.0/qc/hfs_boundary_observability.csv",8583,"690c592298b07a5302dd69d15b3fe70a2c4a754b8cd6487a369a5e087bc79c73"
"data/synthetic/v2.2.0/qc/hfs_burst_regularity_strength_coverage.csv",672,"bc871ebbd115c8006b4326ad1acbbf32284b1c6ac43e81168c4fb8c2665c17af"
"data/synthetic/v2.2.0/qc/phenotype_audit.csv",39752,"25b018ef8cfefc9602c80d3f13e948fee80963d049b4c06f363ec1e5b4263a84"
"data/synthetic/v2.2.0/qc/structural_contract_audit.csv",202,"d61e564555ec213237829d9178b9a78407a574de069f7c3408839bd0881e6f5e"
"data/synthetic/v2.2.0/qc/tonic_phenotype_audit.csv",14379,"a21b8e592b17783f152e905d877a7a5499b87f25cc4855685748146fdc86aec6"
"data/synthetic/v2.2.0/qc/v2_2_audit_remediation_summary.csv",234,"e7bf757a740c81d9fdec237c781bc81fa5917e6412aa447a2cea509e62c694c9"
"data/synthetic/v2.2.0/reference/Spike_train_simulator_V13_5_0_HF_modes.R",896667,"d2f70619fd2aee504bcb929fd2854cd7c3ca2499f86d8689779a81d59366a713"
"data/synthetic/v2.2.0/reference/v1_generate_benchmark_spike_trains.R",40806,"4b59c87c1ce53e2288df18fa84c8545ba3643112f37483ff3e861c684369d7fb"
"data/synthetic/v2.2.0/run_reproduction.sh",166,"52d773ea36c9d49d3d6300f4546c2e93e2a3732d68b5ab370ca364044020e542"
"data/synthetic/v2.2.0/tables/dimensionless_composite_hfs_regimes.csv",1843,"34637698818e8f6c16fa1296d258c58b44b07c3bf7b1b32deb1c90c2022cf072"
"data/synthetic/v2.2.0/tables/dimensionless_contextual_separators.csv",2909,"6427785172195116865a8288a276edd9f26856505fb82857cc01a5b8fac30d62"
"data/synthetic/v2.2.0/tables/dimensionless_generator_runs.csv",138441,"41b9f64ad03ea974f197c8d6fd45d29ce0983d6886efdeb62c4b67a9fc0dca1e"
"data/synthetic/v2.2.0/tables/dimensionless_interval_templates.csv",1196398,"fdc068fd57a0663608073adfe626deaa3cdb08a45ce9e5971736eb314af6ed28"
"data/synthetic/v2.2.0/tables/dimensionless_observable_phenotype.csv",39752,"25b018ef8cfefc9602c80d3f13e948fee80963d049b4c06f363ec1e5b4263a84"
"data/synthetic/v2.2.0/tables/dimensionless_primary_event_episodes.csv",52312,"f83357765f309554950238731813691b27aa75665ac5a0f3ad3fdf616b081f09"
"data/synthetic/v2.2.0/tables/dimensionless_spike_templates.csv",85305,"6d465f7ad5e0b835c96d3c8fb034b5940f95c8ef8b811e867f2ef567d055f3a3"
"data/synthetic/v2.2.0/tables/dimensionless_state_envelopes.csv",45465,"194921097c0494db98958fa32babba80d21f52a459459e396cc0fe19b533df0f"
"data/synthetic/v2.2.0/tables/dimensionless_tonic_phenotype_evidence.csv",14379,"a21b8e592b17783f152e905d877a7a5499b87f25cc4855685748146fdc86aec6"
"data/synthetic/v2.2.0/tests/verify_v2_2.R",8754,"a4ec343618bb8ce56e17835b6436bc71eba421160e00492e99a16ca0de4b1bc7"
"data/synthetic/v2.2.0/truth/composite_hfs_regimes.csv",6902,"c82dc9784c1c8fb936e46c11fac307ffccbf3033b50444a393c3ac42f25754ba"
"data/synthetic/v2.2.0/truth/contextual_separator_links.csv",13574,"31d99f0ddcaa0e64f2ac3ecdc75c2f1d494634059bf4c8fae5cace4e1b48ee7f"
"data/synthetic/v2.2.0/truth/contextual_separator_secondary_episodes.csv",13132,"70ae2e94bd637d1551c620b1b422581d71302c55dea6b9a423527f2f8e4386da"
"data/synthetic/v2.2.0/truth/generator_provenance.csv",510914,"0310906aacd7756110184578e3036364aa8d920e15792f560b426bff26f216af"
"data/synthetic/v2.2.0/truth/interval_truth_multitrack.csv",4239232,"16446b82b2b3ef9e3833e1a459e2ce074b02395d7524d7dcd4638bf6ca46cb12"
"data/synthetic/v2.2.0/truth/observable_phenotype.csv",159482,"161c419f0599ba55f55cdcb0dddebce0d1f1109708160afd82639ea662d4c90a"
"data/synthetic/v2.2.0/truth/observable_phenotype_estimand_states.csv",149494,"75ee886b773036189f0d0dd78858567a79750c0ea8df96f4097d75ae562f9415"
"data/synthetic/v2.2.0/truth/phenotype_estimand_regions.csv",159482,"161c419f0599ba55f55cdcb0dddebce0d1f1109708160afd82639ea662d4c90a"
"data/synthetic/v2.2.0/truth/primary_event_episodes.csv",206151,"1de8c5dd77ee7eda20d576bfda0d99c6ee824b1afa3cb395996c4ab1d1db6084"
"data/synthetic/v2.2.0/truth/sample_template_scale_key.csv",4832,"90a9e64ed64abcff6f765ed40fded9bbaa5c23b9ca6d15642f0a736c43f77bc3"
"data/synthetic/v2.2.0/truth/state_envelopes.csv",170105,"b5cba7dbf84117075102459fe3bd119578475aa91dc6cd039974797b9dcdd2ef"
"data/synthetic/v2.2.0/truth/strict_mechanism_estimand_episodes.csv",206151,"1de8c5dd77ee7eda20d576bfda0d99c6ee824b1afa3cb395996c4ab1d1db6084"
"data/synthetic/v2.2.0/truth/strict_mechanism_estimand_states.csv",170105,"b5cba7dbf84117075102459fe3bd119578475aa91dc6cd039974797b9dcdd2ef"
"data/synthetic/v2.2.0/truth/tonic_phenotype_evidence.csv",53509,"4b7ad9dc771e96f0fc6628a35fbac32ef889f62afb17d9d6df1362a855c8d178"
"data/synthetic/v2.2.0/truth/transition_boundaries.csv",146759,"6409ee9f22c7a555ff20e8d6e840d01dad311ed182d6077191fe4f3d6f27d938"
"data/synthetic/v2.3.0/AUDIT_RESPONSE_AND_REMEDIATION.md",3605,"96f8eacf6e8b2634ac74bd93cc32040626220004e2c1cc123b41882ebf1e6627"
"data/synthetic/v2.3.0/CHANGELOG.md",3093,"ac289810eb0b66131dcf3244a67fc6d01018910bbfbe25d25e0d3feb783e0ee2"
"data/synthetic/v2.3.0/DATA_DICTIONARY.md",5586,"e0542bdff3ef1bf2c4e1abd198c55fd061557932a5a97a33680ce47455201c2e"
"data/synthetic/v2.3.0/DESIGN_SPECIFICATION.md",7917,"861032e97e9d32468d24331affda1eb5caf73dae693de63d1887fb0164cfda2b"
"data/synthetic/v2.3.0/METHODS_FOR_MANUSCRIPT.md",4756,"1f8a695c6aa9e9f78661e13e62baf1098b2eb16da17284a83de26e68e0b940a7"
"data/synthetic/v2.3.0/R/00_parameters.R",9007,"e56b456671b5a58a790d267f6e5bcb0228386736b382349cf6cd6f7928871d2b"
"data/synthetic/v2.3.0/R/10_point_process.R",14646,"bc0f3e37a9c3bffe74029dd07b34a83d754d9df54bb145950bad7e61eb107006"
"data/synthetic/v2.3.0/R/20_template_generation.R",48054,"6296e4916a900ecc09d57fe23ab2d8388a00027dfded4c105af976a34657a5cc"
"data/synthetic/v2.3.0/R/30_phenotype_audit.R",27141,"a74896078c8cf040f350de5217e192c6dd756566ca1df057af4b5dd256028929"
"data/synthetic/v2.3.0/R/40_exports_and_figures.R",18977,"8ad1c3b707620d4233450613801e215d77b40705d44983c864f4f6273a24c364"
"data/synthetic/v2.3.0/README.md",3599,"eaad4285f3d8e4089ce212052610947a45aa5b0cbc13824de89be74784ec5093"
"data/synthetic/v2.3.0/RELEASE_LOCK_SHA256.csv",6321,"defc8e9998b4e233c679bb2003b9085542b756e2d52d36082c1807ee90bdce3a"
"data/synthetic/v2.3.0/SCORING_PROTOCOL.md",4142,"77ab33dc36e91219260c627a3b2779a553bad30fd0b255a2f120ef20d349a252"
"data/synthetic/v2.3.0/V2_3_RELEASE_SUMMARY.md",5553,"e85bcdc6dba7a84bfbc8371911d2dce7e2952beba8c52ddc294d74b00ffb9173"
"data/synthetic/v2.3.0/calibration/calibration_same_episode_ids_all_scales.csv",12876,"7d3aed7b0f4e7fd496ac708d4772e985cfc1a7eb36f6237ba420b98468828b32"
"data/synthetic/v2.3.0/calibration/contextual_separator_secondary_only.csv",3334,"a45f9babe87189e85eea8ce23eb2ee8560ccfebc9a7a71af58c091e6d777d911"
"data/synthetic/v2.3.0/detector_inputs/spike_timestamps_blinded.csv",271462,"2e3d314884c9153ab0e3a3a82003c827d7f94cea189bcf7e30e4b1d9a86d7742"
"data/synthetic/v2.3.0/detector_inputs/spike_timestamps_blinded.xlsx",254742,"a3c63f87359b31c473fe8e08536c2c6bae026a29f595f0793ba5302a62a0c1af"
"data/synthetic/v2.3.0/generate_benchmark_spike_trains.R",33700,"e5a3319b6c5c08506dd5a38379c98a343a656b69f2fca7fe8fe131345c92828e"
"data/synthetic/v2.3.0/metadata/canonical_output_checksums_sha256.csv",3016,"8c8df6dbe230715a6fb830171ad4307ec399c835d66e362320384726cca99f23"
"data/synthetic/v2.3.0/metadata/component_rng_registry.csv",64091,"7bdb6b78c84d006ceaa57e9ae8bac4f7ed58057a89947e1a1cf5df0ecd5e8f1c"
"data/synthetic/v2.3.0/metadata/frozen_burst_quota.csv",9951,"0acd8f539eb34b9da5f5a960cf96bb93a8b4305ec898cc6d48aac8868eb86d19"
"data/synthetic/v2.3.0/metadata/frozen_overlap_quota.csv",7929,"890c35368a79eb7d51a85cfe730a4a9083ebf2fe71173c8a98603ab459a7b211"
"data/synthetic/v2.3.0/metadata/generator_parameters.csv",10945,"8dfd6c703d7072ca523bf6d0429cd4dc3d3f61b8cf1a942c9efd1719865a12a9"
"data/synthetic/v2.3.0/metadata/generator_parameters.json",12127,"b8ccd526d723883420f51499353b49c20e663926979ff2d2d18c0f31e7f8a7aa"
"data/synthetic/v2.3.0/metadata/generator_parameters.yaml",8863,"38aadc18ebff1b4c0f1ddcf1718de0bbdb929a9767ff0e968c6e06bc0899dc1c"
"data/synthetic/v2.3.0/metadata/holdout_audit_provenance.json",889,"499a73948d0b09476591570070cb9845742f1104c2f86a93ee0381c127cdee2b"
"data/synthetic/v2.3.0/metadata/phenotype_thresholds.csv",11751,"87db5e8c863ee1bb7c5050238fafe1d6e540ab41ecd9a6782f875ec373104050"
"data/synthetic/v2.3.0/metadata/reproduction_manifest.json",2665,"f146575576fc61649126df174b9b6901a38b85e4e412afa7ba2b4c3c35233559"
"data/synthetic/v2.3.0/metadata/stn_like_tonic_empirical_summary.csv",227,"e83e432d2a1084bd77817af80cfebe4d5d8f2eb9e24213efb4eed3ab23cdd7ca"
"data/synthetic/v2.3.0/metadata/template_manifest.csv",5047,"01112e5fbd262d20ec2f2a29bc056175f3394acf669498e992ae8bcdf2e3edfb"
"data/synthetic/v2.3.0/qc/burst_context_strength_spikecount_phenotype.csv",14036,"33d4eaf31baa269fbf96d1f29743286d4bb20e2bd6ad19430d9a2e2e188a1729"
"data/synthetic/v2.3.0/qc/burst_phenotype_coverage_by_split.csv",11915,"b25d421c9037785239628576bbd3b50e45ae8e81f48bb5753742105f247b340b"
"data/synthetic/v2.3.0/qc/burst_strength_context_balance.csv",429,"0cc1f5fb74b29e41036b230500f72f94f713e9cb0e561f0e3c8c42506c1dc063"
"data/synthetic/v2.3.0/qc/distribution_summary.csv",1441,"c5541a5eb0d7f142d6bf693d7f2e25f9dc4cfd19383ed83e36dce691d0340988"
"data/synthetic/v2.3.0/qc/figures/all_dimensionless_templates_multitrack.pdf",87500,"93534b2743d4862b48ce72626f72fd46cdb9ce0a69e704250f517757f6d10731"
"data/synthetic/v2.3.0/qc/figures/all_dimensionless_templates_multitrack.png",493961,"af63fc4427ebb86110f30f9552fa509c77e4ee0f4cb59bf80719dee63e05b696"
"data/synthetic/v2.3.0/qc/figures/dimensionless_isi_overlap_ecdf.pdf",20153,"aa9815e4754f0600c0db825d3c6dfa65bf6e8322d2292b0320863206c27e5eb7"
"data/synthetic/v2.3.0/qc/figures/dimensionless_isi_overlap_ecdf.png",171108,"52a3ca6c07ed2d861ec3dc0ebeac861bf89dbbea705bf6f18a08085d1749987b"
"data/synthetic/v2.3.0/qc/figures/hfs_burst_quota_balance.png",74066,"7127a19d4e97d365ef4f99ecb2f6623ddcd0d27a054f02c61d0fa468c1842ec1"
"data/synthetic/v2.3.0/qc/figures/paired_scale_multitrack_overview.png",459906,"b50c8fab7aec3b9dcec11a9f9a33cea3b51c9faa537ab407372ec3adc4de8c7e"
"data/synthetic/v2.3.0/qc/figures/phenotype_evidence_audit.png",526119,"1d1fe7ef3524cd4aeb56669d8bd71e3282e87c8ca2d3d1f91de1281c7520c100"
"data/synthetic/v2.3.0/qc/hfs_boundary_observability.csv",8966,"0d2f4f45d086446fc7464684da8334d03a854b605611ff423f1216ac4c2d224a"
"data/synthetic/v2.3.0/qc/hfs_burst_regularity_strength_coverage.csv",672,"bc871ebbd115c8006b4326ad1acbbf32284b1c6ac43e81168c4fb8c2665c17af"
"data/synthetic/v2.3.0/qc/hfs_overlap_coverage_by_split.csv",81662,"3ba298f705b9e3f57b8ce32fa8c564b380b06ed271485d8368551c59e56a04a9"
"data/synthetic/v2.3.0/qc/overlap_contract_audit.csv",295,"6618330704503fb5babfc330c08179c94b3d5a40fd8bed37855d3d0e0a532034"
"data/synthetic/v2.3.0/qc/pause_gap_coverage_by_split.csv",437,"e511b11ccc275d10cd3913a43f40bf332fbbc0541375b5de37f08c58df5ef8c5"
"data/synthetic/v2.3.0/qc/phenotype_audit.csv",57371,"a57fca9d830027649584f424078615b8d1789d1d13f6f4ed2617483971696418"
"data/synthetic/v2.3.0/qc/single_isi_dev_holdout_baseline.csv",3754,"1fa8b1649864daccd537dc8f10f1016514c545848f3065b9c2457ad04deb98ed"
"data/synthetic/v2.3.0/qc/structural_contract_audit.csv",202,"d59a651cbf7730357e667c355ab6160ff75eefb5e87edcbc6255cf34eb4859a4"
"data/synthetic/v2.3.0/qc/tonic_phenotype_audit.csv",14697,"404fcda8fa4a05d89e1160db23c2bd9e9219b332f5988862e2ed81782f07093f"
"data/synthetic/v2.3.0/qc/tonic_phenotype_coverage_by_split.csv",8098,"272039c0a46a5a0b6cbc8542e88ea0d56989bb8a475beafb704a384a6fbfa429"
"data/synthetic/v2.3.0/qc/v2_3_audit_summary.csv",368,"e4f2c58da30b74e4910421e735ba324eb76ca8ad0eeb1dc63c5f86cfcfc4c1dc"
"data/synthetic/v2.3.0/reference/Spike_train_simulator_V13_5_0_HF_modes.R",896667,"d2f70619fd2aee504bcb929fd2854cd7c3ca2499f86d8689779a81d59366a713"
"data/synthetic/v2.3.0/reference/v1_generate_benchmark_spike_trains.R",40806,"4b59c87c1ce53e2288df18fa84c8545ba3643112f37483ff3e861c684369d7fb"
"data/synthetic/v2.3.0/run_reproduction.sh",166,"a7b40f4b1157754b1e8d3e067a109bda19dfcf94c2bdd558411f18a4b00cfc73"
"data/synthetic/v2.3.0/tables/dimensionless_borderline_gaps.csv",4573,"c6548574768709b09a8d6fdbdb53ebc670d4f1e55ce1ac41bec62231600efad2"
"data/synthetic/v2.3.0/tables/dimensionless_composite_hfs_regimes.csv",1842,"bc0330d3ed7b2bb9016c529e6e12bb7a31f66a426ba74d915f9ef4ed00e0dcf3"
"data/synthetic/v2.3.0/tables/dimensionless_contextual_separators.csv",4835,"ae2f635163f74503d02df84ed34755c87d56fbef206928f635a880c335ca6e87"
"data/synthetic/v2.3.0/tables/dimensionless_generator_runs.csv",181872,"b996becd23cdb70b2a7e832602ced7c8d76bd891e654a67607c3a41c3612fbdd"
"data/synthetic/v2.3.0/tables/dimensionless_interval_templates.csv",1748002,"b96249e4b0fff2a65de0e8074ee87912d1aaccd38a16e9a4d4af060ee9180585"
"data/synthetic/v2.3.0/tables/dimensionless_observable_phenotype.csv",57371,"a57fca9d830027649584f424078615b8d1789d1d13f6f4ed2617483971696418"
"data/synthetic/v2.3.0/tables/dimensionless_primary_event_episodes.csv",56286,"9a59afc5671f8a553acbd6808f5765e53576ea407732b4eb1b8bc598c1bd29ff"
"data/synthetic/v2.3.0/tables/dimensionless_spike_templates.csv",96755,"6f2c8663193d595098660d09e9b625198da53e363682d78d490d8e82c6a34cc2"
"data/synthetic/v2.3.0/tables/dimensionless_state_envelopes.csv",50433,"4aadec100310f1d18fc684e49a4242d812edd3f246996b834c9f18bb99b0d418"
"data/synthetic/v2.3.0/tables/dimensionless_tonic_phenotype_evidence.csv",14697,"404fcda8fa4a05d89e1160db23c2bd9e9219b332f5988862e2ed81782f07093f"
"data/synthetic/v2.3.0/tests/verify_v2_3.R",29779,"a99f65d5e2bee937f595e84a1e4870ded6e390704b09027f0c3a1b33ab89f489"
"data/synthetic/v2.3.0/truth/borderline_gap_secondary_episodes.csv",17795,"983740bebfd5841472ede2d5a86e1acadc7433f075198691ca2a97c091eb07cb"
"data/synthetic/v2.3.0/truth/burst_observable_episode_audit.csv",224525,"9a5f06b1195c4bddbec12be86022817b7f4e01f913f9e5928bbcd67d2beac4cc"
"data/synthetic/v2.3.0/truth/composite_hfs_regimes.csv",6895,"e51feaeab73b496c00727fb0a61d09fef9ba50af76c5d21d12a79ac7c79e66e9"
"data/synthetic/v2.3.0/truth/contextual_separator_links.csv",13468,"cf33a580ae5a68a469a2a594ffc88d8d719d9ce88b6f28a9f93735990b98ca6f"
"data/synthetic/v2.3.0/truth/contextual_separator_secondary_episodes.csv",18732,"9c1cded9b88e35ad6861ec4da797ec878fe16c9a17d0fcf9f9ba2f47ed91301d"
"data/synthetic/v2.3.0/truth/generator_provenance.csv",655832,"709976c22b739f2e89cd6115cb4a8e886fe67a84733bee97dbf694ebc72c4aac"
"data/synthetic/v2.3.0/truth/interval_truth_multitrack.csv",5977547,"ac886aa2b1fb67b9cd648119f4e9ac46775aec266ee0a8416895559262a34b0e"
"data/synthetic/v2.3.0/truth/null_model_burst_like_excursions.csv",37248,"1120e648788c6d93be22138791aff8f07867efe0bd51d872c5e4b7debb2fb5ef"
"data/synthetic/v2.3.0/truth/observable_burst_positive_episodes.csv",175777,"22e7e0988fccb187f8918ad5015c9f898cbccf33b8e45bf997dfeac016b23d46"
"data/synthetic/v2.3.0/truth/observable_phenotype.csv",211856,"b812d47b32b5c504884ca19e56b68cda436152d7561abcfd88b95d902c5ff99b"
"data/synthetic/v2.3.0/truth/observable_phenotype_estimand_states.csv",156252,"576775880a9b5a4854b305fb229382c7bd322c3ffa9c6b3c20c14e01c1aae5f6"
"data/synthetic/v2.3.0/truth/phenotype_estimand_regions.csv",211856,"b812d47b32b5c504884ca19e56b68cda436152d7561abcfd88b95d902c5ff99b"
"data/synthetic/v2.3.0/truth/phenotype_sensitivity_masks.csv",1596924,"7339e43aa54c593d0c0ab8380f653236f943cbde59145f367da7ab0ac8f79e60"
"data/synthetic/v2.3.0/truth/primary_event_episodes.csv",217886,"88f24749a51797f9439ba9bedf0548cf8b889efeb630110189006f26b590b967"
"data/synthetic/v2.3.0/truth/sample_template_scale_key.csv",4821,"3e64ace25070642de7e03462ec93f91abf17bda89dd1332a840278097f5bf17e"
"data/synthetic/v2.3.0/truth/state_envelopes.csv",184808,"00833fe15fbfcec2ec9b51e1fdc3d07ce16cee278404ae44a742985f615947d0"
"data/synthetic/v2.3.0/truth/strict_mechanism_estimand_episodes.csv",217886,"88f24749a51797f9439ba9bedf0548cf8b889efeb630110189006f26b590b967"
"data/synthetic/v2.3.0/truth/strict_mechanism_estimand_states.csv",184808,"00833fe15fbfcec2ec9b51e1fdc3d07ce16cee278404ae44a742985f615947d0"
"data/synthetic/v2.3.0/truth/tonic_phenotype_evidence.csv",54479,"5ca2bdadfbdb9e313e36e49852a5fd6122085380544a70c1978a403f340853d2"
"data/synthetic/v2.3.0/truth/transition_boundaries.csv",172736,"cf0129727e6d20abbbc0ab4efcb006a1cd707318828c0c63883af582d58cd68c"
"docs/gate-b-v3-2-semantic-overlay-contract.md",4000,"352c7003d68c277ce25ab714d44cc13ec0449f815f7be317086540b9f8ed5bd4"
"docs/gate-b-v3-implementation-and-acceptance-plan.md",25777,"eb944b45becdb80633cf56508463f49a0bd4bb437502b291e55c73ee80536aa5"
"docs/gate-b-v3-normative-data-identity-release-contract.md",140001,"81aa7f48411e774b0b1faa45e19b45f591891bb368d72bfd06401555ee01e8f4"
"docs/multitrack-v2-scientific-contract.md",24660,"3bda2cc29862dd5070845a5027959a4c779e761c1327700d6641fd797912380d"
"docs/provider-adapter-protocol-v1.md",10886,"c1d188f38be2d8fdec4813ed061d6c6b7ef70c3a0fff6bd24d22fda8b152c432"
"docs/provider-adapters-phase-b2.md",23207,"2088eaf5145f6e9f90ea98067936f4827227dc699034d25df625bb001ee60441"
"docs/provider-adjudication-v2-contract.md",3502,"62523137fa3052d2428b277264bc1bdc67f2644c3ff3d780a5306ce89cb2f0da"
"docs/provider-bundle-v1-contract.md",30398,"c925327f020d4964bc6599c616619cb56cda19af60cdbe81ecc018cc0e2c90e1"
"docs/provider-scientific-composer-v1-contract.md",5387,"0f420df2fcfaa9b7c74a99a3f9224bfcc581cabd5af04623c725cb3264b199a9"
"docs/provider-workbench-scoring-v1-contract.md",5144,"55bf0c54caf43b019b13bbd40770fe86082d9713e9a4b79b4c8cd46e988d898c"
"docs/publication-readiness-12-stage-framework.md",5697,"bba41aada7d173337c7c401b8c0cb7d0103c3e5af4a7d94f013e200c67c0a982"
"docs/stpd-provider-review-architecture-plan.md",17446,"bf952c518ff584fdd4730d5629f1c88cada0aa4e6a1a7681e4842367152d93a0"
"docs/tonic-state-repair-validation-2026-08-30.md",8309,"8aab1b36cfbaeffd06de99da1b4d19e8531b05f7450310b3c48bd96f1d87dc16"
"evaluation/README.md",5935,"24b1e5866efd5ce4c2529f5a0a92652621fd0fbe064e42480acaf7a8364dff4b"
"evaluation/algorithms.yml",1745,"5d9e9bbb9a55b8ee4bd3971e19d767bb0073a19f9fe59671e43e8b8e4f6ab20d"
"evaluation/diagnostics/build_interburst_pause_fp_review.R",6585,"8d368949833217a1cb2eac646195d89cdbe2e2c7298a7e989f9b4581932bdea0"
"evaluation/diagnostics/diagnose_pause_and_burst_performance.R",19707,"59d233594c71d8cd811ee60ecc3291992e8d2ee562d62c39645a366c8965cf97"
"evaluation/examples/predicted_events.csv",52,"a17370aeba3ba5dd7ada84cdf6fd3c9b69728683f6c4ae3d745fde95a752c211"
"evaluation/examples/reference_events.csv",52,"cd944a821f8cb0e266ecb2b7ea0505c1c8b8ead323fd73d6c57267f0e85393e7"
"evaluation/method_comparison/README.md",3997,"264eb0fb4ff08d4efeb7f51d5f089bf93b46656ee3001b3f9c939bef8b50f4b6"
"evaluation/method_comparison/build_meanisi_logisi_burst_report.R",5618,"a79c2db55d4b34e6754efcf70ae889c45b01c24aeb4c64baf75a855df50257f3"
"evaluation/method_comparison/build_three_method_agreement_figure.R",6845,"40b43a327d91acabad87f60c210a5469b3db1d6a2abd959291849178a52ab7fe"
"evaluation/method_comparison/build_three_method_burst_accuracy_figure.R",4185,"10a235e8298b28b0b60477240f54829c69e71e25e0b960016ea497ebfdab6633"
"evaluation/method_comparison/run_meanisi_logisi_burst_comparison.R",25040,"93dc1c87a9208292907cbd5125e23e398aa97cc5bee7e5cbb840f4842024247c"
"evaluation/method_comparison/run_three_method_agreement_current.R",19291,"b709eb86795cee4af98bc254b2f6e938a99841de4c584f63e431db4583df5547"
"evaluation/method_comparison/run_three_method_burst_accuracy.R",29423,"91d254472f3f1aa46de91123eb0388b3b06583001badee3ff6ad97c6dbe12b1b"
"evaluation/method_comparison/validate_meanisi_logisi_burst_comparison.R",5248,"84ff367f940cf88993dfedd1899cd586fadde2993bdec4f432a908741b7ec603"
"evaluation/method_comparison/validate_three_method_agreement_current.R",6530,"cbe1ab6f43716713ce465e817dcfe51281d42c3b42604c27a03ff88bb6d78a5c"
"evaluation/method_comparison/validate_three_method_burst_accuracy.R",6604,"fe2cd72f5046b01fb820876f8922ce20283b57058936ccfa84731e41679d5fbf"
"evaluation/performance/README.md",3286,"7d963d4521dd113fb4a62e9b3cc8710dac05c47bcae93cce06d21d9b07ca1dcf"
"evaluation/performance/benchmark_detector_runtime.R",9261,"df7d7a44249af2d13d879f18e0d97523278aa7024bfee754ea95f09df5d55e79"
"evaluation/performance/prepare_public_runtime_input.R",4357,"551f0a6975cd97107a66c7f0263fbbb70dc15b64af5f29f04d16d8f33a7b2d0e"
"evaluation/performance/summarize_three_region_runtime.R",2681,"3fccb3a2a6292ba5b89f5a783239c9b781d06adc4fd24cc5dbc8925104c2c385"
"evaluation/publication_validation/README.md",4046,"edad76fb091971ffc9b1f883b7d057e73f8668e7f6d5528b09e1f18d68bdc1ac"
"evaluation/publication_validation/build_publication_validation_report.R",26146,"0802bb806360cc3cbea855b5b679bbd4853b1ec95534d874512dbc609519b514"
"evaluation/publication_validation/diagnostics/README.md",644,"c7fc9e6860514a1d67813e06b419a80f23ec5dd570d130046cdf05a7209e74fe"
"evaluation/publication_validation/diagnostics/real_tonic_miss_trace/README.md",3161,"293a31ce40bfcae8646612daf3bdaba280eff27395bd22f5edb68f1eb41803e6"
"evaluation/publication_validation/diagnostics/real_tonic_miss_trace/run_trace.R",26118,"f450bfa5923ae574247f643f2e67631f9eabb4adc580013cdd723eb0fb07a377"
"evaluation/publication_validation/diagnostics/tonic_local_core_burden/tonic_local_core_burden.R",8141,"2874273afedbc928d98451e1a52ab0fd102e62c60a2fe35c14a2720625516ecc"
"evaluation/publication_validation/diagnostics/tonic_local_core_burden/tonic_local_core_burden_README.md",2171,"88675fedb147c747a586da2bdb53fd87ed0628528eac846daa961678d77042ee"
"evaluation/publication_validation/diagnostics/tonic_review_mechanism_burden/README.md",940,"22d3106a5788cb456a1c3e50dafb2c8d52ae95037c0c5f97fd73b2906010775a"
"evaluation/publication_validation/diagnostics/tonic_review_mechanism_burden/run_burden.R",5649,"99cb34cd88ca34a0b543d218aa1f77a82a9de0a65b33e3752e9f965d3616c2e5"
"evaluation/publication_validation/publication_validation_helpers.R",67184,"9897c1f2e71c18f60d239759f3b3be7d01367e68f0b658e69f225fff978e627f"
"evaluation/publication_validation/run_multi_region_three_regime_validation.R",19434,"454903a7a3ddc5ef4ba194378d5a20e98f42b9811373dcf99c0497908d62454d"
"evaluation/publication_validation/run_real_leave_group_out_validation.R",23600,"5c0630ef12551319ae1b11f5db991c3c3d035a3c0617d75e5229ee7c9d16f6c1"
"evaluation/publication_validation/run_real_zero_shot_pause_validation.R",6763,"bb7914216211d0a1d5a58679e54bd9acd9dbd162ae84d09adce13228dee3b9ea"
"evaluation/publication_validation/run_simulation_repeated_validation.R",10642,"bb105731a4395fe3878ac0c967d4eb4a1b8ad6837d21f41ff39766666a29e1fb"
"evaluation/publication_validation/summarize_multi_region_three_regime_validation.R",3893,"08c885f6b267528035402d48fe9c0919e5ae6c40f23e1f00e400a2e6e96ef5f3"
"evaluation/publication_validation/write_reproducibility_manifest.R",6725,"46f0770fff179e43d12d37bf8254779eadff304591dee3bb15266f1a6b84f31f"
"evaluation/run_detection_evaluation.R",2937,"0bc4aecd55dd4e22cf1ec456a560b53275aa03698503c049c45532e281c03b73"
"evaluation/run_nested_hfs_review_evaluation.R",19435,"c09257c437715794f0340a6d822d3f66c687eb64bde68707a46d8be5266a9eec"
"evaluation/synthetic_validation/README_v2_validation.md",3908,"b7c98c69278429ac9c7d4020ed9d8fed8fc16efa8670e3a438b85f0d1f348c36"
"evaluation/synthetic_validation/run_v2_stage_a_calibrate.R",6074,"6986bb3a19a72438d1651b872235ede9e0dc27a87e18c31e75502683f21dbac4"
"evaluation/synthetic_validation/run_v2_stage_b_detect.R",6712,"8ecb550a2883d8b66e61c9cc9f6335672cbe35248ee559f53b02a03da19551cc"
"evaluation/synthetic_validation/run_v2_stage_c_score.R",42430,"6f5ae78e0a9b78a664cc5d7676f647cbf8e5586c100d2b302d6049c0f1d72f6c"
"evaluation/synthetic_validation/test_v2_pipeline_contract.R",9332,"9ac3a61779785d1b174171c24b07093e746069ea7d9fbf3c342b98db60a6f3dd"
"evaluation/synthetic_validation/v2_pipeline_common.R",16265,"5ca56c8a3e967231c546415ad7bae889f639806329c205cbe84f0d3ecd0fe1bd"
"inst/config/gate_b_v3_phase1_fixture_inputs.json",25076,"065c3fe1588ae6029018ea4846a3d15090c604b0f538dec2fc7540efc4d8303d"
"inst/config/gate_b_v3_phase1_fixture_spec.json",38690,"40b158c27115172fadeba68241e0e72fa055610d0bb1a8965567b36ede5e54ba"
"inst/config/gate_b_v3_phase1_fixture_spec.yml",34919,"ae0e37406cc48778aae11ed73d1f3336c51800b01760d4bd7588508b28664b5a"
"inst/config/gate_b_v3_phase1_registry.json",162908,"e3ef61cd5b09a7a6b4b60e02978aa50de096a357fa83f36b05c864c779366864"
"inst/config/gate_b_v3_phase1_registry.yml",29823,"b91d63bb1153f28d02d873d1007f2b23d7ee04d452f57386a7594b8bc0bd802c"
"inst/config/gate_b_v3_phase1_schema_bundle.json",660388,"004a2e4ed2c22604759dff87d99f18ec58ad27aee0820262aee475a40a8acea4"
"inst/config/gate_b_v3_phase1_schema_bundle.yml",67832,"86b3062154ac9b7a9b29f789e22bff97296fefb5c8182acc1f02868e26c0ba59"
"inst/config/parameters.yml",466510,"9a53c81b637b8224ab734deb97ad65a25da2e64303869c1f99f877d33c88d2ce"
"inst/config/publication_readiness_framework_v1.json",13583,"5708de987161f20c7c8e6ce8a72f91990f8a554ae489d4a555f61ca80110442d"
"inst/config/publication_readiness_review_receipts_v1.json",9169,"99a61cf6d25c1e3adbd095a846e878cccbded2b1b3d736e08db0b5e76b093f4b"
"inst/config/publication_readiness_stage_packets_v1.json",7084,"1ab0e7bf7f29cefd361c5aeb619148ed895c9ae9fa65846cd5b8e386e729e7bc"
"inst/extdata/STN_2017_subset.csv",4492,"a2eac3f519183054ee5de6ae312af29c8946a430954c376959792fc7cef0e85f"
"inst/presets/balanced_single_unit.yml",462,"ececdc494b9b0267ea42fe121b1c172baf36abf1d249023ebddb51683c1e2469"
"inst/presets/sensitive_exploratory.yml",224,"b291b03bdf9080b59b36bf6ebaa2d4e419560f9a1e32cae93d64c6c320b667a1"
"inst/provider-adapter-dependency-manifest-v1.json",4022,"4b6bd9b4f11ac998fa7e49362c06a296445ba33c5b440c97235b9cbe6cff4efe"
"man/SpikeTrainPatternDetector-exports.Rd",6909,"87edc81655cc86922d21597a2cddc3bbc239746c2ba5bf7fc26dd067ba8ea16a"
"man/launch_class1_error_reviewer.Rd",1079,"1d606056eb55042deb2c64a3785fb8427485ebca9cd951981a8263cba491b67e"
"man/launch_clean_benchmark_burst_reviewer.Rd",1084,"7cd3583b55665e16062be729e29faa925fafc3b53d66cf00f8ce021a8a8e6781"
"man/launch_pause_error_reviewer.Rd",1810,"c0d3dc8709dcf5cdf803d2359c050caf5180c8d9f20dac7df54cdf9683c3fd3e"
"man/provider_adjudication_v2.Rd",2640,"87b4e88908fcdb1d2d4245f68b800991feffbe4f411a5f7bdcc7b100ecced372"
"man/provider_scientific_composer_v1.Rd",2389,"f27550b8f80f873567f91e1a8e089f47f516e13a6d424a4cf11b3da77e4a2b00"
"man/stpd-distributional-evidence.Rd",3883,"35266be70859f9890debb359532ea56db91f177e78207b2730aeda55268503ca"
"man/stpd-final-audit.Rd",3471,"16b9a185f590327dd1d99bd95aee80e035d8dd5ba4eaa3a74fecade4c5c6cdb2"
"man/stpd-internal-api.Rd",4048,"3cb19b7cf29e02975d4d7d5c4fee5bd3deaf4869fa8d6caf71eadebdcf9d5b35"
"man/stpd-parameter-yaml.Rd",2287,"4eedae581e45d85d317a55cf0f615b5987e72bdd1dcbaae589c85c73f99669b7"
"man/stpd-possible-burst-promotion.Rd",2293,"9545e22769e249873872f5b9027cfd787ad465c106f206e2aa6a4808f16ad8cf"
"man/stpd-slicetca.Rd",5046,"02b49f077ebff241b806f7454316a19f6938c3908ede60bdcb149b98f74a4382"
"man/stpd-statistical-strengthening.Rd",12105,"4fc906381e42f26a32fe6d085fbd7e25b8de30d2d8d6071c4a9cf63d727caf24"
"man/stpd_apply_support_threshold_to_params.Rd",1346,"815a5ffd88ba9f174fbf54487219cdb7e2c8285ca76a2c3e02fedf948a66a735"
"man/stpd_evaluate_detection_results.Rd",1893,"dc0a74863c8fcaec153ab2e7f7b32386ae1d02defd14fae3ca3c11ab80af0788"
"man/stpd_event_regimes.Rd",1251,"191d30b13e34447d2505db1807d68af8ae0cb3ccae3a91272603ddd535315dcb"
"man/stpd_gate_b_v3_phase1_contract.Rd",6362,"d39701eba91a9a3a22ba54e29ca24706a32364df610c4d7a83fa8e561e3ce939"
"man/stpd_import_provider_batch.Rd",3071,"f239dc8c3b2e523dd94526b86d7532ffc5c82f6569f4600c57e4d3ef5b2ce699"
"man/stpd_multitrack_authoritative.Rd",1048,"d36a553b842edb57e714e2831db3c75bbdbb8bd89559f5a97bda6e11e4b57c86"
"man/stpd_multitrack_auto.Rd",5354,"58b71893eab5b58f228b36639de8d44626377d35f646a09e7d67487deed58a4e"
"man/stpd_multitrack_final.Rd",1489,"6109b06db4e15d5f28a1d9ebcc81cdccf632e37d6b9094d94fbd8f3599a351f0"
"man/stpd_multitrack_gate_b_report.Rd",982,"55d50932be76b9e73938b5803dbd0a20965dbe38fd06b2ffbca12f88b850eebe"
"man/stpd_multitrack_review.Rd",2816,"db4080b1b09d86b34a1200a17e680f03d1b1c11b9b93bf3280cf0d8791486346"
"man/stpd_multitrack_validation.Rd",3756,"850a18c62902364271b20d4569053fdafebdcca9313c0746f24130b5e739faed"
"man/stpd_provider_contract.Rd",1727,"53976ae56446a25cd137333440961d581cec13ba7872cdd7496bb5557357b3f6"
"man/stpd_provider_reference_bundle.Rd",1275,"17a22fb4350ca247cdc6f85e40bf8bbbc6667ebcc829e1351abb680940395258"
"man/stpd_provider_review_view.Rd",682,"bd7df3f8b23d8d5d61d9791667dc862825b5413acdd8229be38e5c7f2161c7db"
"man/stpd_publication_readiness_framework.Rd",694,"ba6626560fd6a76593c5f9f996daa5d3c8564cf7907c3480aeafb157795f1534"
"man/stpd_publication_readiness_review_receipts.Rd",924,"886ae8037bc50b065ebf836721f85f89cf9b74bea9ac062f58be5cb6a26ba321"
"man/stpd_publication_readiness_stage_packets.Rd",651,"8f6e326f07da77943cb7aa3fff1aa87f604ba01b222942d92deb1c257040e13f"
"man/stpd_score_provider_view.Rd",947,"3bca3d79e409a166fa4e815e1de8b22ee86d4f798581242c5dabb9dcaf3d0345"
"man/stpd_threshold_first_phase0.Rd",4183,"f5224d5cc46c2948c64ec5e9592f47b992e15872662f9c8abde8706f5478d45d"
"man/stpd_validate_provider_reference_bundle.Rd",533,"d3c7d04d90f2a2a464e18dd826ba5ad77b368e2130241889dd6d2debf0c8d591"
"man/stpd_validate_provider_review_view.Rd",810,"0536c7cd9720f51ee9485461364a6dd3a42e55066cfd610e2a1390fcf6d699db"
"man/stpd_validate_provider_score.Rd",728,"3167492bbbc42ecd5738b8d3a0ad0dbe4c02e8ce52b72d39b574823ae2729554"
"man/stpd_write_provider_workbench.Rd",888,"7c26c4155c1d84101b82cb702e407c7f7f9761e8bbe11ae7e48b1795f2ede33d"
"release_manifest_sha256.csv",79989,"0ef78230ab52230ee17be0a7989fe50568b5e935e7093dd8231500f6df42c993"
"results/README.md",2350,"904dc5bad57cacaafc5178e63f82a6e813d749bee257eae85b24101da0cb3c61"
"results/method_comparison/meanisi_vs_logisi_burst/RESULTS.md",5780,"5f189fbc77b054c0a0ddcb5553a15a38599d556e9b924911c0c704bcae83d355"
"results/method_comparison/meanisi_vs_logisi_burst/cluster_bootstrap_method_metrics_95ci.csv",20012,"b49158fc63770359e32fe10879672b25aca3429c934f471857a7393e9e17885a"
"results/method_comparison/meanisi_vs_logisi_burst/event_metrics.csv",23635,"c1c6f01349a25980c81151c65fed153b848bc3800110216a3cdb755a39d4aa3b"
"results/method_comparison/meanisi_vs_logisi_burst/figure_caption.md",627,"2ada0a882639b802d41608c1c8b02cfc10fb5710e04a5a2cdfe6f654669c60a8"
"results/method_comparison/meanisi_vs_logisi_burst/meanisi_logisi_burst_performance.pdf",19815,"d23186ac3d4bc4c68a1d2a81e15dd9b62b1d0a5c61333b7059c5e507bb6388b8"
"results/method_comparison/meanisi_vs_logisi_burst/meanisi_logisi_burst_performance.png",173352,"7bab4d722b9bf84dd0ce80b72c36f1817f784aa9c524d5dc770e4a3b81113349"
"results/method_comparison/meanisi_vs_logisi_burst/paired_cluster_bootstrap_f1_contrast.csv",3214,"d1247d34d4a2e8e5fadec30d13286bf69f6bbc74d56cc2fcb5508ae438fc8e05"
"results/method_comparison/meanisi_vs_logisi_burst/protocol.csv",749,"f8fecdeaaa95e215ebd7b102fa98dc7945de3eef8b5241b534455a6552eee8e6"
"results/method_comparison/meanisi_vs_logisi_burst/real_reference_eligibility.csv",5238,"f8033b9f191b1c27cc0d168aa99651ae247fc22a63f82c7cc1ac3168b80584c5"
"results/method_comparison/meanisi_vs_logisi_burst/runtime_and_threshold_status.csv",61234,"7a5a91f99567b1d2da36bf1235719509c216e6c8722efd26c97f812cf1ffa0d1"
"results/method_comparison/meanisi_vs_logisi_burst/support_metrics.csv",9329,"d1579313ef83698fc6b77a6a2eb4f14cf1da56d17cf414f2e1a4023f56b00c21"
"results/method_comparison/meanisi_vs_logisi_burst/validation_checks.csv",1087,"c8eff2b14d3642028f244401777a3d29aeb59361aef8d180cdbddb90ea8293f4"
"results/method_comparison/three_method_agreement_current/RESULTS.md",1198,"f08cf30c4ac3e82c42c98a31ea2a0d41c2fd8fc36825ac4380237ba00b6329b5"
"results/method_comparison/three_method_agreement_current/comparison_scope.csv",3372,"4a74ab01521af6c3af112cd9824465bea22e65e67173f5b53516e4ef1850600d"
"results/method_comparison/three_method_agreement_current/figure_selection_and_windows.csv",452,"791c467a42eae89eacfd2b82c733c78b347f27688361f601e3faa8ad0c0a556b"
"results/method_comparison/three_method_agreement_current/input_manifest_sha256.csv",811,"43f562a563287e78aec4de7709be3dde9d6bc866fc153034714f5aa21c82965b"
"results/method_comparison/three_method_agreement_current/pairwise_agreement_metrics.csv",5981,"09e86fdc750770bd801bc74a9a00a0892e55fde2ae1885d07839c8bafcfc9b10"
"results/method_comparison/three_method_agreement_current/protocol.csv",521,"11d4e3df690a1b77850672acf2a6e81816c66f4bd6338885b7c93f49042d3508"
"results/method_comparison/three_method_agreement_current/recording_group_bootstrap_95ci.csv",4376,"6a36fd3218a6bf04e5972359018e1433f90dd36a35169c3019b390272765cd82"
"results/method_comparison/three_method_agreement_current/three_method_two_train_raster.pdf",32854,"759356b8f4aaf800a775d949f7fb8857da7e6c868b9859a1915b49e25377a514"
"results/method_comparison/three_method_agreement_current/three_method_two_train_raster.png",203274,"140b06bee8185148635c0eb5d6954423fb16a94f8ff51a6b8823230c04e9e2a3"
"results/method_comparison/three_method_agreement_current/three_method_two_train_raster_caption.md",530,"ddca539448b0883a594f5627f4024bd7fb4511a580c6a3433558540b8d935390"
"results/method_comparison/three_method_agreement_current/three_way_support_metrics.csv",318,"a4717af42060d7951944d4031b1167e3491218ad1a215cad4d853102f953130c"
"results/method_comparison/three_method_agreement_current/validation_checks.csv",1051,"adf45d0b47b2c5f25744c196fe4761f7311833bb70e6ccf27b59328d3a525cda"
"results/method_comparison/three_method_truth_accuracy_current/RESULTS.md",4276,"7472298ba83a8e5c9a408eae0a1d81fc77939ce4fb13350f03dc4a07761f8ded"
"results/method_comparison/three_method_truth_accuracy_current/analysis_scope.csv",1507,"0d80a7c5cb65123cec95c6fee78a87d980ea11e4a61371e034cb20537882627b"
"results/method_comparison/three_method_truth_accuracy_current/cluster_bootstrap_95ci.csv",12247,"213e122fec44938e39b0c21af33e9001eb22ad8d7eaab86b6ad475c5eecc39bd"
"results/method_comparison/three_method_truth_accuracy_current/event_cluster_bootstrap_95ci.csv",37780,"8affc07cd6f9e20f3a83abc00d574f09c106edffd4d1da990bc602c7005535f8"
"results/method_comparison/three_method_truth_accuracy_current/event_metrics.csv",17420,"c188147f3003c9ec1ce6e2b2a3c7061e6a2f0751d17a67b4315850a39bd986ea"
"results/method_comparison/three_method_truth_accuracy_current/figure_caption.md",487,"6a8b6065b5c7c22e706f5d064d066199e384c588a602f5320980d5312dfbe604"
"results/method_comparison/three_method_truth_accuracy_current/protocol.csv",1173,"a4c755fd2e12a37348db4b4f196a43d6827513f6253b092e8c4314a1ca83d8fc"
"results/method_comparison/three_method_truth_accuracy_current/support_metrics.csv",5033,"19dc75d7219029b48f58416e7dd3b47ce12bc00847ce79d8e1eda8adc32e9fae"
"results/method_comparison/three_method_truth_accuracy_current/three_method_burst_accuracy.pdf",22285,"a740ee7e0293598dd11a171f6cdc0e9e13df70659cc445caca770a53fe2e12a2"
"results/method_comparison/three_method_truth_accuracy_current/three_method_burst_accuracy.png",196217,"96599e8ac966f6d1bc6d33f030065ce52d34790baced71471a01d2f46edc1c8c"
"results/method_comparison/three_method_truth_accuracy_current/validation_checks.csv",327,"546f5e73188c7376cf36cbad6c2eb54d6d78202b764c4fa6eb49ff7632f920b6"
"results/performance/README.md",2135,"421244c027dd5302c83d30c4a7449938c39047991ab0f846bdbadc4ccf5adc9c"
"results/performance/real_three_region_runtime.csv",1623,"5e7cfae88a15dea12be4ec9bbc292411b832d69bc7ed8e2035ece830346a0423"
"results/performance/repeated_app_default_one_train/benchmark_environment.csv",617,"f517f824eb4a6285ce283e071db633c205fb12a58b43af31ca70940cbf37d772"
"results/performance/repeated_app_default_one_train/benchmark_train_workload.csv",1237,"0713cba8bf52c857804d4f5953d2228a496c095557b7a88e687cef4ded9c9631"
"results/performance/repeated_app_default_one_train/detector_runtime_runs.csv",929,"017d093394d74dd650c1d095aff7eba3b2eb7fbb7010994f4a30cc235f5057b4"
"results/performance/repeated_app_default_one_train/detector_runtime_summary.csv",397,"f5b913bdef558d29a02a9a0a06c22d9e4a667bfada0aa49c2e2d86edf611f5fe"
"results/performance/repeated_core_one_train/benchmark_environment.csv",610,"04a01a69bf06ccd1a8d5adebc73f0c82d9cee41e08c0e254d68925539a34b4d2"
"results/performance/repeated_core_one_train/benchmark_train_workload.csv",1237,"0713cba8bf52c857804d4f5953d2228a496c095557b7a88e687cef4ded9c9631"
"results/performance/repeated_core_one_train/detector_runtime_runs.csv",911,"a995f869d630bbf7a976c02433a91f25e5d02d3e74952d74a25b63616afa9055"
"results/performance/repeated_core_one_train/detector_runtime_summary.csv",390,"57db5e8569c1e33eafbef3d0a246be3707d2e802263cb73038295b55586e976b"
"results/real_validation/combined_metrics_with_ci.csv",48726,"f8b2ae10ff6598518a03521bc51c0fda431d587c461e64844de997203fb7de97"
"results/real_validation/current_automatic/GPE/automatic/predicted_events.csv",184901,"28d852ea05d214711d84c6ec3c00a5851aa4f999a191de6df64bb13b793ea269"
"results/real_validation/current_automatic/GPE/automatic/reference_profile.csv",1563,"70eb72f3603dc8002d5b3da87b9d988588ccae9ecc6d132e4a549f0fc4c7c7d7"
"results/real_validation/current_automatic/GPI/automatic/predicted_events.csv",147122,"8ff1e6d9f47584535e1719cb44eeb1c9131374faf98f93f408e494b89f550a1b"
"results/real_validation/current_automatic/GPI/automatic/reference_profile.csv",2270,"67f3218b90c68ef24426cfd51dced2b4ce1891f506887798e5b62f35760c637b"
"results/real_validation/current_automatic/STN/automatic/predicted_events.csv",262944,"0596a14a4bb221e1359436f0721a36587dfd5f356100f75776fe454da285df85"
"results/real_validation/current_automatic/STN/automatic/reference_profile.csv",2535,"9c54783a711c95a2d17960da2fb6a4345ee906e9a4d0e72e4abe547a62c00f67"
"results/real_validation/primary_f1_summary.csv",19121,"77a334fcf985c186eb2a3bce4168fdc4d60abb2f4e6a50158b584c6a2d8569a8"
"results/real_validation/primary_f1_summary.md",5742,"e5ea61b123f3e59cb34a1d9542a8994fb15e7d6c88967612ab9a44bff9712f9c"
"results/real_validation/validation_findings_zh.md",5087,"c60c4484543cd0179a646d33de69a6fe2c80d237136fa565adeb828f716ba50c"
"results/real_validation/validation_integrity_checks.csv",540,"68e986aa4efa4ee35b66a668e03c4ed50e4a0353b4d43e7e289c0b125c5e87c3"
"results/release_freeze/FINAL_ALGORITHM_FREEZE.csv",13473,"3d01e5185a6338db31e0ed4b451b9a0e6736c507546fbe6661531aa8959572de"
"results/release_freeze/FINAL_ALGORITHM_FREEZE.md",1925,"41b28b56a46d852128e1728fe280f2dc22d13bbf33adb1e992ffb682e3643c1c"
"results/release_freeze/regression/testthat_shard_01.csv",47250,"b67ab9c8efb2aa21c597a31142ab55aa216490f8f460ee6410f7476d06bd5347"
"results/release_freeze/regression/testthat_shard_01_summary.csv",119,"74d084d7f3925488060dbe2df3446ba08a375f44731be95ef083374346f5f05d"
"results/release_freeze/regression/testthat_shard_02.csv",54959,"ebd8b8f6845b2b92472063315f2c3380ffaace1993e8a974fe5664b45015e1fe"
"results/release_freeze/regression/testthat_shard_02_summary.csv",119,"266565c9f3267ab6ec2d2214fa4719b2ca885ed19c335ad400d354112c44356b"
"results/release_freeze/regression/testthat_shard_03.csv",46455,"2ced11b8e3fd829a64f5f31beffa8758a4d50d1805afbd1dbad61b1dee9f42ee"
"results/release_freeze/regression/testthat_shard_03_summary.csv",120,"58b20e342e18f07724bd89a479849cc9903ee5d0fd3d54bb02b06a1e5e09cb26"
"results/release_freeze/regression/testthat_shard_04.csv",54734,"43e419e2559c2e78951d8e70100e7f6de9ddb01c0188d4bcc03a17b3456c5f70"
"results/release_freeze/regression/testthat_shard_04_summary.csv",120,"cbd2b12670c74c937053588c54bd2602645d8a2d8c05bfcdf0e53085dfbcd461"
"results/reproducibility/PACKAGING_QA_SESSION_INFO.txt",696,"09f201db0afe44ed8fd485cf959f8afc53118a6d83d21a45a74429a50517469a"
"results/synthetic_validation/v2.2.0/boundary_errors_iou_050.csv",82007,"449f746dd65a17a574ed60924825862eafb9da1384a1472d446b05427f29e683"
"results/synthetic_validation/v2.2.0/fragmentation_merge_summary.csv",3112,"4f1760717d870dad16f9191a8df503d09a415377fde2aef84b45fef1e74170d9"
"results/synthetic_validation/v2.2.0/hfs_predicted_subtypes_descriptive.csv",936,"58eef534e4fea2b8e352f9c1c4324b924deef096a9c72513c337ee0a84569253"
"results/synthetic_validation/v2.2.0/pause_subtype_summary.csv",482,"4dfae0b26a7f53e76d59d4aa9e53829445c2fa15e68546a61cc2d2c5d5562c81"
"results/synthetic_validation/v2.2.0/primary_observed_metrics.csv",13173,"60b9d8fce8ac32578859def1799996d2edc3f984c5ca583f704335723c383c15"
"results/synthetic_validation/v2.2.0/stage_c_manifest.csv",834,"adf9f9d7d393112cd815da6d0bd04f91724f92ce4e6fd9d301a20cda4064b7dd"
"results/synthetic_validation/v2.2.0/template_cluster_bootstrap_95ci.csv",40666,"bcc488c8f6774d9bc5234790d404360bd290f3e5692e8e7c515c587081c41a82"
"results/synthetic_validation/v2.3.0/boundary_errors_iou_050.csv",124429,"0eca6025e644591ec9b580a6ede60715fba72a99cef1457d3ed28712d02e9309"
"results/synthetic_validation/v2.3.0/fragmentation_merge_summary.csv",3136,"fe6632510f1c853a7a906a0f29f82829b964f5d6527099b4f9d63201606c654a"
"results/synthetic_validation/v2.3.0/hfs_predicted_subtypes_descriptive.csv",936,"1c8518380b24170e162dbce85175a367bb1dc65755b3f6e4eec469c9686f28e9"
"results/synthetic_validation/v2.3.0/pause_subtype_summary.csv",488,"2807f13b170ca11e8b736b069475035a2b0f26366c31410314d020de73924554"
"results/synthetic_validation/v2.3.0/primary_observed_metrics.csv",13746,"993f2c80ff344cfe348765ca816574936a6875b138a8712ee1bb8a4606cb646e"
"results/synthetic_validation/v2.3.0/stage_c_manifest.csv",834,"26991d15e980edcf90174e483103f75e5b1039c397ba66c8cf1ec70d760bab9d"
"results/synthetic_validation/v2.3.0/template_cluster_bootstrap_95ci.csv",41921,"fed0589a5b40322583be0de8c45fd90e7a6253d3a695a0f7b17d2d7338fa5b04"
"src/Makevars",16,"0b735f7f879d2d8bc9b418edfc6355c469a83e7f4f88459d72d4bdcd9dd2c7b6"
"src/init.c",1506,"ee01eeac26ff63b349fcf8e8b47f8e1b4267622b2cce075b724857d2aa1f4134"
"src/stpd_core.c",17289,"bdb9099d2a054aca1b7d64710725fbe4b386601597d08a97edb11341d3d7f97c"
"src/stpd_jcs.cpp",2060,"abc2ddee732cdaeec210bba5164feb223aee2d1b4449ec3a0b7db1843c145d1e"
"tests/testthat.R",93,"ab5c479262e21e43ad036a9ade076b7a20f52ffeb9a373db3681b747f8e4d57b"
"tests/testthat/test_anchor_policy_all_modes.R",7712,"dedaf038bfae89f59ebc46c77801914cff553634558dcdb8401b67384c67d519"
"tests/testthat/test_calibration_frozen_bounded_borrowing.R",11351,"5d62dee050c5cb8b5142444931484718afad426913f33c7c9318c3af0c751738"
"tests/testthat/test_candidate_universe_root_audit.R",6042,"e6aaabd00f372bd577ba2bcafbd40df09c4a89540e1146ebe5cfa9717ec659ae"
"tests/testthat/test_canonical_api.R",541,"29fc76056979ca61e6de0d3c7f7b36cff093a81da6a5e01ad11b2f56e919c166"
"tests/testthat/test_classic_simulated_patterns.R",6505,"8d7ba4e3e15647426312d95d48cb15c1cc784c49d668f5e79d4c2a77109d1174"
"tests/testthat/test_clean_benchmark_burst_reviewer.R",2911,"51f7172513942d8c4fa1f8c19f3322551eef8c782bd525bcd8bbafd335c06934"
"tests/testthat/test_collect_diagnostics_core_products.R",2127,"2dab8041731e477c7cfc2bc652a44a90aea3cafe6e93aab6d1a07fcd4b4e8c25"
"tests/testthat/test_current_baseline_normalization.R",11569,"e593427963f22a81e089bdb110d78d4b4694bfd6f86ff6bd85b6e7df701d0a7d"
"tests/testthat/test_detection_result_evaluation.R",6862,"5a2b90d024edfa52980c8255ae2a7caa232a135ae3dab5cb729b84a94ebabfec"
"tests/testthat/test_distributional_evidence.R",4763,"5b799b3e67d6b61b5259412fc189f725dea32886218119ed6ab749715c6599c6"
"tests/testthat/test_duplicate_collapse.R",1156,"09280153e3a3ec85ebfe0fa314ef44cb49147927a0cab0237dc0ccb8799a8376"
"tests/testthat/test_engine_registry.R",1183,"0144c099702d7622923dc611300efaabd8ad4720723d2e57272e0d3dee43bc7b"
"tests/testthat/test_event_aligned_activity.R",2609,"e2708cbb1b380d05ee2e0f17743d760efb21d946e5e112833919a21781fa53de"
"tests/testthat/test_event_aligned_plot_i18n.R",8440,"00aa4098f3b9e5a51a7b9233da24a216f3cc8144db5b3b18494cef22160f25f1"
"tests/testthat/test_event_core_candidate_value.R",12808,"77e8f24b9e2f5cb43ded00e53a2951c94f6a0d3f06d7f97ec877237cae03e70f"
"tests/testthat/test_event_grammar_burst_detector.R",5466,"07bbfa2fad724e9a052e7d34bd6fb252cf95024646135b377f9533d651881a03"
"tests/testthat/test_event_regime_candidates.R",14030,"ceca65047fde5fff061c437e505bcd783daa29b5b7ab2f186dd7ff053962308b"
"tests/testthat/test_eventness_audit.R",1742,"b7cc27e9dc26fb7563b76b4642d1c260a4d22fa561688df0d36ba240cd4bc533"
"tests/testthat/test_export_safe.R",1613,"040270e5c9dee8f52dda30683e30df82271d26acba212c5452dc44befcd808dc"
"tests/testthat/test_final_audit.R",5407,"11187392d3763c486707f72bda1ecc24ca3690495b8ca3d678bfba96bcb6e30e"
"tests/testthat/test_final_classification.R",847,"7ab221669fc6e918ea2ca129617ca9221c0884d427f9cf5cbc65e70560ba20a9"
"tests/testthat/test_gate_b_v3_engineering_acceptance_fixes.R",15638,"c00e0fc0fdb5421c6639cc587920b43ae8730a67a9ab70e7717b38431f5af7cb"
"tests/testthat/test_gate_b_v3_phase1_contract.R",63344,"1da1f06a47f83acbcfaf4c409652792a6f7f1a72f5066a9af85e5e7a280bd2c5"
"tests/testthat/test_gate_b_v3_scientific_closure.R",15920,"db38518618ec2c8dbcb23541e3909eea61e8bf8f8a540f8a8a6be44be592d043"
"tests/testthat/test_golden_cases.R",481,"8d9ce6f4b8fce47f51046877301c9e674b9b39b83aa82cf5a6c868128ac05044"
"tests/testthat/test_hfs_duration_gate_advisory.R",7035,"27071aee336917888f0d8876da51bff347c37c62e93cb2ba3cc258e37d8616e8"
"tests/testthat/test_hfs_histogram_scale_equivariance.R",24482,"78b547fb1f56554204b7a1442f97442ea911200dbcf03d904263ca749cd4b1b5"
"tests/testthat/test_hfs_parent_subtype_hierarchy.R",4514,"66c0c806009a7ce918afd407522f5fa0dea7d3e11f9776e60f4daae85373a5a4"
"tests/testthat/test_hfspiking_pause_coexistence.R",12176,"6aa8ad954cd38373fbc81c75af91ecb7614e29e131401a4ef9ea0f0aa417d6aa"
"tests/testthat/test_i18n_ui.R",16535,"9fa03baf758372f3ccef560d328a4841767ecb51a43915cac13a51af7105ab85"
"tests/testthat/test_interburst_pause_adaptive.R",12465,"324af3d9476a08cde290d14c8be4a7a713834d326b858b174450723b8209a90e"
"tests/testthat/test_internal_api.R",3016,"fdca8a3e1d2d4dc1bc5ea3241e71fbb24a876215f18e6fa1c00f5fe7634d882a"
"tests/testthat/test_isi_core.R",491,"f34a2f5db8393aece30f2c21272131089b7e7e309793e98be3992b084414f1b6"
"tests/testthat/test_logisi_support.R",895,"90c08adda23854128dc131ce7a35b3741eb0355428d738a4d44df8a478a5ddb9"
"tests/testthat/test_manual_anchor_soft_prior.R",3197,"feeff071371c4ecfd9066a8e8bf186ad9a9f4a9dee2cc909af480983f8813bda"
"tests/testthat/test_manual_burst_structure_learning.R",4965,"02925a6ae949627048883d279ed4e2eae6b05d85e8a45913a31fd77051ed07b1"
"tests/testthat/test_manual_lock_fragment_validation.R",2789,"afbee08325889e7ef4c84d2bd0a7a064d15c67724f275a65f146f9a4457f5b5f"
"tests/testthat/test_misi_support.R",667,"971784b929712f2d5d0e91c687e28de658e7b44c303513a322574d87c478c598"
"tests/testthat/test_multitrack_auto_product.R",27232,"4f14346784b65a8fd6c3df21ee4acd78ea2d4245b26af5de74c28ffe496af442"
"tests/testthat/test_multitrack_compatibility_shadow_phase1b.R",23066,"4012b9f9254c93d887bcfe50ab8e918867e340eb4f6094977a42c37d25be9450"
"tests/testthat/test_multitrack_final_product.R",8803,"22975aa55069ef30087b3f6453f4494c9a7c821eaf5916c1c940e2e9ccf95562"
"tests/testthat/test_multitrack_gate_b.R",4092,"7020bde1121899e5ca61c78dec7ca0a7c4a1f06c195be3978e29c223546bda7d"
"tests/testthat/test_multitrack_gate_b_consumers.R",3320,"79e5a7bf359f4475af920ec634bfc7c9ec41b558fb60e2562b2acd9488bb2833"
"tests/testthat/test_multitrack_phase2c_export_fk.R",8838,"3af60e94c8d11fd35fefab7f86d5d02ca2aafb14b1fd610851389448b3b2abe2"
"tests/testthat/test_multitrack_policy_contract_phase0b.R",13019,"fb6b8ba6b8dbcd3c5a7a9a1ff0ebc4bbd51c691b19a1fe7c727efb12696790be"
"tests/testthat/test_multitrack_public_integration.R",14734,"79d22f98a9a2e5e77bac3ff7db503b767dff78cb0c77eeddf2fcc8d1544061d4"
"tests/testthat/test_multitrack_public_preview.R",37370,"9c694fbe26739f5748c0ff9b0d0a4afacf5b8ab87072734e3f307d4bd1eed649"
"tests/testthat/test_multitrack_review_export_phase2b.R",21746,"ac537f3a620169a5373e7ebd9220aa4dfd291c3705c0eff94a8521eaf6f20985"
"tests/testthat/test_multitrack_review_legacy_guards_phase2b.R",6600,"785ef22fd845930a51631c0603a16063a2d9c3ed51cf98b81a30a549f3901a32"
"tests/testthat/test_multitrack_review_transition_phase2b.R",48791,"62e2eac603b5770d4c44dac943a7f72f98d688ff650b52590b3bbf7c60791292"
"tests/testthat/test_multitrack_shadow_phase1a.R",12894,"d1e0821d4d39dd819c9590a26583d72ca12ffd9bcf2fd38c5ec3076843b142cd"
"tests/testthat/test_multitrack_validation_phase2c.R",24939,"a4e74a4749a25bdab6af930368c622a9f43a18b2f2f4bbfb4da0b56ca555a675"
"tests/testthat/test_native_wrappers.R",3781,"c73682dafa8542895e1b508388f8f6155cb104f28cafed69c3ed094ab8298adf"
"tests/testthat/test_nested_hfs_burst_local_rate.R",10490,"e182eeeef65d1187ac16371871483bcf690dfc047f2543bc9a42a7b5ebd97f73"
"tests/testthat/test_neural_manifold.R",3846,"b79795b33419f20c8c6edef99a6a95b3a1277097481a13cf012f60a5f781ad6e"
"tests/testthat/test_parameter_contract_source_semantics.R",5894,"628a55071bbaa9c7dc1cedd1d087ebf8241da79fad7dfbf870f5b996fb90ed7a"
"tests/testthat/test_parameter_delta_preview.R",13382,"3cc09704edaf11faf118b6e22bc2ce5b7368880dde08dbe68f909debf99d4b6c"
"tests/testthat/test_parameter_semantic_relations.R",14007,"51820bd888e3591a18681e3520d0639abe1afc8fc478d41fb0e093b2753581b5"
"tests/testthat/test_parameter_sensitivity_validation.R",9487,"4c3745aff2c966cbe786ad24bac98851fd507c5243f68cb7bc2beebe84f134d4"
"tests/testthat/test_patch_stack_cleanup.R",5105,"39fdce47e6b8977b04c2cf41fbd06ae55594c62bd19fd13412873da71001feb9"
"tests/testthat/test_pause_error_reviewer.R",1646,"f5fd1b586445006a262fdfabb14f5595d6be06ad3f4be09a24fd978e8305ae4d"
"tests/testthat/test_pause_strong_tail_threshold.R",6786,"b1f75050e1ff1035cf92d627771e8888528d29c90954431ac8e849bbab7d5d9f"
"tests/testthat/test_possible_burst_promotion.R",3153,"3060963c86396e06c70de7b968e67c825d58c3b01274200f39a5a18c2817b15d"
"tests/testthat/test_product_hardening.R",13693,"c75afa786b4f915ec796a5f0ec302aa6af06b9bd273e49c728f000f6cea59577"
"tests/testthat/test_product_param_scrub.R",506,"4c49ffe640beb4f1bbf74013c2a87055f996de3a12b750c17d954a6781df4abc"
"tests/testthat/test_provider_adapters_phase_b2.R",30401,"b5c51637e6690fe31376438e42d44d49b61e3070be2b5087870f193e0cf8075a"
"tests/testthat/test_provider_adjudication_phase_c.R",9696,"c16417c625e59118b4db51b20e3a6b4767fadc8df7234ff47b3e5d61781c4254"
"tests/testthat/test_provider_contract_phase_a.R",46189,"46a4ebebf30971832978b9a92cd69659585fcbb167b6cc4319b7afa27e636f78"
"tests/testthat/test_provider_normalization_phase_b1.R",28083,"7056d45939660a0017024987ca1a2b96aef1b051dabe741572293bef94e02065"
"tests/testthat/test_provider_scientific_composer_phase_d.R",12484,"677ac4e1dceaa03d6dd413a55f85cf40782b0db60dbc257a97ac5df76108371e"
"tests/testthat/test_provider_workbench_phase_e.R",17261,"9ec1ce67194922522e5e6a2dd8bc8dfeb182a1be4b8f9bac32af18395376e513"
"tests/testthat/test_publication_readiness_framework.R",8081,"0b820d8a7a36935b1e7ded979094698dca88815423ef9544ed0348d5b78617a8"
"tests/testthat/test_publication_validation_hfs_semantics.R",29447,"1993dca3296b48dfc8ce812d51f788a02653bf1d84938bfa04d7d971f3d0e585"
"tests/testthat/test_qc_message.R",1934,"10ca2a5917384ba07554552f927d888d8db848ddee062b37bed74bac5cc1e922"
"tests/testthat/test_realdata_smoke.R",356,"49269c8922957308ee2bdb95fa60030fe2d4dc94994cf3dd88c93741044c33b2"
"tests/testthat/test_refractory_dense_episode_regressions.R",10456,"534dfd87d2f88a2a084034f42f85ff93c1c0f6475dd9c803cc2d309604b1880b"
"tests/testthat/test_reviewer_group_holdout_integrity.R",12606,"12fbd5edcc608216afa2ae1a68f24c77a0ce6c8844dfea6bcd1fca5cbbe42618"
"tests/testthat/test_reviewer_label_blind.R",6999,"8944a81e7fc50980bab69e433b46018d6b186d69b0c0e7c9c5687ae81ab7e893"
"tests/testthat/test_reviewer_param_contract.R",9329,"c8e52d4081dc07fc012361efb2fb7a65731802536bfc5b08034a48a535fd712d"
"tests/testthat/test_reviewer_run_provenance.R",8710,"2f6e23198fcbb84b12a42d6baced40bac036ea0a1ddcab6c9f3c909ef3fe01c7"
"tests/testthat/test_reviewer_validation_matching_holdout.R",7527,"d57293c732dcc2a998d85d99135a77ce8511b995cd71840daaea9e9992ef8b2f"
"tests/testthat/test_schema_yaml_config.R",18427,"204100a89fa61849669903f83a7d3f58c0a186a2c42cd054939cba1d867800ab"
"tests/testthat/test_scientific_validation.R",1523,"cf4b51ed27453e37cf21cdf066df261276ff353f4d9f5b5b21550d510fd619db"
"tests/testthat/test_scientific_validation_defaults.R",424,"f307ce0b18b8c2a94612d6acc1dba430f6c063f93083022cba4129732129b309"
"tests/testthat/test_slicetca.R",2573,"cf8f5cc700b00423cb074e3e2de0b6b64bef555be1d8094d2accf3051df850d9"
"tests/testthat/test_slow_isi_structural_burst.R",1745,"91ad1c420d0682d97337cab726b6dbd5107799694f195fe179275a76082f0b69"
"tests/testthat/test_spike_train_metadata.R",660,"870a6117c28dee7bfce14e8ac79112bbe29bc123ca5a59dafc8c5ae2fabee10e"
"tests/testthat/test_state_dynamics_layers.R",6745,"54eb5686b84d0a58e6a45db65ef3715327bfd617a0537fdab83109bb85e1ca75"
"tests/testthat/test_state_event_boundary_semantics.R",8321,"5ff30bc3c1123607475a3c2ba7618e6fe820914426e19517051077b0c8958c47"
"tests/testthat/test_state_space_pca.R",3851,"3f94e52428e5d727c4038e65887ffc6d6eb88455b24457dd23e40797dcbb5de2"
"tests/testthat/test_state_trajectory.R",10528,"59ece3f6adc05e39ff2dc0ee7f655740708c8a887122b9f84b77b733e794d603"
"tests/testthat/test_statistical_strengthening.R",8063,"7e389cad54f3d2b95e18dc6b1ee6b6221e8d0845eae2c847699fb0221b542297"
"tests/testthat/test_structure_first_burst_screen.R",19689,"2b36d1f3caf1386239653fccabbb7e13d841687abb2fa066f585d44f4803c7f2"
"tests/testthat/test_support_threshold_parameter_import.R",4389,"54450c38f42e48316b6fc2ca198fcdf8237535252ae85a680b6b6989d476f678"
"tests/testthat/test_task_events.R",4068,"15614812773067767145aa68a51ca0b144379a3dc7c780e00f41f4dfdf667e9b"
"tests/testthat/test_tf_burst_hard_threshold_root.R",18969,"b4f34fbbb5caefa058b82d8c73f9c4e30b99194b45a82de4913dbf5cd1a4e47c"
"tests/testthat/test_tf_burst_pause_boundary.R",15733,"e8642299662caf78f370ae021a6496f298abf43dbdd5a9e1203617625516e13a"
"tests/testthat/test_tf_burst_pause_ownership.R",18527,"bbd29a518f0a8c957a0b5a8aecd75bcb7d3cf6220dd74e55d358f1356536bd66"
"tests/testthat/test_tf_burst_structure_union.R",19597,"be0c36fda1ad83c261e7e1b3d5e3ec6cef985a1288424f6b485f4ae698623441"
"tests/testthat/test_tf_pause_raw_canonical.R",18037,"6aaf31515a9de6c2f7ed55246b87274be139ca53057e1ecd14caee5eb67203ad"
"tests/testthat/test_threshold_elastic_burst_path.R",6128,"2eefd7187c9fcaa8514ca190be6acb2652ada5af5675e0343a6e6e8808a53b64"
"tests/testthat/test_threshold_first_broad_hfs_state.R",8937,"9c5227943968ba5501cd86734f1b287822a6549776718111a99c107e709e5ff1"
"tests/testthat/test_threshold_first_candidate_lineage_active_entry.R",20467,"15bdb4d031b027d842c69b37ab78ef432178d6496823071dcf62dfa0e319a39c"
"tests/testthat/test_threshold_first_candidate_lineage_burst_refractory.R",21376,"34818fae2c69719d410d1a1eff158737e469e24679e0ac2d0b2aa491664360de"
"tests/testthat/test_threshold_first_candidate_lineage_burst_stage1_2.R",21197,"0dd72841f9f6071bb7926f85529fb242d7ff9594b1d8a2160d473c29fca8cbed"
"tests/testthat/test_threshold_first_candidate_lineage_burst_stage4.R",15915,"aa914c68e3fcf53f142651593c87ac0a71690f8a69474f2fe808875d4df37344"
"tests/testthat/test_threshold_first_candidate_lineage_collector.R",8093,"3c80d474b6e014d803cec5f571b0d2f38fb1aa52381a042ff5eb60ed40383d24"
"tests/testthat/test_threshold_first_candidate_lineage_contract.R",85095,"7ac15594387f066d29ea115aaae195c34a7f48ae2b798946a3c9f7942cd5a610"
"tests/testthat/test_threshold_first_candidate_lineage_live_guard.R",15479,"11775f7647ba2552d468b52beeba969dc697bb791a90fc05e6e0d6dc0dacac3d"
"tests/testthat/test_threshold_first_candidate_lineage_pause_contextual.R",34194,"db1d91c5a8a6bc4fc3e18b9c31fe4fd4fcc3e978ed6e036b8c5fc111c1574b7a"
"tests/testthat/test_threshold_first_candidate_lineage_plumbing.R",12173,"66dc8bdeb5835acff859e64e47bf3c9bd93b82863e29efa2ed42c64c250ff7c1"
"tests/testthat/test_threshold_first_gap_final.R",5196,"cfe0d9e615bf8463984d379a39a8f505e00f1b19495fa6d883e8303035aacc38"
"tests/testthat/test_threshold_first_nested_hfs_review.R",6743,"0b717e8afcb9e10723ab1cfc6adbb62ecbdb902b048980fc632e40a44daf4819"
"tests/testthat/test_threshold_first_phase0_contracts.R",39907,"38fac81c4ac7aa6736c2cb25ba2be1b409c1fc70754745a6809449ce2a853798"
"tests/testthat/test_threshold_first_tonic_state.R",7128,"bd4fa62f8deeae702a8afc3d43c6709c712c74bb4abae8e0122a8ea4d795fc75"
"tests/testthat/test_tonic_burst_overlap_guard.R",6505,"c8a5c2d5016e693e5a14a47fd26678f49fd295433df18d574eb490ea191a39d1"
"tests/testthat/test_tonic_frozen_band_entry.R",17227,"d7958d7373e4dc74c8ff404842710fe6891a8a2d84849dfd12adc697d588990b"
"tests/testthat/test_tonic_hfs_edge_resolution.R",4609,"b4612b6ec3f23ae3cb8f87c0bdaf9dfdbf88c2eedf372b5fbc869df1f54de266"
"tests/testthat/test_tonic_mm_relaxation_contract.R",9437,"5cafb18a196edc0708dabba9d31080950ed96252bef6730082d81faea35eaeac"
"tests/testthat/test_tonic_near_miss_mm_gate.R",5762,"031c033d9b7c347baaf27110e31ce0639f279777bd991ff08d79710e90594998"
"tests/testthat/test_tonic_review_candidates.R",11462,"e69b4cb9d744ef31e8ae8efb5c87c00ccdf7d57a0a4346c0eed427e9a90d1560"
"tests/testthat/test_train_pipeline_registry.R",2308,"dc284d5321341df80cef0139e0a02bb9a082e9371995e85ec615b85b1e074de6"
"tests/testthat/test_ui_batch_export_localization.R",5138,"acf63bd37d86b79a6e4c332671adfae0c7dcec533a8cd5bd9f712bcd2626906c"
"tests/testthat/test_ui_chinese_language_contract.R",33896,"8f448754a6a03e4a6402cebace7228686c3f72e2edde0a3d8e2f90c49f5da7d2"
"tests/testthat/test_ui_detection_error_i18n.R",4490,"c35e3378ca5bf38b3d6fd1e13c366f0ef0c78382546c0e1b7f30d0d822b00055"
"tests/testthat/test_ui_dynamic_status_localization.R",13784,"642c513f7f0dfac1277e8585a1d1d06fb48491a4686e08bce3102c620cbe0e53"
"tests/testthat/test_ui_export_integrity_helpers.R",13024,"f1a3b99bea79744ea02fb66c5b1c8bb3c3957e66bd5ee15a254288460c582ba1"
"tests/testthat/test_ui_export_scope_adversarial.R",53575,"3a936ede92ea6b0e4b6658ebc579ad14774b64a436d9af46aaf33342cc6158af"
"tests/testthat/test_ui_orientation_event_core.R",10614,"0550d4da9bc2b51009d9b350d93886d145277619f9f36523dcd2a1942b0c44f7"
"tests/testthat/test_ui_orientation_export_progress.R",9706,"b049274614066459d76a832dc2e0c53f51507bddc2a1b92a52f6e370ab756c17"
"tests/testthat/test_ui_orientation_integration.R",12579,"36e3bf8efb5dbeb065a40bb7439a96e9c5386a4cece1b860940c207161722b11"
"tests/testthat/test_ui_orientation_navigation.R",15152,"a8ed7b8a6e25367d305f387bbf26d6f477d6a6315afce1bee625e50d413d1607"
"tests/testthat/test_ui_phase0_safety_integration.R",8974,"ed8860fe0903a7522cccf4fe5458fd663aef53573dd6867a0fd24f909d044aac"
"tests/testthat/test_ui_raster_overview_reactivity.R",593,"1f1729c90078aa46dd35e75f67ad39f6a5799e520dff7d418e984c5ff5aeb497"
"tests/testthat/test_ui_run_state_phase0.R",21809,"434d97ab16c84894e93748bb1620744cf1f8cef39d02e75924573185ad0e5c03"
"tests/testthat/test_ui_selected_train_scope_remediation.R",4541,"49b20fc39a7f0fdedfe6b628a982ea57ad937629a7b28a14580dd79c2d14fd1e"
"tests/testthat/test_ui_static_exact_dictionary.R",2807,"a15784556643acc077ba9fc48d80aaf8a6e2a7e0f3095d530b12197186aeffa0"
"tests/testthat/test_ui_transaction_safety_phase0.R",20522,"c0e0c95d33d36a572f6dd595617e349887e89ae33de10a37ebf770924749c6b4"
"tests/testthat/test_validation_consistency.R",2515,"cb470fcb1c2d68517162b4d3262192d344f0fd6afcdd4b32ddedd7c57160c030"
"tests/testthat/test_visual_semantics.R",1627,"97bbfed7ca2fce2b5374c71be96ba6d37e55f1c8c9bb07d0318c057295638d37"
"tests/testthat/test_visual_thresholds.R",8382,"f5c976349af02ebe701b9094f154a7e03f80bd42d13072796cf00905bbc07889"
"tools/build_upload_manifest.R",2185,"4ba251156dcd591bbcbba89ba415daf4616645a8d9afad07b9c595f7c76a7169"
"tools/check_gate_b_v3_phase1_reproducibility.R",3019,"d1a4f1b62e4c8309cfe288dd591a41292a23349c21d9c17c5cd963440b50dd4a"
"tools/freeze_algorithm_release.R",4510,"b539c05c8d9c7273655a3a855ccadf20efa325a868a83f91f956addae6e66591"
"tools/generate_gate_b_v3_phase1_bundle.R",60611,"94beb8c39185cb493877ba3e097b1bcc07aa8d017c979b8d15c29fcff1c1b02a"
"tools/generate_gate_b_v3_phase1_specs.R",3604,"de9eb8f8858126ec762a53a8219b77a7bd6ac3cf24e059e96442d78d067cf926"
"tools/run_testthat_regression_shard.R",2925,"43f65e204a99c9eef6d14da5bf14cec7359002c30a0575519659c193d516dbbc"
"tools/write_packaging_session_info.R",895,"56f41f586b4bea256ddc144e0f9ea01370ba9b4c6576afe6a93d972536976a87"
