"Phenotype_Evidence_ID","Template_ID","Candidate_Origin","Mechanism_Event_ID","State_Envelope_ID","Start_Interval_Index","End_Interval_Index","Start_u","End_u","N_ISIs","N_Spikes","Duration_u","Internal_Median_ISI_u","Flank_Median_ISI_u","Median_Contrast","Mean_Rate_Ratio","Internal_CV","Compactness","Evidence_Score","Phenotype_Label","Ambiguity_Reason","Mechanism_Estimand_Role","Phenotype_Estimand_Eligibility"
"PHENO_0001","TPL_001","injected_rate_pulse","TPL_001_EVENT_002","none",17,19,17.6424763036408,18.0571513647342,3,4,0.414675061093326,0.131587450153997,0.653642087993042,4.9673588722031,7.47101216358834,0.107256597120917,0.219383856962051,3.26831591021827,"no_burst_evidence","none","injected_burst","eligible"
"PHENO_0002","TPL_001","injected_rate_pulse","TPL_001_EVENT_003","none",21,24,18.619507071622,19.0748320227762,4,5,0.455324951154239,0.111671126941369,0.418522386092937,3.74781196855544,3.03043427533481,0.442079613093928,0.30820152668712,2.87531291158691,"no_burst_evidence","none","injected_burst","eligible"
"PHENO_0003","TPL_001","injected_rate_pulse","TPL_001_EVENT_005","none",44,48,32.3424937257514,32.8102865536165,5,6,0.467792827865156,0.0701355047830745,0.269856830587301,3.84764936706385,9.77812044163385,0.511433714150953,0.412204013918681,3.53191099003382,"ambiguous_burst_like","score_between_pre_frozen_gamma_null_guard_bands","injected_burst","exclude_primary_include_sensitivity"
"PHENO_0004","TPL_001","injected_rate_pulse","TPL_001_EVENT_006","none",87,94,42.249477652562,42.7665042080916,8,9,0.517026555529654,0.0541202588350247,0.231646678053946,4.28022117854382,3.05090907435517,0.388030645338806,0.299384978368081,4.3526031282531,"clear_burst_like","none","injected_burst","eligible"
"PHENO_0005","TPL_001","injected_rate_pulse","TPL_001_EVENT_008","none",116,119,50.7372738245077,50.9479075112092,4,5,0.210633686701435,0.0548772429891546,0.268462909471363,4.89206262647741,4.99763848883112,0.244357549590843,0.224524676070674,3.55303365881386,"ambiguous_burst_like","score_between_pre_frozen_gamma_null_guard_bands","injected_burst","exclude_primary_include_sensitivity"
"PHENO_0006","TPL_002","injected_rate_pulse","TPL_002_EVENT_001","none",29,34,5.29445742582929,5.96551545889724,6,7,0.671058033067952,0.10397807408996,0.220787065929685,2.12340022511538,2.38295570141563,0.484553252354529,0.577318046939228,2.01314161853197,"no_burst_evidence","none","injected_burst","eligible"
"PHENO_0007","TPL_002","injected_rate_pulse","TPL_002_EVENT_002","none",54,58,10.7410217365759,10.9459106462672,5,6,0.204888909691267,0.0401960692288199,0.214100708417149,5.3264090873752,6.73806117329438,0.261987380763399,0.235710002412416,4.19096445153771,"clear_burst_like","none","injected_burst","eligible"
"PHENO_0008","TPL_002","injected_rate_pulse","TPL_002_EVENT_003","none",88,90,18.4050742583374,18.5616636354884,3,4,0.156589377150942,0.0560478612849091,0.180171149672625,3.21459455440696,3.57091202482583,0.256118381529374,0.330975067337791,2.31511129416181,"no_burst_evidence","none","injected_burst","eligible"
"PHENO_0009","TPL_002","injected_rate_pulse","TPL_002_EVENT_006","none",117,123,33.1294997036528,33.9432923620078,7,8,0.813792658355071,0.120475481888613,0.245250930906185,2.03569163668451,5.41323269089972,0.195608179983591,0.542364013127105,2.283345100255,"no_burst_evidence","none","injected_burst","eligible"
"PHENO_0010","TPL_002","injected_rate_pulse","TPL_002_EVENT_007","none",125,132,34.5681296938542,35.2758776137182,8,9,0.707747919863991,0.0852517524352742,0.457424035521469,5.36556753913956,6.19697580412895,0.327007239202124,0.22809463979992,5.17507829355268,"clear_burst_like","none","injected_burst","eligible"
"PHENO_0011","TPL_003","injected_rate_pulse","TPL_003_EVENT_001","none",16,18,3.56149356534955,3.72754494925588,3,4,0.166051383906334,0.0565001069448408,0.277642714822772,4.91402104944377,5.397452906259,0.191377518879271,0.219385706377688,3.15992923789093,"no_burst_evidence","none","injected_burst","eligible"
"PHENO_0012","TPL_003","injected_rate_pulse","TPL_003_EVENT_003","none",41,46,14.9789357402461,15.303255809875,6,7,0.324320069628844,0.053681421777029,0.250911139209682,4.67407775173813,4.1721628759278,0.191397782824485,0.234505851378001,4.11516011674858,"clear_burst_like","none","injected_burst","eligible"
"PHENO_0013","TPL_003","injected_rate_pulse","TPL_003_EVENT_005","none",76,81,33.8596064784505,34.4226938060894,6,7,0.563087327638944,0.0895858509462492,0.612182185118008,6.83346955631769,8.55001507175908,0.311488542135574,0.192261865288432,5.21284348255244,"clear_burst_like","none","injected_burst","eligible"
"PHENO_0014","TPL_003","injected_rate_pulse","TPL_003_EVENT_006","none",83,86,35.0309840098438,35.7074947395661,4,5,0.676510729722308,0.144397998657431,0.0736167336315467,0.509818240668244,0.864430486542075,0.434462562939266,2.44578736095347,-1.42726936804673,"no_burst_evidence","none","injected_burst","eligible"
"PHENO_0015","TPL_003","injected_rate_pulse","TPL_003_EVENT_007","none",87,91,35.7074947395661,36.0713132367282,5,6,0.363818497162096,0.0637256198053964,0.144397998657431,2.26593321647384,2.04848639179539,0.320420933391305,0.567763537412932,1.97630704434326,"no_burst_evidence","none","injected_burst","eligible"
"PHENO_0016","TPL_004","injected_rate_pulse","TPL_004_EVENT_001","none",32,34,6.62192629420036,6.98518688720264,3,4,0.363260593002274,0.145303084723886,0.160545294535699,1.10489942344154,1.24835564204177,0.533520502501097,0.982231742211622,0.17488428495942,"no_burst_evidence","none","injected_burst","eligible"
"PHENO_0017","TPL_004","injected_rate_pulse","TPL_004_EVENT_002","none",44,51,8.46226527046276,8.86089694805256,8,9,0.398631677589805,0.0488500688090024,0.173043080750391,3.54233033789508,3.72466018144984,0.324381913770775,0.317621663473897,3.87365734386862,"ambiguous_burst_like","score_between_pre_frozen_gamma_null_guard_bands","injected_burst","exclude_primary_include_sensitivity"
"PHENO_0018","TPL_004","injected_rate_pulse","TPL_004_EVENT_004","none",82,88,19.2485018449803,19.6835422944893,7,8,0.43504044950899,0.06166747505823,0.341845045477383,5.54336050170034,4.66986571354518,0.190075871941104,0.197237578946306,4.89739108319681,"clear_burst_like","none","injected_burst","eligible"
"PHENO_0019","TPL_004","injected_rate_pulse","TPL_004_EVENT_005","none",104,110,24.8397156610165,25.6417785721609,7,8,0.802062911144312,0.092994015423618,0.255543346050446,2.74795474618838,3.25503018996874,0.407189697253187,0.464614157643607,2.92880740310223,"no_burst_evidence","none","injected_burst","eligible"
"PHENO_0020","TPL_004","injected_rate_pulse","TPL_004_EVENT_006","none",112,119,26.1615497471542,26.9786898147968,8,9,0.817140067642592,0.0811950600086462,0.731567581845842,9.01000112282619,6.11352561600709,0.388699275853112,0.185547207326058,6.63158687841123,"clear_burst_like","none","injected_burst","eligible"
"PHENO_0021","TPL_005","injected_rate_pulse","TPL_005_EVENT_001","none",11,14,2.57624488145115,2.81928904943961,4,5,0.243044167988466,0.0597738474350267,0.2459695278139,4.11500243616183,4.59729758763233,0.109537304580248,0.25754856863955,3.19969228431721,"no_burst_evidence","none","injected_burst","eligible"
"PHENO_0022","TPL_005","injected_rate_pulse","TPL_005_EVENT_003","none",62,64,22.6680110448079,22.7954070323993,3,4,0.127395987591395,0.0433962998287947,0.14079783625999,3.24446639034802,3.57307738994192,0.282917873271882,0.345826554712125,2.32860377228356,"no_burst_evidence","none","injected_burst","eligible"
"PHENO_0023","TPL_005","injected_rate_pulse","TPL_005_EVENT_005","none",104,107,44.1995469529638,44.8920035915922,4,5,0.69245663862833,0.16150161758628,0.487906363916506,3.02106177763731,5.86461475730979,0.647423008176899,0.443866644076449,2.58870860110313,"no_burst_evidence","none","injected_burst","eligible"
"PHENO_0024","TPL_005","injected_rate_pulse","TPL_005_EVENT_006","none",131,135,50.4665535425115,51.2886562711455,5,6,0.822102728634075,0.0979817382730135,0.0955559100773223,0.975242037562837,1.9744465659713,0.601720707959884,2.65624383935613,0.0538426451389691,"no_burst_evidence","none","injected_burst","eligible"
"PHENO_0025","TPL_005","injected_rate_pulse","TPL_005_EVENT_007","none",137,142,51.7460409886565,52.2608676450793,6,7,0.514826656422744,0.0906849284573751,0.175900767864984,1.93969131207578,2.63081184569278,0.175052414568281,0.542362644703267,1.84717548487605,"no_burst_evidence","none","injected_burst","eligible"
"PHENO_0026","TPL_006","injected_rate_pulse","TPL_006_EVENT_002","none",33,37,19.3500618314957,19.65964933091,5,6,0.309587499414313,0.0597140928791347,0.171663577778123,2.87475819360735,3.68587065647469,0.247014357607827,0.422172509008716,2.66264274779779,"no_burst_evidence","none","injected_burst","eligible"
"PHENO_0027","TPL_006","injected_rate_pulse","TPL_006_EVENT_004","none",67,72,31.0482317028796,31.4553392519102,6,7,0.407107549030624,0.0641298987021601,0.194428991212005,3.03179944373522,3.7020848768413,0.214034437843484,0.381298815890125,3.02268761820902,"no_burst_evidence","none","injected_burst","eligible"
"PHENO_0028","TPL_006","injected_rate_pulse","TPL_006_EVENT_005","none",117,119,44.2850632930887,44.7361382344434,3,4,0.451074941354708,0.175498296139703,0.121069627047789,0.689862122373045,1.06889232509113,0.31889167308097,1.47025568328238,-0.658280728363593,"no_burst_evidence","none","injected_burst","eligible"
"PHENO_0029","TPL_006","injected_rate_pulse","TPL_006_EVENT_006","none",120,127,44.7361382344434,45.4090477490908,8,9,0.672909514647361,0.082327201789428,0.132031524928854,1.60374119439353,2.10710423331402,0.349328518929246,0.70418518370504,1.48737265247619,"no_burst_evidence","none","injected_burst","eligible"
"PHENO_0030","TPL_006","injected_rate_pulse","TPL_006_EVENT_007","none",129,135,45.9175264329294,46.7042392636379,7,8,0.786712830708524,0.127037406285617,0.51017027472456,4.01590594173144,3.1907757728461,0.326182073087802,0.258798937276653,3.9357378641469,"ambiguous_burst_like","score_between_pre_frozen_gamma_null_guard_bands","injected_burst","exclude_primary_include_sensitivity"
"PHENO_0031","TPL_007","injected_rate_pulse","TPL_007_EVENT_001","none",27,33,9.79717306181026,10.3405375799923,7,8,0.543364518182079,0.0627643448498896,0.367175453970724,5.85006431356655,4.07849981062603,0.600678970573926,0.245678254562342,4.96495883755593,"clear_burst_like","none","injected_burst","eligible"
"PHENO_0032","TPL_007","injected_rate_pulse","TPL_007_EVENT_002","none",49,54,15.4765839401092,15.9316007080004,6,7,0.455016767891227,0.073106556332364,0.274559243334603,3.75560356155166,3.89429735286565,0.405092648537561,0.36803124027627,3.54065392319532,"ambiguous_burst_like","score_between_pre_frozen_gamma_null_guard_bands","injected_burst","exclude_primary_include_sensitivity"
"PHENO_0033","TPL_007","injected_rate_pulse","TPL_007_EVENT_004","none",92,95,28.0637850327036,28.5489295781626,4,5,0.485144545459024,0.127567087681395,0.395072066036446,3.09697487978372,6.49000587428001,0.552728488899387,0.45179877473228,2.67314458969713,"no_burst_evidence","none","injected_burst","eligible"
"PHENO_0034","TPL_007","injected_rate_pulse","TPL_007_EVENT_005","none",97,101,29.0524196501857,29.5335449231488,5,6,0.481125272963104,0.0950096129160473,0.23558735688756,2.47961600575861,2.55715666057812,0.377947991812248,0.408410014419679,2.2275108214674,"no_burst_evidence","none","injected_burst","eligible"
"PHENO_0035","TPL_007","injected_rate_pulse","TPL_007_EVENT_006","none",112,119,32.2149488243097,32.6687044896764,8,9,0.453755665366691,0.0547877627796518,0.226239168226799,4.1293740928371,4.51702433534769,0.379106120659476,0.330079106929816,4.35011835277739,"clear_burst_like","none","injected_burst","eligible"
"PHENO_0036","TPL_008","injected_rate_pulse","TPL_008_EVENT_002","none",47,53,15.2075470364964,16.0193517976682,7,8,0.811804761171806,0.107452956671928,0.164124604405189,1.52740891910764,2.17453952094547,0.204445214899688,0.762775631753212,1.29442795599871,"no_burst_evidence","none","injected_burst","eligible"
"PHENO_0037","TPL_008","injected_rate_pulse","TPL_008_EVENT_003","none",55,62,17.0013270931298,17.790707050278,8,9,0.789379957148135,0.0877485936946735,0.128535347232725,1.46481375735743,2.73215587868306,0.440895993517525,1.00583926968463,1.28687327997117,"no_burst_evidence","none","injected_burst","eligible"
"PHENO_0038","TPL_008","injected_rate_pulse","TPL_008_EVENT_004","none",64,67,18.2767426874164,18.6738787557891,4,5,0.397136068372756,0.105413948942638,0.624046310950421,5.91995952347826,5.45683919626141,0.284443824306455,0.178652535183409,3.95243227090006,"ambiguous_burst_like","score_between_pre_frozen_gamma_null_guard_bands","injected_burst","exclude_primary_include_sensitivity"
"PHENO_0039","TPL_008","injected_rate_pulse","TPL_008_EVENT_006","none",98,101,41.2997593289651,41.5060509556803,4,5,0.20629162671524,0.0453376329420054,0.237260702943277,5.23319563786608,4.2610900885338,0.314527934972431,0.223301871316065,3.6409726849298,"ambiguous_burst_like","score_between_pre_frozen_gamma_null_guard_bands","injected_burst","exclude_primary_include_sensitivity"
"PHENO_0040","TPL_008","injected_rate_pulse","TPL_008_EVENT_008","none",128,130,50.9410898432491,51.1077211193539,3,4,0.166631276104793,0.0599845163140846,0.28964987582162,4.82874404296245,5.16370580058293,0.207877760231293,0.214387991810015,3.11688949703355,"no_burst_evidence","none","injected_burst","eligible"
"PHENO_0041","TPL_009","injected_rate_pulse","TPL_009_EVENT_001","none",12,17,2.89716848776243,3.17016205793554,6,7,0.272993570173118,0.0445558945179121,0.228807739133655,5.13529672357204,5.6507572304423,0.34267810597626,0.253934187336863,4.40638191248277,"clear_burst_like","none","injected_burst","eligible"
"PHENO_0042","TPL_009","injected_rate_pulse","TPL_009_EVENT_003","none",53,58,24.5400241298297,24.97776346302,6,7,0.437739333190338,0.0672216423451121,0.415397606104424,6.17952182679197,11.2547760810909,0.457459566845411,0.249873055538934,5.02056307749848,"clear_burst_like","none","injected_burst","eligible"
"PHENO_0043","TPL_009","injected_rate_pulse","TPL_009_EVENT_004","none",91,97,30.732943782377,31.4183890644169,7,8,0.685445282039901,0.0973378326488696,0.163889640237719,1.6837198423035,2.23357809312228,0.193384497166026,0.636043836528906,1.5600138407488,"no_burst_evidence","none","injected_burst","eligible"
"PHENO_0044","TPL_009","injected_rate_pulse","TPL_009_EVENT_005","none",99,103,32.0427743989786,32.8213263774587,5,6,0.778551978480132,0.17708169720947,0.364719075727678,2.05960910401854,5.48762472882733,0.34079091328084,0.512811372378165,2.00714014482328,"no_burst_evidence","none","injected_burst","eligible"
"PHENO_0045","TPL_009","injected_rate_pulse","TPL_009_EVENT_007","none",128,132,46.3384419125187,46.6192440629159,5,6,0.280802150397204,0.0545187891708587,0.185709970801998,3.40634804305712,3.6568010987874,0.083667788021001,0.318288877097314,3.05639646881921,"no_burst_evidence","none","injected_burst","eligible"
"PHENO_0046","TPL_010","injected_rate_pulse","TPL_010_EVENT_002","none",21,23,13.6930326708322,14.0570683035794,3,4,0.364035632747179,0.137466147709799,0.64153004488652,4.66682201818034,7.44382287735993,0.351788155944665,0.226872567524245,3.13485405605056,"no_burst_evidence","none","injected_burst","eligible"
"PHENO_0047","TPL_010","injected_rate_pulse","TPL_010_EVENT_003","none",25,32,14.5486986560692,15.135750481815,8,9,0.587051825745735,0.0753526428212956,0.557421067927284,7.39749857545474,7.72450212534588,0.196395429194472,0.148492279335572,6.15154386621556,"clear_burst_like","none","injected_burst","eligible"
"PHENO_0048","TPL_010","injected_rate_pulse","TPL_010_EVENT_005","none",85,88,44.9588080332413,45.3495759095543,4,5,0.390767876313037,0.103129118420049,0.215033287047819,2.08508799786283,2.49683006407557,0.508512411496663,0.54841137515746,1.64752636622679,"no_burst_evidence","none","injected_burst","eligible"
"PHENO_0049","TPL_010","injected_rate_pulse","TPL_010_EVENT_006","none",97,103,47.3453538927823,47.6834422650605,7,8,0.338088372278262,0.0500412305812001,0.205884421002601,4.11429572397344,5.45378018147377,0.244395142983408,0.278919757521069,4.14196742557149,"clear_burst_like","none","injected_burst","eligible"
"PHENO_0050","TPL_010","injected_rate_pulse","TPL_010_EVENT_008","none",133,140,57.8734314880973,58.2066994843765,8,9,0.33326799627921,0.0456464280932745,0.263929371526887,5.78203777495077,6.30957831473575,0.35649985574689,0.195825364232619,5.38806719367663,"clear_burst_like","none","injected_burst","eligible"
"PHENO_0051","TPL_011","injected_rate_pulse","TPL_011_EVENT_002","none",15,18,6.61811803003852,6.8340631730981,4,5,0.215945143059584,0.0560498690459306,0.137555881939711,2.45416955081535,2.95981950281778,0.426044404828712,0.521223651098416,2.02425450246946,"no_burst_evidence","none","injected_burst","eligible"
"PHENO_0052","TPL_011","injected_rate_pulse","TPL_011_EVENT_003","none",51,55,13.9172185873412,14.2390752711315,5,6,0.321856683790286,0.0615611985854416,0.205234247091793,3.33382474363207,3.02758390613184,0.197827859583498,0.331542393803676,2.94965309900902,"no_burst_evidence","none","injected_burst","eligible"
"PHENO_0053","TPL_011","injected_rate_pulse","TPL_011_EVENT_005","none",88,92,38.3219470400968,39.0511403040752,5,6,0.729193263978427,0.150020528509887,0.581920246977195,3.8789374544754,6.05975349496735,0.284627241551705,0.262395373820296,3.45308169070666,"ambiguous_burst_like","score_between_pre_frozen_gamma_null_guard_bands","injected_burst","exclude_primary_include_sensitivity"
"PHENO_0054","TPL_011","injected_rate_pulse","TPL_011_EVENT_006","none",133,138,50.0312105078204,50.5638154814049,6,7,0.532604973584495,0.0898304482702552,0.391664173107976,4.36003805669157,3.46517059388652,0.511611301639938,0.285012173277744,3.86635591761555,"ambiguous_burst_like","score_between_pre_frozen_gamma_null_guard_bands","injected_burst","exclude_primary_include_sensitivity"
"PHENO_0055","TPL_011","injected_rate_pulse","TPL_011_EVENT_007","none",140,146,51.0804877528484,51.5771671090267,7,8,0.496679356178271,0.0821154875022241,0.116600551904337,1.41995810353289,2.75247296916359,0.342805570442337,0.723679093727599,1.14651720017005,"no_burst_evidence","none","injected_burst","eligible"
"PHENO_0056","TPL_012","injected_rate_pulse","TPL_012_EVENT_003","none",61,64,33.6497405200556,34.0582207459214,4,5,0.408480225865838,0.100269057310502,0.256545710444387,2.55857307653691,2.74764021745262,0.386072638689154,0.488236267887493,2.09297776849544,"no_burst_evidence","none","injected_burst","eligible"
"PHENO_0057","TPL_012","injected_rate_pulse","TPL_012_EVENT_004","none",83,88,38.5013126467634,38.7750836682564,6,7,0.273771021492974,0.045498239739264,0.228097281879028,5.0133210248612,5.87224551453684,0.232747665929969,0.225499047162586,4.3681034318721,"clear_burst_like","none","injected_burst","eligible"
"PHENO_0058","TPL_012","injected_rate_pulse","TPL_012_EVENT_006","none",114,116,47.4821296652172,47.6112360087785,3,4,0.129106343561348,0.0461686403961181,0.166742245043585,3.61159097632003,4.36128586623782,0.337230725514335,0.305544797245575,2.55867891584979,"no_burst_evidence","none","injected_burst","eligible"
"PHENO_0059","TPL_012","injected_rate_pulse","TPL_012_EVENT_007","none",136,140,52.3033130561695,52.6470079168816,5,6,0.34369486071203,0.0607975062306945,0.144654766327561,2.37928782438333,4.65379082855143,0.501082795370036,0.483024504181979,2.2725386776323,"no_burst_evidence","none","injected_burst","eligible"
"PHENO_0060","TPL_012","injected_rate_pulse","TPL_012_EVENT_008","none",142,149,53.1329629804612,53.9041162313044,8,9,0.771153250843222,0.0862106024596543,0.0653346515068123,0.757849378646766,1.70008981265578,0.380590414718016,1.7761696086207,-0.689628519455498,"no_burst_evidence","none","injected_burst","eligible"
"PHENO_0061","TPL_013","injected_rate_pulse","TPL_013_EVENT_001","none",1,6,0,0.689316184315184,6,7,0.689316184315184,0.117209109629598,0.0827173251691419,0.705724371002761,1.77904248110246,0.30719119264962,1.57730250977771,-0.740422248452139,"no_burst_evidence","none","injected_burst","eligible"
"PHENO_0062","TPL_013","injected_rate_pulse","TPL_013_EVENT_002","none",8,14,1.27688708385388,1.96616684319683,7,8,0.689279759342946,0.0881908251419504,0.637423461110197,7.22777522587198,6.21153510164896,0.446551764875699,0.161593878200354,5.64506110228926,"clear_burst_like","none","injected_burst","eligible"
"PHENO_0063","TPL_013","injected_rate_pulse","TPL_013_EVENT_004","none",39,46,19.1593788904612,19.4538841402722,8,9,0.294505249811053,0.0360109751159716,0.168678548152264,4.68408721532928,4.93136177118747,0.253619465231552,0.24818802051398,4.74111717291984,"clear_burst_like","none","injected_burst","eligible"
"PHENO_0064","TPL_013","injected_rate_pulse","TPL_013_EVENT_005","none",63,70,24.4051829977295,25.232327939528,8,9,0.827144941798536,0.104206037479549,0.283904481957064,2.7244532929561,4.14846799510532,0.310335190608909,0.416830890003064,3.1594926376015,"no_burst_evidence","none","injected_burst","eligible"
"PHENO_0065","TPL_013","injected_rate_pulse","TPL_013_EVENT_007","none",114,120,42.2313691838419,42.7167088088649,7,8,0.485339625023001,0.0651716509592557,0.336368783511905,5.16127455052808,4.96170444697446,0.33106029962853,0.260433747381015,4.70949484218721,"clear_burst_like","none","injected_burst","eligible"
"PHENO_0066","TPL_014","injected_rate_pulse","TPL_014_EVENT_001","none",10,13,2.11262182864008,2.29280022179008,4,5,0.180178393149995,0.0429443672928638,0.227183658518272,5.29018525221173,5.00926831732113,0.250385997410573,0.220687111394416,3.7094903944125,"ambiguous_burst_like","score_between_pre_frozen_gamma_null_guard_bands","injected_burst","exclude_primary_include_sensitivity"
"PHENO_0067","TPL_014","injected_rate_pulse","TPL_014_EVENT_003","none",52,56,13.7150179815916,14.017575712616,5,6,0.302557731024459,0.0618433448585982,0.150870299028335,2.43955593561915,2.6739250240107,0.262571528331383,0.440939362692907,2.21379097160519,"no_burst_evidence","none","injected_burst","eligible"
"PHENO_0068","TPL_014","injected_rate_pulse","TPL_014_EVENT_006","none",117,120,46.4603622465914,47.0705144638653,4,5,0.61015221727391,0.159290720319299,0.285841071672434,1.79446154238906,1.98108403644563,0.521677994621718,0.678517605268593,1.2881532486549,"no_burst_evidence","none","injected_burst","eligible"
"PHENO_0069","TPL_014","injected_rate_pulse","TPL_014_EVENT_007","none",122,126,47.7177451691683,48.2617304438592,5,6,0.543985274690914,0.115811637864494,0.157368765752807,1.35883378091014,2.24456806411464,0.338177134606696,0.762551734983719,0.853948970850937,"no_burst_evidence","none","injected_burst","eligible"
"PHENO_0070","TPL_014","injected_rate_pulse","TPL_014_EVENT_008","none",128,130,48.8426435737272,49.0982490230745,3,4,0.255605449347268,0.0812613325571587,0.119136949509105,1.46609642938485,2.60876169778789,0.579617017119057,0.91365343095306,0.844445704875592,"no_burst_evidence","none","injected_burst","eligible"
"PHENO_0071","TPL_015","injected_rate_pulse","TPL_015_EVENT_001","none",9,14,1.33504514785735,1.58115479062918,6,7,0.246109642771827,0.038980899952678,0.145233934875914,3.72577172544054,3.87621052402557,0.474262878652723,0.391701405988524,3.51303839813339,"ambiguous_burst_like","score_between_pre_frozen_gamma_null_guard_bands","injected_burst","exclude_primary_include_sensitivity"
"PHENO_0072","TPL_015","injected_rate_pulse","TPL_015_EVENT_002","none",38,44,6.40365536498559,7.23377505402718,7,8,0.830119689041588,0.108474811277587,0.229009740797065,2.11117897417705,2.16395189035252,0.653958148695311,0.572598154601293,2.10461674871225,"no_burst_evidence","none","injected_burst","eligible"
"PHENO_0073","TPL_015","injected_rate_pulse","TPL_015_EVENT_003","none",85,91,17.5623086531861,18.0649034159375,7,8,0.502594762751432,0.0704082791297145,0.191446286002158,2.71908770344256,2.64927068520467,0.203371229868038,0.440358808058396,2.86976954131418,"no_burst_evidence","none","injected_burst","eligible"
"PHENO_0074","TPL_015","injected_rate_pulse","TPL_015_EVENT_006","none",125,132,37.9918707238056,38.4923926250809,8,9,0.500521901275276,0.0589221923566278,0.424235122912097,7.19992087776377,14.8991915874342,0.246765532362267,0.150247866758504,6.2341634237912,"clear_burst_like","none","injected_burst","eligible"
"PHENO_0075","TPL_015","injected_rate_pulse","TPL_015_EVENT_007","none",134,139,39.0692060363279,39.7882420862499,6,7,0.719036049921949,0.117729159891917,0.357558207856276,3.03712528131974,2.95202073776048,0.405963408556701,0.42726130796482,2.95119231185262,"no_burst_evidence","none","injected_burst","eligible"
"PHENO_0076","TPL_016","injected_rate_pulse","TPL_016_EVENT_001","none",1,4,0,0.449402560370917,4,5,0.449402560370917,0.115074736158538,0.138723306899909,1.20550619128763,2.01842153717145,0.209374042061624,0.875484405100412,0.528440651955995,"no_burst_evidence","none","injected_burst","eligible"
"PHENO_0077","TPL_016","injected_rate_pulse","TPL_016_EVENT_002","none",6,10,0.991744402966405,1.66553514678518,5,6,0.673790743818778,0.124433551860098,0.115074736158538,0.924788647742835,1.32002264016871,0.373125951058013,1.32968422998523,-0.142738654589641,"no_burst_evidence","none","injected_burst","eligible"
"PHENO_0078","TPL_016","injected_rate_pulse","TPL_016_EVENT_003","none",32,37,5.38216299397219,5.74445214606845,6,7,0.362289152096265,0.0612297976430953,0.286005743743685,4.67102219430473,4.6619718854123,0.2391352980633,0.230925902309628,4.13653553437864,"clear_burst_like","none","injected_burst","eligible"
"PHENO_0079","TPL_016","injected_rate_pulse","TPL_016_EVENT_005","none",63,65,18.5960014043941,18.8432688135622,3,4,0.247267409168054,0.0835474298699883,0.259469960607291,3.10566059316323,3.27977318016256,0.158832206623537,0.343898115216497,2.24386612403911,"no_burst_evidence","none","injected_burst","eligible"
"PHENO_0080","TPL_016","injected_rate_pulse","TPL_016_EVENT_007","none",98,105,31.6616837944492,32.0157711471587,8,9,0.354087352709465,0.043550637372515,0.254189995367719,5.83665385177899,6.49505920568907,0.178529715062381,0.174298455340404,5.43969885356289,"clear_burst_like","none","injected_burst","eligible"
"PHENO_0081","TPL_017","injected_rate_pulse","TPL_017_EVENT_001","none",9,16,2.60040453604072,3.34885074072604,8,9,0.748446204685323,0.0963132991156275,0.259848195433175,2.69794719752273,2.6463502049684,0.267654315999485,0.411511834296965,3.0237189141015,"no_burst_evidence","none","injected_burst","eligible"
"PHENO_0082","TPL_017","injected_rate_pulse","TPL_017_EVENT_002","none",18,21,3.93144609783863,4.18280939148969,4,5,0.251363293651061,0.0593465872172246,0.20763734228136,3.49872422354046,10.1474118331248,0.20935548822574,0.333837708987025,3.06316591044074,"no_burst_evidence","none","injected_burst","eligible"
"PHENO_0083","TPL_017","injected_rate_pulse","TPL_017_EVENT_004","none",43,46,11.1219511378355,11.2602893601703,4,5,0.138338222334799,0.0325379332178131,0.193284234863944,5.94027388187426,5.72913405212178,0.268731015946173,0.203853687723961,3.97302847765336,"ambiguous_burst_like","score_between_pre_frozen_gamma_null_guard_bands","injected_burst","exclude_primary_include_sensitivity"
"PHENO_0084","TPL_017","injected_rate_pulse","TPL_017_EVENT_006","none",84,88,27.847025829603,28.0823669086885,5,6,0.235341079085539,0.0492399345671284,0.141383321426954,2.87131416135834,4.11609064566203,0.14899838365309,0.354822010610992,2.69736314193232,"no_burst_evidence","none","injected_burst","eligible"
"PHENO_0085","TPL_017","injected_rate_pulse","TPL_017_EVENT_007","none",104,110,31.4433852933381,32.2068558479158,7,8,0.763470554577719,0.119015463453603,0.237874549323844,1.998686073399,2.33824240352188,0.324566846870734,0.561304933782766,2.01204952870701,"no_burst_evidence","none","injected_burst","eligible"
"PHENO_0086","TPL_018","injected_rate_pulse","TPL_018_EVENT_001","none",26,28,3.96782248484295,4.257781590801,3,4,0.289959105958045,0.103829940997977,0.241408032848601,2.32503293874842,4.97761493990108,0.398270633538299,0.486486497950335,1.82280116191476,"no_burst_evidence","none","injected_burst","eligible"
"PHENO_0087","TPL_018","injected_rate_pulse","TPL_018_EVENT_003","none",43,48,18.1818783249648,18.7337206882789,6,7,0.55184236331411,0.0926004507469917,0.462628159123275,4.99596012105054,10.6446326234977,0.309658276217054,0.217469467246797,4.50061984867264,"clear_burst_like","none","injected_burst","eligible"
"PHENO_0088","TPL_018","injected_rate_pulse","TPL_018_EVENT_004","none",50,54,19.362418274711,20.1912024263068,5,6,0.828784151595776,0.0886505693509003,0.219089641065321,2.47138447806366,1.54415400326074,0.924170117235762,1.19967291638733,2.03934829096866,"no_burst_evidence","none","injected_burst","eligible"
"PHENO_0089","TPL_018","injected_rate_pulse","TPL_018_EVENT_005","none",65,70,22.9258101804932,23.2133742594557,6,7,0.287564078962531,0.050554684504371,0.206165120360596,4.07806165505337,4.62171778587395,0.157815674268644,0.259087166536157,3.80996620459378,"ambiguous_burst_like","score_between_pre_frozen_gamma_null_guard_bands","injected_burst","exclude_primary_include_sensitivity"
"PHENO_0090","TPL_018","injected_rate_pulse","TPL_018_EVENT_007","none",98,104,31.9822853554979,32.2725219338678,7,8,0.290236578369873,0.0415797617642757,0.197502091249065,4.74995725970595,4.94946135934268,0.201483714417328,0.221858510308492,4.50211067671179,"clear_burst_like","none","injected_burst","eligible"
"PHENO_0091","TPL_019","injected_rate_pulse","TPL_019_EVENT_001","none",1,4,0,0.379075145433936,4,5,0.379075145433936,0.0880864275257986,0.281861788177688,3.19983221132605,2.62057909466148,0.473785198335517,0.423824134635939,2.51966705956881,"no_burst_evidence","none","injected_burst","eligible"
"PHENO_0092","TPL_019","injected_rate_pulse","TPL_019_EVENT_003","none",40,47,14.4296372853002,14.9015989007335,8,9,0.471961615433221,0.0531382876259998,0.245349777092081,4.61719389263938,4.65402931381178,0.35807521095808,0.288757127645988,4.67551725602997,"clear_burst_like","none","injected_burst","eligible"
"PHENO_0093","TPL_019","injected_rate_pulse","TPL_019_EVENT_004","none",67,73,22.4634093571967,23.134303210656,7,8,0.670893853459345,0.110663830092965,0.425049476374852,3.84090697039656,5.33098822539723,0.488208366317697,0.297682668257648,3.92997342534877,"ambiguous_burst_like","score_between_pre_frozen_gamma_null_guard_bands","injected_burst","exclude_primary_include_sensitivity"
"PHENO_0094","TPL_019","injected_rate_pulse","TPL_019_EVENT_005","none",75,82,23.6445173053805,24.4366329514446,8,9,0.792115646064026,0.098504566145156,0.2831276528282,2.87425917303147,3.04956621429111,0.267442688263776,0.432811642566381,3.23824467906475,"no_burst_evidence","none","injected_burst","eligible"
"PHENO_0095","TPL_019","injected_rate_pulse","TPL_019_EVENT_007","none",119,122,44.9477944260603,45.1070086607927,4,5,0.159214234732395,0.0408285091047265,0.276805620319441,6.77971413576296,6.60017354197787,0.125702780243191,0.155196842956657,4.28707358410033,"clear_burst_like","none","injected_burst","eligible"
"PHENO_0096","TPL_020","injected_rate_pulse","TPL_020_EVENT_001","none",1,6,0,0.537344407600089,6,7,0.537344407600089,0.0945947869331452,0.0601513169274521,0.635884057437161,1.95619029399592,0.326739757639218,1.67021443992797,-0.973903876980596,"no_burst_evidence","none","injected_burst","eligible"
"PHENO_0097","TPL_020","injected_rate_pulse","TPL_020_EVENT_002","none",8,14,1.08212154580533,1.49613475405707,7,8,0.414013208251736,0.056378075995909,0.602509614047628,10.6869488432232,7.80683594583733,0.31793804011432,0.115750111152391,6.74980253753943,"clear_burst_like","none","injected_burst","eligible"
"PHENO_0098","TPL_020","injected_rate_pulse","TPL_020_EVENT_005","none",56,60,22.7563351577603,23.4935190557834,5,6,0.737183898023016,0.131467384000831,0.169038757677995,1.28578475157707,1.2191186044856,0.236420196824398,0.996517861440066,0.587968709589715,"no_burst_evidence","none","injected_burst","eligible"
"PHENO_0099","TPL_020","injected_rate_pulse","TPL_020_EVENT_006","none",72,76,26.0645309910373,26.3612345365322,5,6,0.29670354549484,0.0562229667107093,0.228922590269999,4.07169175984437,4.61333810201462,0.241589273151545,0.306594943484283,3.49764942329303,"ambiguous_burst_like","score_between_pre_frozen_gamma_null_guard_bands","injected_burst","exclude_primary_include_sensitivity"
"PHENO_0100","TPL_020","injected_rate_pulse","TPL_020_EVENT_008","none",108,113,37.2985042916926,37.61596964383,6,7,0.317465352137431,0.0496608494285518,0.200816375952439,4.0437563646864,3.95574353690311,0.266439667286649,0.251245979794699,3.73951169121386,"ambiguous_burst_like","score_between_pre_frozen_gamma_null_guard_bands","injected_burst","exclude_primary_include_sensitivity"
"PHENO_0101","TPL_001","null_model_burst_like_excursion","none","TPL_001_STATE_003",66,68,36.128398568561,36.3550198490797,3,4,0.226621280518748,0.0693308619996812,0.178418952525168,2.57344200517784,3.06035695960017,0.666895717875362,0.55505822282277,1.8501544797729,"no_burst_evidence","none","mechanism_negative_null_excursion_audit","eligible"
"PHENO_0102","TPL_002","null_model_burst_like_excursion","none","TPL_002_STATE_001",3,5,0.406689033117169,0.849503301136549,3,4,0.44281426801938,0.115468678733395,0.208949698511219,1.80957902007056,1.46240287378573,0.470998222382425,0.820411409602289,1.07518974405947,"no_burst_evidence","none","mechanism_negative_null_excursion_audit","eligible"
"PHENO_0103","TPL_003","null_model_burst_like_excursion","none","TPL_003_STATE_004",93,95,36.272096907893,36.5872460918379,3,4,0.315149183944885,0.0817344018099567,0.245021819340668,2.9977807864842,2.28356364344757,0.486610889682241,0.500778427219595,2.05934378123606,"no_burst_evidence","none","mechanism_negative_null_excursion_audit","eligible"
"PHENO_0104","TPL_004","null_model_burst_like_excursion","none","TPL_004_STATE_001",8,11,1.8248742500024,2.47272316119507,4,5,0.64784891119267,0.146988141290779,0.231782733231876,1.57688049659294,1.39134709717805,0.47703675193281,0.805628463104022,0.945761480245904,"no_burst_evidence","none","mechanism_negative_null_excursion_audit","eligible"
"PHENO_0105","TPL_005","null_model_burst_like_excursion","none","TPL_005_STATE_005",113,115,46.0437844447795,46.411224459498,3,4,0.367440014718505,0.056427888754271,0.234998174538911,4.16457499521677,1.81375738425093,1.12360332855736,0.717241924155388,2.50745814273327,"no_burst_evidence","none","mechanism_negative_null_excursion_audit","eligible"
"PHENO_0106","TPL_006","null_model_burst_like_excursion","none","TPL_006_STATE_004",114,116,43.5945004466613,44.2850632930887,3,4,0.690562846427476,0.133564829284619,0.33985610824609,2.54450299578398,1.36805468603614,0.822852681917112,0.856227690918975,1.6136856476916,"no_burst_evidence","none","mechanism_negative_null_excursion_audit","eligible"
"PHENO_0107","TPL_007","null_model_burst_like_excursion","none","TPL_007_STATE_003",55,57,15.9316007080004,16.4145468221742,3,4,0.482946114173804,0.131386578584291,0.226707124630484,1.72549682831599,1.45140204908306,0.531159216902037,0.857365508547426,0.984876323560762,"no_burst_evidence","none","mechanism_negative_null_excursion_audit","eligible"
"PHENO_0108","TPL_008","null_model_burst_like_excursion","none","TPL_008_STATE_002",21,25,10.4949414362346,11.3172804201898,5,6,0.822338983955162,0.11886574845299,0.253977629322132,2.1366763144774,1.54032270766798,0.503318776567549,0.996837884837139,1.75540406924509,"no_burst_evidence","none","mechanism_negative_null_excursion_audit","eligible"
"PHENO_0109","TPL_009","null_model_burst_like_excursion","none","TPL_009_STATE_003",60,65,25.1883161146803,26.0542304641411,6,7,0.865914349460803,0.128980538667269,0.21055265166025,1.63243737261334,1.41225721783984,0.443947156937022,0.889183720540415,1.2423343778982,"no_burst_evidence","none","mechanism_negative_null_excursion_audit","eligible"
"PHENO_0110","TPL_010","null_model_burst_like_excursion","none","TPL_010_STATE_003",66,74,40.3536616829173,42.1151566498276,9,10,1.76149496691036,0.156582701019735,0.256264036343632,1.63660503155667,1.28894292522781,0.287112456630114,0.936143176320914,1.51261634600532,"no_burst_evidence","none","mechanism_negative_null_excursion_audit","eligible"
"PHENO_0111","TPL_011","null_model_burst_like_excursion","none","TPL_011_STATE_004",97,105,40.1099749075127,40.8519866973917,9,10,0.742011789879073,0.0711280140725255,0.248257824276257,3.49029601786887,3.00836440316058,0.486741537359859,0.410568656840789,3.97663463659155,"ambiguous_burst_like","gamma_null_excursion_between_guard_bands","mechanism_negative_null_excursion_audit","exclude_primary_include_sensitivity"
"PHENO_0112","TPL_012","null_model_burst_like_excursion","none","TPL_012_STATE_003",46,49,30.3464811785542,30.9444964728465,4,5,0.598015294292328,0.145743068494987,0.25892400457547,1.77657851758745,1.9040661142168,0.302778098686394,0.683505848632936,1.28009877186115,"no_burst_evidence","none","mechanism_negative_null_excursion_audit","eligible"
"PHENO_0113","TPL_013","null_model_burst_like_excursion","none","TPL_013_STATE_003",86,90,29.3955716793432,30.2255129234384,5,6,0.829941244095199,0.132154687747722,0.293987611324408,2.22457194924192,1.80731813899867,0.408921661300355,0.572530246577303,1.89494945507298,"no_burst_evidence","none","mechanism_negative_null_excursion_audit","eligible"
"PHENO_0114","TPL_014","null_model_burst_like_excursion","none","TPL_014_STATE_005",99,107,42.0047194415906,43.2179039200868,9,10,1.21318447849627,0.135625001498811,0.32569261720186,2.40142019246145,2.38469973193052,0.453141319304343,0.533418032470042,2.80013510013187,"no_burst_evidence","none","mechanism_negative_null_excursion_audit","eligible"
"PHENO_0115","TPL_015","null_model_burst_like_excursion","none","TPL_015_STATE_002",64,66,11.8303916615198,12.2351834385755,3,4,0.404791777055679,0.1232172551054,0.192775852376952,1.56451993847819,1.83383407325315,0.188551305183184,0.745259422281228,0.907976711287191,"no_burst_evidence","none","mechanism_negative_null_excursion_audit","eligible"
"PHENO_0116","TPL_016","null_model_burst_like_excursion","none","TPL_016_STATE_001",28,30,4.80889753413712,5.08456444187276,3,4,0.275666907735644,0.0886732416007973,0.297598552099427,3.35612577962585,3.05830920372758,0.391678171487512,0.366354388898114,2.33744280019965,"no_burst_evidence","none","mechanism_negative_null_excursion_audit","eligible"
"PHENO_0117","TPL_017","null_model_burst_like_excursion","none","TPL_017_STATE_005",116,124,33.752817743835,36.1334043772555,9,10,2.38058663342047,0.229443080517578,0.346487635051652,1.51012457760785,1.28201013355725,0.369822389128439,0.841526511354456,1.26170152427909,"no_burst_evidence","none","mechanism_negative_null_excursion_audit","eligible"
"PHENO_0118","TPL_018","null_model_burst_like_excursion","none","TPL_018_STATE_001",1,8,0,0.937159466502144,8,9,0.937159466502144,0.125037296204752,0.258134547538481,2.06446040800321,2.01073656680301,0.461531445470957,0.516598160314464,2.17871095848047,"no_burst_evidence","none","mechanism_negative_null_excursion_audit","eligible"
"PHENO_0119","TPL_019","null_model_burst_like_excursion","none","TPL_019_STATE_001",19,21,3.6724236735956,4.09147877951523,3,4,0.419055105919632,0.0716637003911382,0.255508005898728,3.5653755597907,1.90775818117808,0.979978714080088,0.721942449248938,2.26538751668192,"no_burst_evidence","none","mechanism_negative_null_excursion_audit","eligible"
"PHENO_0120","TPL_020","null_model_burst_like_excursion","none","TPL_020_STATE_003",50,54,21.8073394320492,22.541074334847,5,6,0.733734902797869,0.0961711203372738,0.369030358590626,3.8372263658407,2.32595118716634,0.631451537451328,0.606192996347318,3.15483909011585,"no_burst_evidence","none","mechanism_negative_null_excursion_audit","eligible"
