"Template_ID","State_Envelope_ID","Tonic_Subtype","Tonic_Intended_Stratum","Tonic_Phenotype_Evidence_Score","Tonic_Phenotype","Eligibility_Reason","N_ISIs","Duration_u","Median_ISI_u","Local_Left_Median_ISI_u","Local_Right_Median_ISI_u","Left_Log_Rate_Contrast","Right_Log_Rate_Contrast","CV","CV2","LV","Stability_Subscore","Duration_Subscore","Local_Separation_Subscore","Subtype_Band_Subscore","Detector_Output_Used","Sample_ID","Scale_Factor","B_s","Split","Duration_s","Median_ISI_s","Local_Left_Median_ISI_s","Local_Right_Median_ISI_s"
"TPL_001","TPL_001_STATE_001","generic_stress","eligible",0.710593942501275,"eligible","pre_frozen_timestamp_evidence_contract_met",14,11.8933117726839,0.803911896971838,,0.521483615524926,,0.432811826323604,0.189176629587034,0.217835991177462,0.0503352156711561,0.736351387571992,0.8,0.472352072620382,0.80791486474201,FALSE,"S0015",1,0.1,"development",1.18933117726839,0.0803911896971838,,0.0521483615524926
"TPL_001","TPL_001_STATE_002","stn_like_empirical","eligible",0.94615937215323,"eligible","pre_frozen_timestamp_evidence_contract_met",16,6.83328288939545,0.42951967880974,0.111671126941369,2.06692423857749,1.34710937320741,1.57114934784375,0.0954584296329728,0.12469889569981,0.0159962800855511,0.866349158282451,1,1,0.998098544201247,FALSE,"S0015",1,0.1,"development",0.683328288939545,0.042951967880974,0.0111671126941369,0.206692423857749
"TPL_001","TPL_001_STATE_001","generic_stress","eligible",0.710593942501275,"eligible","pre_frozen_timestamp_evidence_contract_met",14,11.8933117726839,0.803911896971838,,0.521483615524926,,0.432811826323604,0.189176629587034,0.217835991177462,0.0503352156711561,0.736351387571992,0.8,0.472352072620382,0.80791486474201,FALSE,"S0056",4,0.4,"development",4.75732470907355,0.321564758788735,,0.20859344620997
"TPL_001","TPL_001_STATE_002","stn_like_empirical","eligible",0.94615937215323,"eligible","pre_frozen_timestamp_evidence_contract_met",16,6.83328288939545,0.42951967880974,0.111671126941369,2.06692423857749,1.34710937320741,1.57114934784375,0.0954584296329728,0.12469889569981,0.0159962800855511,0.866349158282451,1,1,0.998098544201247,FALSE,"S0056",4,0.4,"development",2.73331315575818,0.171807871523896,0.0446684507765476,0.826769695430994
"TPL_001","TPL_001_STATE_001","generic_stress","eligible",0.710593942501275,"eligible","pre_frozen_timestamp_evidence_contract_met",14,11.8933117726839,0.803911896971838,,0.521483615524926,,0.432811826323604,0.189176629587034,0.217835991177462,0.0503352156711561,0.736351387571992,0.8,0.472352072620382,0.80791486474201,FALSE,"S0007",10,1,"development",11.8933117726839,0.803911896971838,,0.521483615524926
"TPL_001","TPL_001_STATE_002","stn_like_empirical","eligible",0.94615937215323,"eligible","pre_frozen_timestamp_evidence_contract_met",16,6.83328288939545,0.42951967880974,0.111671126941369,2.06692423857749,1.34710937320741,1.57114934784375,0.0954584296329728,0.12469889569981,0.0159962800855511,0.866349158282451,1,1,0.998098544201247,FALSE,"S0007",10,1,"development",6.83328288939545,0.42951967880974,0.111671126941369,2.06692423857749
"TPL_002","TPL_002_STATE_004","stn_like_empirical","eligible",0.696978098263856,"eligible","pre_frozen_timestamp_evidence_contract_met",11,4.61131288598659,0.403940373806826,0.309865105084619,0.327225269086916,0.265130219593817,0.210618447474283,0.0762765171536837,0.0654090991048621,0.00594742970873216,0.915823176551613,0.5,0.259605740033524,0.893638398182531,FALSE,"S0030",1,0.1,"development",0.461131288598659,0.0403940373806826,0.0309865105084619,0.0327225269086916
"TPL_002","TPL_002_STATE_005","generic_stress","eligible",0.872906875828642,"eligible","pre_frozen_timestamp_evidence_contract_met",17,15.2618588493149,0.923846551791742,0.197133776289228,,1.54466342262714,,0.194628482509664,0.249501574782949,0.0669345141293446,0.704512696826527,1,1,0.955508985490158,FALSE,"S0030",1,0.1,"development",1.52618588493149,0.0923846551791742,0.0197133776289228,
"TPL_002","TPL_002_STATE_004","stn_like_empirical","eligible",0.696978098263856,"eligible","pre_frozen_timestamp_evidence_contract_met",11,4.61131288598659,0.403940373806826,0.309865105084619,0.327225269086916,0.265130219593817,0.210618447474283,0.0762765171536837,0.0654090991048621,0.00594742970873216,0.915823176551613,0.5,0.259605740033524,0.893638398182531,FALSE,"S0006",4,0.4,"development",1.84452515439464,0.16157614952273,0.123946042033847,0.130890107634766
"TPL_002","TPL_002_STATE_005","generic_stress","eligible",0.872906875828642,"eligible","pre_frozen_timestamp_evidence_contract_met",17,15.2618588493149,0.923846551791742,0.197133776289228,,1.54466342262714,,0.194628482509664,0.249501574782949,0.0669345141293446,0.704512696826527,1,1,0.955508985490158,FALSE,"S0006",4,0.4,"development",6.10474353972596,0.369538620716697,0.0788535105156912,
"TPL_002","TPL_002_STATE_004","stn_like_empirical","eligible",0.696978098263856,"eligible","pre_frozen_timestamp_evidence_contract_met",11,4.61131288598659,0.403940373806826,0.309865105084619,0.327225269086916,0.265130219593817,0.210618447474283,0.0762765171536837,0.0654090991048621,0.00594742970873216,0.915823176551613,0.5,0.259605740033524,0.893638398182531,FALSE,"S0044",10,1,"development",4.61131288598659,0.403940373806826,0.309865105084619,0.327225269086916
"TPL_002","TPL_002_STATE_005","generic_stress","eligible",0.872906875828642,"eligible","pre_frozen_timestamp_evidence_contract_met",17,15.2618588493149,0.923846551791742,0.197133776289228,,1.54466342262714,,0.194628482509664,0.249501574782949,0.0669345141293446,0.704512696826527,1,1,0.955508985490158,FALSE,"S0044",10,1,"development",15.2618588493149,0.923846551791742,0.197133776289228,
"TPL_003","TPL_003_STATE_003","generic_stress","eligible",0.807475061431629,"eligible","pre_frozen_timestamp_evidence_contract_met",13,11.1513690960104,0.825625811566197,0.276435738550197,0.112692869246385,1.09416327460381,1.9914755111971,0.233131653610148,0.177465773440724,0.0346156861135627,0.742058750804152,0.7,1,0.85325780554984,FALSE,"S0058",1,0.1,"development",1.11513690960104,0.0825625811566197,0.0276435738550197,0.0112692869246385
"TPL_003","TPL_003_STATE_005","stn_like_empirical","eligible",0.778821901769313,"eligible","pre_frozen_timestamp_evidence_contract_met",12,4.28864554298689,0.366163498500144,0.183367603415155,2.49721557199955,0.69158705105782,1.9198516680856,0.125737203859942,0.126853651960354,0.0184626414746475,0.845066448450853,0.6,0.87738406981552,0.72659254212934,FALSE,"S0058",1,0.1,"development",0.428864554298689,0.0366163498500144,0.0183367603415155,0.249721557199955
"TPL_003","TPL_003_STATE_003","generic_stress","eligible",0.807475061431629,"eligible","pre_frozen_timestamp_evidence_contract_met",13,11.1513690960104,0.825625811566197,0.276435738550197,0.112692869246385,1.09416327460381,1.9914755111971,0.233131653610148,0.177465773440724,0.0346156861135627,0.742058750804152,0.7,1,0.85325780554984,FALSE,"S0049",4,0.4,"development",4.46054763840418,0.330250324626479,0.110574295420079,0.0450771476985539
"TPL_003","TPL_003_STATE_005","stn_like_empirical","eligible",0.778821901769313,"eligible","pre_frozen_timestamp_evidence_contract_met",12,4.28864554298689,0.366163498500144,0.183367603415155,2.49721557199955,0.69158705105782,1.9198516680856,0.125737203859942,0.126853651960354,0.0184626414746475,0.845066448450853,0.6,0.87738406981552,0.72659254212934,FALSE,"S0049",4,0.4,"development",1.71545821719476,0.146465399400058,0.073347041366062,0.99888622879982
"TPL_003","TPL_003_STATE_003","generic_stress","eligible",0.807475061431629,"eligible","pre_frozen_timestamp_evidence_contract_met",13,11.1513690960104,0.825625811566197,0.276435738550197,0.112692869246385,1.09416327460381,1.9914755111971,0.233131653610148,0.177465773440724,0.0346156861135627,0.742058750804152,0.7,1,0.85325780554984,FALSE,"S0040",10,1,"development",11.1513690960104,0.825625811566197,0.276435738550197,0.112692869246385
"TPL_003","TPL_003_STATE_005","stn_like_empirical","eligible",0.778821901769313,"eligible","pre_frozen_timestamp_evidence_contract_met",12,4.28864554298689,0.366163498500144,0.183367603415155,2.49721557199955,0.69158705105782,1.9198516680856,0.125737203859942,0.126853651960354,0.0184626414746475,0.845066448450853,0.6,0.87738406981552,0.72659254212934,FALSE,"S0040",10,1,"development",4.28864554298689,0.366163498500144,0.183367603415155,2.49721557199955
"TPL_004","TPL_004_STATE_004","generic_stress","eligible",0.762452488613026,"eligible","pre_frozen_timestamp_evidence_contract_met",12,10.8757041596849,0.933636726338269,0.11559137571317,0.362658079587244,2.08902606970934,0.945626957748453,0.23309366796594,0.305929367589832,0.0870756368655039,0.637343783397175,0.6,1,0.93757487627078,FALSE,"S0011",1,0.1,"development",1.08757041596849,0.0933636726338269,0.011559137571317,0.0362658079587244
"TPL_004","TPL_004_STATE_005","stn_like_empirical","eligible",0.87157669539192,"eligible","pre_frozen_timestamp_evidence_contract_met",16,6.35004545321631,0.382561501379238,0.821623750175429,3.73954013497569,0.764393137159599,2.27982849602473,0.138677652876745,0.147000796861458,0.0280061695701166,0.819822602826262,1,0.917112773582317,0.80112549772476,FALSE,"S0011",1,0.1,"development",0.635004545321631,0.0382561501379238,0.0821623750175429,0.373954013497569
"TPL_004","TPL_004_STATE_004","generic_stress","eligible",0.762452488613026,"eligible","pre_frozen_timestamp_evidence_contract_met",12,10.8757041596849,0.933636726338269,0.11559137571317,0.362658079587244,2.08902606970934,0.945626957748453,0.23309366796594,0.305929367589832,0.0870756368655039,0.637343783397175,0.6,1,0.93757487627078,FALSE,"S0014",4,0.4,"development",4.35028166387398,0.373454690535307,0.0462365502852681,0.145063231834898
"TPL_004","TPL_004_STATE_005","stn_like_empirical","eligible",0.87157669539192,"eligible","pre_frozen_timestamp_evidence_contract_met",16,6.35004545321631,0.382561501379238,0.821623750175429,3.73954013497569,0.764393137159599,2.27982849602473,0.138677652876745,0.147000796861458,0.0280061695701166,0.819822602826262,1,0.917112773582317,0.80112549772476,FALSE,"S0014",4,0.4,"development",2.54001818128652,0.153024600551695,0.328649500070172,1.49581605399027
"TPL_004","TPL_004_STATE_004","generic_stress","eligible",0.762452488613026,"eligible","pre_frozen_timestamp_evidence_contract_met",12,10.8757041596849,0.933636726338269,0.11559137571317,0.362658079587244,2.08902606970934,0.945626957748453,0.23309366796594,0.305929367589832,0.0870756368655039,0.637343783397175,0.6,1,0.93757487627078,FALSE,"S0055",10,1,"development",10.8757041596849,0.933636726338269,0.11559137571317,0.362658079587244
"TPL_004","TPL_004_STATE_005","stn_like_empirical","eligible",0.87157669539192,"eligible","pre_frozen_timestamp_evidence_contract_met",16,6.35004545321631,0.382561501379238,0.821623750175429,3.73954013497569,0.764393137159599,2.27982849602473,0.138677652876745,0.147000796861458,0.0280061695701166,0.819822602826262,1,0.917112773582317,0.80112549772476,FALSE,"S0055",10,1,"development",6.35004545321631,0.382561501379238,0.821623750175429,3.73954013497569
"TPL_005","TPL_005_STATE_002","stn_like_empirical","eligible",0.765860502727578,"eligible","pre_frozen_timestamp_evidence_contract_met",17,7.1065117490129,0.402269498127178,0.276572322948171,0.301034758306814,0.374649904780783,0.289896523172575,0.161587073355723,0.171315777771708,0.0326301415618384,0.790043720148347,1,0.362628587650403,0.88658648569079,FALSE,"S0028",1,0.1,"development",0.71065117490129,0.0402269498127178,0.0276572322948171,0.0301034758306814
"TPL_005","TPL_005_STATE_004","generic_stress","eligible",0.866037698996311,"eligible","pre_frozen_timestamp_evidence_contract_met",15,13.3777790244491,0.864605417598805,0.134968164856418,0.250848282702183,1.85723430348037,1.23742493323981,0.18906614459253,0.200435058938591,0.0450949611007751,0.749223573221148,0.9,1,0.931741348539259,FALSE,"S0028",1,0.1,"development",1.33777790244491,0.0864605417598805,0.0134968164856418,0.0250848282702183
"TPL_005","TPL_005_STATE_002","stn_like_empirical","eligible",0.765860502727578,"eligible","pre_frozen_timestamp_evidence_contract_met",17,7.1065117490129,0.402269498127178,0.276572322948171,0.301034758306814,0.374649904780783,0.289896523172575,0.161587073355723,0.171315777771708,0.0326301415618384,0.790043720148347,1,0.362628587650403,0.88658648569079,FALSE,"S0052",4,0.4,"development",2.84260469960516,0.160907799250871,0.110628929179268,0.120413903322725
"TPL_005","TPL_005_STATE_004","generic_stress","eligible",0.866037698996311,"eligible","pre_frozen_timestamp_evidence_contract_met",15,13.3777790244491,0.864605417598805,0.134968164856418,0.250848282702183,1.85723430348037,1.23742493323981,0.18906614459253,0.200435058938591,0.0450949611007751,0.749223573221148,0.9,1,0.931741348539259,FALSE,"S0052",4,0.4,"development",5.35111160977964,0.345842167039522,0.0539872659425674,0.100339313080873
"TPL_005","TPL_005_STATE_002","stn_like_empirical","eligible",0.765860502727578,"eligible","pre_frozen_timestamp_evidence_contract_met",17,7.1065117490129,0.402269498127178,0.276572322948171,0.301034758306814,0.374649904780783,0.289896523172575,0.161587073355723,0.171315777771708,0.0326301415618384,0.790043720148347,1,0.362628587650403,0.88658648569079,FALSE,"S0009",10,1,"development",7.1065117490129,0.402269498127178,0.276572322948171,0.301034758306814
"TPL_005","TPL_005_STATE_004","generic_stress","eligible",0.866037698996311,"eligible","pre_frozen_timestamp_evidence_contract_met",15,13.3777790244491,0.864605417598805,0.134968164856418,0.250848282702183,1.85723430348037,1.23742493323981,0.18906614459253,0.200435058938591,0.0450949611007751,0.749223573221148,0.9,1,0.931741348539259,FALSE,"S0009",10,1,"development",13.3777790244491,0.864605417598805,0.134968164856418,0.250848282702183
"TPL_006","TPL_006_STATE_001","generic_stress","eligible",0.685117301895753,"eligible","pre_frozen_timestamp_evidence_contract_met",12,10.1609027138614,0.876519235194852,,1.22318268630473,,0.33325285050801,0.211168662277351,0.172973016234811,0.0403415635996816,0.753432241966067,0.6,0.363697720511026,0.955024305035607,FALSE,"S0045",1,0.1,"holdout",1.01609027138614,0.0876519235194852,,0.122318268630473
"TPL_006","TPL_006_STATE_005","stn_like_empirical","eligible",0.739445016158736,"eligible","pre_frozen_timestamp_evidence_contract_met",11,6.05968201192395,0.530885592773671,0.103512408459225,4.96714757345617,1.63485504784352,2.23605448359058,0.148972977642964,0.199231022972147,0.0400236977975531,0.777896407958977,0.5,1,0.641432264875723,FALSE,"S0045",1,0.1,"holdout",0.605968201192395,0.0530885592773671,0.0103512408459225,0.496714757345617
"TPL_006","TPL_006_STATE_001","generic_stress","eligible",0.685117301895753,"eligible","pre_frozen_timestamp_evidence_contract_met",12,10.1609027138614,0.876519235194852,,1.22318268630473,,0.33325285050801,0.211168662277351,0.172973016234811,0.0403415635996816,0.753432241966067,0.6,0.363697720511026,0.955024305035607,FALSE,"S0035",4,0.4,"holdout",4.06436108554456,0.350607694077941,,0.489273074521893
"TPL_006","TPL_006_STATE_005","stn_like_empirical","eligible",0.739445016158736,"eligible","pre_frozen_timestamp_evidence_contract_met",11,6.05968201192395,0.530885592773671,0.103512408459225,4.96714757345617,1.63485504784352,2.23605448359058,0.148972977642964,0.199231022972147,0.0400236977975531,0.777896407958977,0.5,1,0.641432264875723,FALSE,"S0035",4,0.4,"holdout",2.42387280476958,0.212354237109469,0.0414049633836899,1.98685902938247
"TPL_006","TPL_006_STATE_001","generic_stress","eligible",0.685117301895753,"eligible","pre_frozen_timestamp_evidence_contract_met",12,10.1609027138614,0.876519235194852,,1.22318268630473,,0.33325285050801,0.211168662277351,0.172973016234811,0.0403415635996816,0.753432241966067,0.6,0.363697720511026,0.955024305035607,FALSE,"S0004",10,1,"holdout",10.1609027138614,0.876519235194852,,1.22318268630473
"TPL_006","TPL_006_STATE_005","stn_like_empirical","eligible",0.739445016158736,"eligible","pre_frozen_timestamp_evidence_contract_met",11,6.05968201192395,0.530885592773671,0.103512408459225,4.96714757345617,1.63485504784352,2.23605448359058,0.148972977642964,0.199231022972147,0.0400236977975531,0.777896407958977,0.5,1,0.641432264875723,FALSE,"S0004",10,1,"holdout",6.05968201192395,0.530885592773671,0.103512408459225,4.96714757345617
"TPL_007","TPL_007_STATE_001","stn_like_empirical","eligible",0.697783925660831,"eligible","pre_frozen_timestamp_evidence_contract_met",12,4.53572489287477,0.368011679082756,,0.544700199814867,,0.392120876921014,0.102547205999503,0.123530747207673,0.015649445786138,0.862908894986173,0.6,0.427943733665167,0.735158104666642,FALSE,"S0059",1,0.1,"holdout",0.453572489287477,0.0368011679082756,,0.0544700199814867
"TPL_007","TPL_007_STATE_005","generic_stress","eligible",0.857796332727405,"eligible","pre_frozen_timestamp_evidence_contract_met",15,11.6632437055894,0.837449063933433,0.23944422752461,4.8196427419316,1.25203992339419,1.75009464170073,0.17422562240998,0.200913549802709,0.0480726716339451,0.755766737652992,0.9,1,0.87744818833104,FALSE,"S0059",1,0.1,"holdout",1.16632437055894,0.0837449063933434,0.023944422752461,0.48196427419316
"TPL_007","TPL_007_STATE_001","stn_like_empirical","eligible",0.697783925660831,"eligible","pre_frozen_timestamp_evidence_contract_met",12,4.53572489287477,0.368011679082756,,0.544700199814867,,0.392120876921014,0.102547205999503,0.123530747207673,0.015649445786138,0.862908894986173,0.6,0.427943733665167,0.735158104666642,FALSE,"S0041",4,0.4,"holdout",1.81428995714991,0.147204671633102,,0.217880079925947
"TPL_007","TPL_007_STATE_005","generic_stress","eligible",0.857796332727405,"eligible","pre_frozen_timestamp_evidence_contract_met",15,11.6632437055894,0.837449063933433,0.23944422752461,4.8196427419316,1.25203992339419,1.75009464170073,0.17422562240998,0.200913549802709,0.0480726716339451,0.755766737652992,0.9,1,0.87744818833104,FALSE,"S0041",4,0.4,"holdout",4.66529748223577,0.334979625573373,0.0957776910098438,1.92785709677264
"TPL_007","TPL_007_STATE_001","stn_like_empirical","eligible",0.697783925660831,"eligible","pre_frozen_timestamp_evidence_contract_met",12,4.53572489287477,0.368011679082756,,0.544700199814867,,0.392120876921014,0.102547205999503,0.123530747207673,0.015649445786138,0.862908894986173,0.6,0.427943733665167,0.735158104666642,FALSE,"S0043",10,1,"holdout",4.53572489287477,0.368011679082756,,0.544700199814867
"TPL_007","TPL_007_STATE_005","generic_stress","eligible",0.857796332727405,"eligible","pre_frozen_timestamp_evidence_contract_met",15,11.6632437055894,0.837449063933433,0.23944422752461,4.8196427419316,1.25203992339419,1.75009464170073,0.17422562240998,0.200913549802709,0.0480726716339451,0.755766737652992,0.9,1,0.87744818833104,FALSE,"S0043",10,1,"holdout",11.6632437055894,0.837449063933433,0.23944422752461,4.8196427419316
"TPL_008","TPL_008_STATE_001","stn_like_empirical","eligible",0.727608355475147,"eligible","pre_frozen_timestamp_evidence_contract_met",13,5.63749460111961,0.435702398923921,,0.303356209769898,,0.362051714192872,0.14539828322387,0.198678739326296,0.0368948791880199,0.782663755222051,0.7,0.395127552422517,0.977586714509117,FALSE,"S0026",1,0.1,"holdout",0.563749460111961,0.0435702398923921,,0.0303356209769898
"TPL_008","TPL_008_STATE_003","generic_stress","eligible",0.798081412922847,"eligible","pre_frozen_timestamp_evidence_contract_met",14,12.6399494944691,0.953981560038109,0.105413948942638,1.73738932660723,2.20274937190097,0.599494536332549,0.171361713721002,0.237673950526818,0.0581478265208073,0.731187874643938,0.8,0.827131179809251,0.900900135517106,FALSE,"S0026",1,0.1,"holdout",1.26399494944691,0.095398156003811,0.0105413948942638,0.173738932660723
"TPL_008","TPL_008_STATE_001","stn_like_empirical","eligible",0.727608355475147,"eligible","pre_frozen_timestamp_evidence_contract_met",13,5.63749460111961,0.435702398923921,,0.303356209769898,,0.362051714192872,0.14539828322387,0.198678739326296,0.0368948791880199,0.782663755222051,0.7,0.395127552422517,0.977586714509117,FALSE,"S0001",4,0.4,"holdout",2.25499784044784,0.174280959569569,,0.121342483907959
"TPL_008","TPL_008_STATE_003","generic_stress","eligible",0.798081412922847,"eligible","pre_frozen_timestamp_evidence_contract_met",14,12.6399494944691,0.953981560038109,0.105413948942638,1.73738932660723,2.20274937190097,0.599494536332549,0.171361713721002,0.237673950526818,0.0581478265208073,0.731187874643938,0.8,0.827131179809251,0.900900135517106,FALSE,"S0001",4,0.4,"holdout",5.05597979778763,0.381592624015244,0.0421655795770552,0.694955730642893
"TPL_008","TPL_008_STATE_001","stn_like_empirical","eligible",0.727608355475147,"eligible","pre_frozen_timestamp_evidence_contract_met",13,5.63749460111961,0.435702398923921,,0.303356209769898,,0.362051714192872,0.14539828322387,0.198678739326296,0.0368948791880199,0.782663755222051,0.7,0.395127552422517,0.977586714509117,FALSE,"S0054",10,1,"holdout",5.63749460111961,0.435702398923921,,0.303356209769898
"TPL_008","TPL_008_STATE_003","generic_stress","eligible",0.798081412922847,"eligible","pre_frozen_timestamp_evidence_contract_met",14,12.6399494944691,0.953981560038109,0.105413948942638,1.73738932660723,2.20274937190097,0.599494536332549,0.171361713721002,0.237673950526818,0.0581478265208073,0.731187874643938,0.8,0.827131179809251,0.900900135517106,FALSE,"S0054",10,1,"holdout",12.6399494944691,0.953981560038109,0.105413948942638,1.73738932660723
"TPL_009","TPL_009_STATE_002","generic_stress","eligible",0.737614282376133,"eligible","pre_frozen_timestamp_evidence_contract_met",15,11.8193673658236,0.830255332711563,0.410865276468228,0.490064077955628,0.703467916976592,0.527197129362412,0.207819893810753,0.325507877765643,0.108330431694795,0.626876668184344,0.9,0.671547252159714,0.862770823352265,FALSE,"S0048",1,0.1,"holdout",1.18193673658236,0.0830255332711563,0.0410865276468228,0.0490064077955628
"TPL_009","TPL_009_STATE_004","stn_like_empirical","eligible",0.872667951562247,"eligible","pre_frozen_timestamp_evidence_contract_met",16,7.1517673844905,0.447094841054333,0.192099133113193,0.243371275370285,0.844759187410019,0.608182584990895,0.145094672286833,0.145238429905102,0.025878332225121,0.818413453890926,1,0.792838845717182,0.933674004312202,FALSE,"S0048",1,0.1,"holdout",0.71517673844905,0.0447094841054333,0.0192099133113193,0.0243371275370285
"TPL_009","TPL_009_STATE_002","generic_stress","eligible",0.737614282376133,"eligible","pre_frozen_timestamp_evidence_contract_met",15,11.8193673658236,0.830255332711563,0.410865276468228,0.490064077955628,0.703467916976592,0.527197129362412,0.207819893810753,0.325507877765643,0.108330431694795,0.626876668184344,0.9,0.671547252159714,0.862770823352265,FALSE,"S0039",4,0.4,"holdout",4.72774694632944,0.332102133084625,0.164346110587291,0.196025631182251
"TPL_009","TPL_009_STATE_004","stn_like_empirical","eligible",0.872667951562247,"eligible","pre_frozen_timestamp_evidence_contract_met",16,7.1517673844905,0.447094841054333,0.192099133113193,0.243371275370285,0.844759187410019,0.608182584990895,0.145094672286833,0.145238429905102,0.025878332225121,0.818413453890926,1,0.792838845717182,0.933674004312202,FALSE,"S0039",4,0.4,"holdout",2.8607069537962,0.178837936421733,0.0768396532452772,0.0973485101481139
"TPL_009","TPL_009_STATE_002","generic_stress","eligible",0.737614282376133,"eligible","pre_frozen_timestamp_evidence_contract_met",15,11.8193673658236,0.830255332711563,0.410865276468228,0.490064077955628,0.703467916976592,0.527197129362412,0.207819893810753,0.325507877765643,0.108330431694795,0.626876668184344,0.9,0.671547252159714,0.862770823352265,FALSE,"S0008",10,1,"holdout",11.8193673658236,0.830255332711563,0.410865276468228,0.490064077955628
"TPL_009","TPL_009_STATE_004","stn_like_empirical","eligible",0.872667951562247,"eligible","pre_frozen_timestamp_evidence_contract_met",16,7.1517673844905,0.447094841054333,0.192099133113193,0.243371275370285,0.844759187410019,0.608182584990895,0.145094672286833,0.145238429905102,0.025878332225121,0.818413453890926,1,0.792838845717182,0.933674004312202,FALSE,"S0008",10,1,"holdout",7.1517673844905,0.447094841054333,0.192099133113193,0.243371275370285
"TPL_010","TPL_010_STATE_001","stn_like_empirical","eligible",0.878426557351522,"eligible","pre_frozen_timestamp_evidence_contract_met",16,7.1913304642795,0.45471844199241,,1.22012580672299,,0.987030834073654,0.160772264822382,0.226903411837437,0.057496036161522,0.74361188330887,1,1,0.904909020139872,FALSE,"S0036",1,0.1,"holdout",0.71913304642795,0.045471844199241,,0.122012580672299
"TPL_010","TPL_010_STATE_002","generic_stress","eligible",0.805345632371074,"eligible","pre_frozen_timestamp_evidence_contract_met",13,13.556176403286,1.03548668445059,0.354888211681164,2.15476019121706,1.07082397848766,0.732807894468122,0.128621318470226,0.145527452569308,0.0198512239676786,0.832713612573136,0.7,0.899877390972436,0.761423545736662,FALSE,"S0036",1,0.1,"holdout",1.3556176403286,0.103548668445059,0.0354888211681164,0.215476019121706
"TPL_010","TPL_010_STATE_001","stn_like_empirical","eligible",0.878426557351522,"eligible","pre_frozen_timestamp_evidence_contract_met",16,7.1913304642795,0.45471844199241,,1.22012580672299,,0.987030834073654,0.160772264822382,0.226903411837437,0.057496036161522,0.74361188330887,1,1,0.904909020139872,FALSE,"S0027",4,0.4,"holdout",2.8765321857118,0.181887376796964,,0.488050322689197
"TPL_010","TPL_010_STATE_002","generic_stress","eligible",0.805345632371074,"eligible","pre_frozen_timestamp_evidence_contract_met",13,13.556176403286,1.03548668445059,0.354888211681164,2.15476019121706,1.07082397848766,0.732807894468122,0.128621318470226,0.145527452569308,0.0198512239676786,0.832713612573136,0.7,0.899877390972436,0.761423545736662,FALSE,"S0027",4,0.4,"holdout",5.42247056131439,0.414194673780235,0.141955284672466,0.861904076486826
"TPL_010","TPL_010_STATE_001","stn_like_empirical","eligible",0.878426557351522,"eligible","pre_frozen_timestamp_evidence_contract_met",16,7.1913304642795,0.45471844199241,,1.22012580672299,,0.987030834073654,0.160772264822382,0.226903411837437,0.057496036161522,0.74361188330887,1,1,0.904909020139872,FALSE,"S0002",10,1,"holdout",7.1913304642795,0.45471844199241,,1.22012580672299
"TPL_010","TPL_010_STATE_002","generic_stress","eligible",0.805345632371074,"eligible","pre_frozen_timestamp_evidence_contract_met",13,13.556176403286,1.03548668445059,0.354888211681164,2.15476019121706,1.07082397848766,0.732807894468122,0.128621318470226,0.145527452569308,0.0198512239676786,0.832713612573136,0.7,0.899877390972436,0.761423545736662,FALSE,"S0002",10,1,"holdout",13.556176403286,1.03548668445059,0.354888211681164,2.15476019121706
"TPL_011","TPL_011_STATE_003","generic_stress","eligible",0.832296846236156,"eligible","pre_frozen_timestamp_evidence_contract_met",17,17.1857496381429,0.998816902535781,0.240284552500921,0.418144188279116,1.42474762465373,0.870745160025598,0.189029450556014,0.284847650542173,0.0777255084630839,0.681786527692568,1,0.97514676823403,0.822764407561613,FALSE,"S0050",1,0.1,"holdout",1.71857496381429,0.0998816902535781,0.0240284552500921,0.0418144188279116
"TPL_011","TPL_011_STATE_005","stn_like_empirical","eligible",0.885722457479769,"eligible","pre_frozen_timestamp_evidence_contract_met",16,7.01391463501994,0.423348486527877,0.222306975912683,0.108676157788474,0.64413648399,1.35982325459538,0.132887360941117,0.181343408071816,0.0332692582560061,0.801821690961775,1,0.851491323432084,0.973477582043208,FALSE,"S0050",1,0.1,"holdout",0.701391463501994,0.0423348486527877,0.0222306975912683,0.0108676157788474
"TPL_011","TPL_011_STATE_003","generic_stress","eligible",0.832296846236156,"eligible","pre_frozen_timestamp_evidence_contract_met",17,17.1857496381429,0.998816902535781,0.240284552500921,0.418144188279116,1.42474762465373,0.870745160025598,0.189029450556014,0.284847650542173,0.0777255084630839,0.681786527692568,1,0.97514676823403,0.822764407561613,FALSE,"S0034",4,0.4,"holdout",6.87429985525714,0.399526761014313,0.0961138210003686,0.167257675311647
"TPL_011","TPL_011_STATE_005","stn_like_empirical","eligible",0.885722457479769,"eligible","pre_frozen_timestamp_evidence_contract_met",16,7.01391463501994,0.423348486527877,0.222306975912683,0.108676157788474,0.64413648399,1.35982325459538,0.132887360941117,0.181343408071816,0.0332692582560061,0.801821690961775,1,0.851491323432084,0.973477582043208,FALSE,"S0034",4,0.4,"holdout",2.80556585400798,0.169339394611151,0.0889227903650733,0.0434704631153895
"TPL_011","TPL_011_STATE_003","generic_stress","eligible",0.832296846236156,"eligible","pre_frozen_timestamp_evidence_contract_met",17,17.1857496381429,0.998816902535781,0.240284552500921,0.418144188279116,1.42474762465373,0.870745160025598,0.189029450556014,0.284847650542173,0.0777255084630839,0.681786527692568,1,0.97514676823403,0.822764407561613,FALSE,"S0046",10,1,"holdout",17.1857496381429,0.998816902535781,0.240284552500921,0.418144188279116
"TPL_011","TPL_011_STATE_005","stn_like_empirical","eligible",0.885722457479769,"eligible","pre_frozen_timestamp_evidence_contract_met",16,7.01391463501994,0.423348486527877,0.222306975912683,0.108676157788474,0.64413648399,1.35982325459538,0.132887360941117,0.181343408071816,0.0332692582560061,0.801821690961775,1,0.851491323432084,0.973477582043208,FALSE,"S0046",10,1,"holdout",7.01391463501994,0.423348486527877,0.222306975912683,0.108676157788474
"TPL_012","TPL_012_STATE_001","generic_stress","eligible",0.795752640033437,"eligible","pre_frozen_timestamp_evidence_contract_met",14,12.2075830892282,0.859972875336725,,1.49459395527455,,0.552708998667274,0.129772667087597,0.149142159716867,0.0248226159439081,0.826479616984214,0.8,0.603202651124473,0.922601315074283,FALSE,"S0016",1,0.1,"holdout",1.22075830892282,0.0859972875336725,,0.149459395527455
"TPL_012","TPL_012_STATE_002","stn_like_empirical","eligible",0.833590486496694,"eligible","pre_frozen_timestamp_evidence_contract_met",15,5.92026316832632,0.409431586116325,1.73162003291159,0.235656876211008,1.44204286205402,0.552392989758488,0.14646606215936,0.208237456950568,0.0398082591396927,0.774956650775823,0.9,0.801428886347371,0.916610244584451,FALSE,"S0016",1,0.1,"holdout",0.592026316832632,0.0409431586116325,0.173162003291159,0.0235656876211008
"TPL_012","TPL_012_STATE_001","generic_stress","eligible",0.795752640033437,"eligible","pre_frozen_timestamp_evidence_contract_met",14,12.2075830892282,0.859972875336725,,1.49459395527455,,0.552708998667274,0.129772667087597,0.149142159716867,0.0248226159439081,0.826479616984214,0.8,0.603202651124473,0.922601315074283,FALSE,"S0031",4,0.4,"holdout",4.8830332356913,0.34398915013469,,0.59783758210982
"TPL_012","TPL_012_STATE_002","stn_like_empirical","eligible",0.833590486496694,"eligible","pre_frozen_timestamp_evidence_contract_met",15,5.92026316832632,0.409431586116325,1.73162003291159,0.235656876211008,1.44204286205402,0.552392989758488,0.14646606215936,0.208237456950568,0.0398082591396927,0.774956650775823,0.9,0.801428886347371,0.916610244584451,FALSE,"S0031",4,0.4,"holdout",2.36810526733053,0.16377263444653,0.692648013164636,0.0942627504844031
"TPL_012","TPL_012_STATE_001","generic_stress","eligible",0.795752640033437,"eligible","pre_frozen_timestamp_evidence_contract_met",14,12.2075830892282,0.859972875336725,,1.49459395527455,,0.552708998667274,0.129772667087597,0.149142159716867,0.0248226159439081,0.826479616984214,0.8,0.603202651124473,0.922601315074283,FALSE,"S0057",10,1,"holdout",12.2075830892282,0.859972875336725,,1.49459395527455
"TPL_012","TPL_012_STATE_002","stn_like_empirical","eligible",0.833590486496694,"eligible","pre_frozen_timestamp_evidence_contract_met",15,5.92026316832632,0.409431586116325,1.73162003291159,0.235656876211008,1.44204286205402,0.552392989758488,0.14646606215936,0.208237456950568,0.0398082591396927,0.774956650775823,0.9,0.801428886347371,0.916610244584451,FALSE,"S0057",10,1,"holdout",5.92026316832632,0.409431586116325,1.73162003291159,0.235656876211008
"TPL_013","TPL_013_STATE_001","generic_stress","ambiguous",0.745679170080681,"eligible","pre_frozen_timestamp_evidence_contract_met",12,10.7436564266116,0.883651257694342,0.103003729136689,0.515146159271286,2.14929728714465,0.539611815120325,0.223743100577025,0.257491819166234,0.0672111173202777,0.682565021280659,0.6,0.794454476264656,0.968811331577432,FALSE,"S0012",1,0.1,"holdout",1.07436564266116,0.0883651257694343,0.0103003729136689,0.0515146159271286
"TPL_013","TPL_013_STATE_004","stn_like_empirical","ambiguous",0.497832953907086,"ambiguous","short_state;outside_subtype_rate_band",8,2.45686448256658,0.293133546617045,0.269577142950702,0.991103180182294,0.0837737015741045,1.21819035046961,0.21850179542657,0.248215217309727,0.0575467498614682,0.697657592288207,0.2,0.545713493905344,0.348136091053673,FALSE,"S0012",1,0.1,"holdout",0.245686448256658,0.0293133546617045,0.0269577142950702,0.0991103180182294
"TPL_013","TPL_013_STATE_001","generic_stress","ambiguous",0.745679170080681,"eligible","pre_frozen_timestamp_evidence_contract_met",12,10.7436564266116,0.883651257694342,0.103003729136689,0.515146159271286,2.14929728714465,0.539611815120325,0.223743100577025,0.257491819166234,0.0672111173202777,0.682565021280659,0.6,0.794454476264656,0.968811331577432,FALSE,"S0022",4,0.4,"holdout",4.29746257064464,0.353460503077737,0.0412014916546757,0.206058463708514
"TPL_013","TPL_013_STATE_004","stn_like_empirical","ambiguous",0.497832953907086,"ambiguous","short_state;outside_subtype_rate_band",8,2.45686448256658,0.293133546617045,0.269577142950702,0.991103180182294,0.0837737015741045,1.21819035046961,0.21850179542657,0.248215217309727,0.0575467498614682,0.697657592288207,0.2,0.545713493905344,0.348136091053673,FALSE,"S0022",4,0.4,"holdout",0.982745793026633,0.117253418646818,0.107830857180281,0.396441272072918
"TPL_013","TPL_013_STATE_001","generic_stress","ambiguous",0.745679170080681,"eligible","pre_frozen_timestamp_evidence_contract_met",12,10.7436564266116,0.883651257694342,0.103003729136689,0.515146159271286,2.14929728714465,0.539611815120325,0.223743100577025,0.257491819166234,0.0672111173202777,0.682565021280659,0.6,0.794454476264656,0.968811331577432,FALSE,"S0053",10,1,"holdout",10.7436564266116,0.883651257694342,0.103003729136689,0.515146159271286
"TPL_013","TPL_013_STATE_004","stn_like_empirical","ambiguous",0.497832953907086,"ambiguous","short_state;outside_subtype_rate_band",8,2.45686448256658,0.293133546617045,0.269577142950702,0.991103180182294,0.0837737015741045,1.21819035046961,0.21850179542657,0.248215217309727,0.0575467498614682,0.697657592288207,0.2,0.545713493905344,0.348136091053673,FALSE,"S0053",10,1,"holdout",2.45686448256658,0.293133546617045,0.269577142950702,0.991103180182294
"TPL_014","TPL_014_STATE_003","generic_stress","ambiguous",0.560850240167179,"ambiguous","low_regularity_evidence",10,7.25396183277154,0.704193779172191,0.304567729485543,1.91200339868665,0.838160081848077,0.99885329837712,0.345083267229454,0.416359259694429,0.196018885535317,0.432141882376872,0.4,0.957365797061883,0.58260163902027,FALSE,"S0033",1,0.1,"holdout",0.725396183277154,0.0704193779172191,0.0304567729485543,0.191200339868665
"TPL_014","TPL_014_STATE_004","stn_like_empirical","ambiguous",0.579697640754345,"ambiguous","outside_subtype_rate_band",10,2.9330534907452,0.26991468568907,1.91200339868665,1.20119982035787,1.9578009410284,1.49297025641979,0.252581136498006,0.267754019696692,0.0867201727965494,0.645373604609449,0.4,1,0.207740994552828,FALSE,"S0033",1,0.1,"holdout",0.29330534907452,0.026991468568907,0.191200339868665,0.120119982035787
"TPL_014","TPL_014_STATE_003","generic_stress","ambiguous",0.560850240167179,"ambiguous","low_regularity_evidence",10,7.25396183277154,0.704193779172191,0.304567729485543,1.91200339868665,0.838160081848077,0.99885329837712,0.345083267229454,0.416359259694429,0.196018885535317,0.432141882376872,0.4,0.957365797061883,0.58260163902027,FALSE,"S0051",4,0.4,"holdout",2.90158473310862,0.281677511668877,0.121827091794217,0.764801359474659
"TPL_014","TPL_014_STATE_004","stn_like_empirical","ambiguous",0.579697640754345,"ambiguous","outside_subtype_rate_band",10,2.9330534907452,0.26991468568907,1.91200339868665,1.20119982035787,1.9578009410284,1.49297025641979,0.252581136498006,0.267754019696692,0.0867201727965494,0.645373604609449,0.4,1,0.207740994552828,FALSE,"S0051",4,0.4,"holdout",1.17322139629808,0.107965874275628,0.764801359474659,0.480479928143146
"TPL_014","TPL_014_STATE_003","generic_stress","ambiguous",0.560850240167179,"ambiguous","low_regularity_evidence",10,7.25396183277154,0.704193779172191,0.304567729485543,1.91200339868665,0.838160081848077,0.99885329837712,0.345083267229454,0.416359259694429,0.196018885535317,0.432141882376872,0.4,0.957365797061883,0.58260163902027,FALSE,"S0019",10,1,"holdout",7.25396183277154,0.704193779172191,0.304567729485543,1.91200339868665
"TPL_014","TPL_014_STATE_004","stn_like_empirical","ambiguous",0.579697640754345,"ambiguous","outside_subtype_rate_band",10,2.9330534907452,0.26991468568907,1.91200339868665,1.20119982035787,1.9578009410284,1.49297025641979,0.252581136498006,0.267754019696692,0.0867201727965494,0.645373604609449,0.4,1,0.207740994552828,FALSE,"S0019",10,1,"holdout",2.9330534907452,0.26991468568907,1.91200339868665,1.20119982035787
"TPL_015","TPL_015_STATE_004","generic_stress","ambiguous",0.284878927406207,"no_evidence","low_regularity_evidence;short_state;weak_local_boundary_contrast;outside_subtype_rate_band",8,4.59600516784915,0.523408638527325,0.534006886256391,0.603903559233905,0.0200462398908117,0.143052020446185,0.313444124504323,0.352941391248175,0.135352990179706,0.528776804474109,0.2,0.0889991869738767,0.0778418411089378,FALSE,"S0013",1,0.1,"holdout",0.459600516784915,0.0523408638527325,0.0534006886256391,0.0603903559233905
"TPL_015","TPL_015_STATE_005","stn_like_empirical","ambiguous",0.319717399323116,"no_evidence","low_regularity_evidence;short_state;weak_local_boundary_contrast",8,2.45688699749248,0.32455219164747,0.368433682848143,,0.126814369962287,,0.312467960914642,0.495833595012607,0.25236583015316,0.369414187800243,0.2,0.138399708248609,0.521358912766484,FALSE,"S0013",1,0.1,"holdout",0.245688699749248,0.032455219164747,0.0368433682848143,
"TPL_015","TPL_015_STATE_004","generic_stress","ambiguous",0.284878927406207,"no_evidence","low_regularity_evidence;short_state;weak_local_boundary_contrast;outside_subtype_rate_band",8,4.59600516784915,0.523408638527325,0.534006886256391,0.603903559233905,0.0200462398908117,0.143052020446185,0.313444124504323,0.352941391248175,0.135352990179706,0.528776804474109,0.2,0.0889991869738767,0.0778418411089378,FALSE,"S0038",4,0.4,"holdout",1.83840206713966,0.20936345541093,0.213602754502556,0.241561423693562
"TPL_015","TPL_015_STATE_005","stn_like_empirical","ambiguous",0.319717399323116,"no_evidence","low_regularity_evidence;short_state;weak_local_boundary_contrast",8,2.45688699749248,0.32455219164747,0.368433682848143,,0.126814369962287,,0.312467960914642,0.495833595012607,0.25236583015316,0.369414187800243,0.2,0.138399708248609,0.521358912766484,FALSE,"S0038",4,0.4,"holdout",0.98275479899699,0.129820876658988,0.147373473139257,
"TPL_015","TPL_015_STATE_004","generic_stress","ambiguous",0.284878927406207,"no_evidence","low_regularity_evidence;short_state;weak_local_boundary_contrast;outside_subtype_rate_band",8,4.59600516784915,0.523408638527325,0.534006886256391,0.603903559233905,0.0200462398908117,0.143052020446185,0.313444124504323,0.352941391248175,0.135352990179706,0.528776804474109,0.2,0.0889991869738767,0.0778418411089378,FALSE,"S0018",10,1,"holdout",4.59600516784915,0.523408638527325,0.534006886256391,0.603903559233905
"TPL_015","TPL_015_STATE_005","stn_like_empirical","ambiguous",0.319717399323116,"no_evidence","low_regularity_evidence;short_state;weak_local_boundary_contrast",8,2.45688699749248,0.32455219164747,0.368433682848143,,0.126814369962287,,0.312467960914642,0.495833595012607,0.25236583015316,0.369414187800243,0.2,0.138399708248609,0.521358912766484,FALSE,"S0018",10,1,"holdout",2.45688699749248,0.32455219164747,0.368433682848143,
"TPL_016","TPL_016_STATE_002","stn_like_empirical","ambiguous",0.576688148444819,"ambiguous","short_state",8,2.64044264607799,0.32444936707191,0.188984656350152,0.532787966597857,0.540463661861354,0.495994043463977,0.174191269021988,0.14485196270993,0.0291900688483178,0.798524202905127,0.2,0.565572513870892,0.520819822542947,FALSE,"S0010",1,0.1,"holdout",0.264044264607799,0.032444936707191,0.0188984656350152,0.0532787966597857
"TPL_016","TPL_016_STATE_005","generic_stress","ambiguous",0.667146831716704,"eligible","pre_frozen_timestamp_evidence_contract_met",11,8.6586701218986,0.781547574359103,0.350308567277372,2.9111693745479,0.802461636831506,1.31503410266225,0.328080281628003,0.313369369656541,0.0965177486581614,0.568966596194815,0.5,0.937885929059969,0.759915037133922,FALSE,"S0010",1,0.1,"holdout",0.86586701218986,0.0781547574359103,0.0350308567277372,0.29111693745479
"TPL_016","TPL_016_STATE_002","stn_like_empirical","ambiguous",0.576688148444819,"ambiguous","short_state",8,2.64044264607799,0.32444936707191,0.188984656350152,0.532787966597857,0.540463661861354,0.495994043463977,0.174191269021988,0.14485196270993,0.0291900688483178,0.798524202905127,0.2,0.565572513870892,0.520819822542947,FALSE,"S0024",4,0.4,"holdout",1.05617705843119,0.129779746828764,0.0755938625400607,0.213115186639143
"TPL_016","TPL_016_STATE_005","generic_stress","ambiguous",0.667146831716704,"eligible","pre_frozen_timestamp_evidence_contract_met",11,8.6586701218986,0.781547574359103,0.350308567277372,2.9111693745479,0.802461636831506,1.31503410266225,0.328080281628003,0.313369369656541,0.0965177486581614,0.568966596194815,0.5,0.937885929059969,0.759915037133922,FALSE,"S0024",4,0.4,"holdout",3.46346804875944,0.312619029743641,0.140123426910949,1.16446774981916
"TPL_016","TPL_016_STATE_002","stn_like_empirical","ambiguous",0.576688148444819,"ambiguous","short_state",8,2.64044264607799,0.32444936707191,0.188984656350152,0.532787966597857,0.540463661861354,0.495994043463977,0.174191269021988,0.14485196270993,0.0291900688483178,0.798524202905127,0.2,0.565572513870892,0.520819822542947,FALSE,"S0060",10,1,"holdout",2.64044264607799,0.32444936707191,0.188984656350152,0.532787966597857
"TPL_016","TPL_016_STATE_005","generic_stress","ambiguous",0.667146831716704,"eligible","pre_frozen_timestamp_evidence_contract_met",11,8.6586701218986,0.781547574359103,0.350308567277372,2.9111693745479,0.802461636831506,1.31503410266225,0.328080281628003,0.313369369656541,0.0965177486581614,0.568966596194815,0.5,0.937885929059969,0.759915037133922,FALSE,"S0060",10,1,"holdout",8.6586701218986,0.781547574359103,0.350308567277372,2.9111693745479
"TPL_017","TPL_017_STATE_001","stn_like_empirical","ambiguous",0.653099676496074,"eligible","pre_frozen_timestamp_evidence_contract_met",8,2.60040453604072,0.331695536934367,,0.0952984049177457,,1.24720441769969,0.181467807106761,0.21134469602825,0.0379180787658116,0.753550149692832,0.2,1,0.558398083094708,FALSE,"S0005",1,0.1,"holdout",0.260040453604072,0.0331695536934367,,0.00952984049177457
"TPL_017","TPL_017_STATE_003","generic_stress","ambiguous",0.572984175204749,"ambiguous","borderline_continuous_evidence_score",11,7.34927257594321,0.677624540223152,0.361572162028265,0.344503892386693,0.628131719054864,0.676487970023028,0.255461338301458,0.364115709389904,0.122208127787004,0.567924402567145,0.5,0.711902698398717,0.517169372490739,FALSE,"S0005",1,0.1,"holdout",0.734927257594321,0.0677624540223152,0.0361572162028265,0.0344503892386693
"TPL_017","TPL_017_STATE_001","stn_like_empirical","ambiguous",0.653099676496074,"eligible","pre_frozen_timestamp_evidence_contract_met",8,2.60040453604072,0.331695536934367,,0.0952984049177457,,1.24720441769969,0.181467807106761,0.21134469602825,0.0379180787658116,0.753550149692832,0.2,1,0.558398083094708,FALSE,"S0042",4,0.4,"holdout",1.04016181441629,0.132678214773747,,0.0381193619670983
"TPL_017","TPL_017_STATE_003","generic_stress","ambiguous",0.572984175204749,"ambiguous","borderline_continuous_evidence_score",11,7.34927257594321,0.677624540223152,0.361572162028265,0.344503892386693,0.628131719054864,0.676487970023028,0.255461338301458,0.364115709389904,0.122208127787004,0.567924402567145,0.5,0.711902698398717,0.517169372490739,FALSE,"S0042",4,0.4,"holdout",2.93970903037728,0.271049816089261,0.144628864811306,0.137801556954677
"TPL_017","TPL_017_STATE_001","stn_like_empirical","ambiguous",0.653099676496074,"eligible","pre_frozen_timestamp_evidence_contract_met",8,2.60040453604072,0.331695536934367,,0.0952984049177457,,1.24720441769969,0.181467807106761,0.21134469602825,0.0379180787658116,0.753550149692832,0.2,1,0.558398083094708,FALSE,"S0029",10,1,"holdout",2.60040453604072,0.331695536934367,,0.0952984049177457
"TPL_017","TPL_017_STATE_003","generic_stress","ambiguous",0.572984175204749,"ambiguous","borderline_continuous_evidence_score",11,7.34927257594321,0.677624540223152,0.361572162028265,0.344503892386693,0.628131719054864,0.676487970023028,0.255461338301458,0.364115709389904,0.122208127787004,0.567924402567145,0.5,0.711902698398717,0.517169372490739,FALSE,"S0029",10,1,"holdout",7.34927257594321,0.677624540223152,0.361572162028265,0.344503892386693
"TPL_018","TPL_018_STATE_002","generic_stress","no_evidence",0.26636772932616,"no_evidence","low_regularity_evidence;short_state;outside_subtype_rate_band",9,4.85580351413533,0.454073378637697,1.0132108508784,1.53501497211477,0.802620815646611,1.21803660185803,0.571653248468684,0.671135036987223,0.386640546430365,0.0469329285701,0.3,0.937972789490598,0,FALSE,"S0023",1,0.1,"holdout",0.485580351413533,0.0454073378637697,0.10132108508784,0.153501497211477
"TPL_018","TPL_018_STATE_005","stn_like_empirical","no_evidence",0.369776812600841,"no_evidence","low_regularity_evidence;short_state;outside_subtype_rate_band",8,2.22424725582661,0.255638942848078,0.208385276766784,4.60996507485397,0.20437741098687,2.89220949054986,0.324254571015581,0.424332223940964,0.168537108375551,0.461033506984294,0.2,0.61152432512814,0.115292723907479,FALSE,"S0023",1,0.1,"holdout",0.222424725582661,0.0255638942848078,0.0208385276766784,0.460996507485397
"TPL_018","TPL_018_STATE_002","generic_stress","no_evidence",0.26636772932616,"no_evidence","low_regularity_evidence;short_state;outside_subtype_rate_band",9,4.85580351413533,0.454073378637697,1.0132108508784,1.53501497211477,0.802620815646611,1.21803660185803,0.571653248468684,0.671135036987223,0.386640546430365,0.0469329285701,0.3,0.937972789490598,0,FALSE,"S0017",4,0.4,"holdout",1.94232140565413,0.181629351455079,0.405284340351362,0.614005988845908
"TPL_018","TPL_018_STATE_005","stn_like_empirical","no_evidence",0.369776812600841,"no_evidence","low_regularity_evidence;short_state;outside_subtype_rate_band",8,2.22424725582661,0.255638942848078,0.208385276766784,4.60996507485397,0.20437741098687,2.89220949054986,0.324254571015581,0.424332223940964,0.168537108375551,0.461033506984294,0.2,0.61152432512814,0.115292723907479,FALSE,"S0017",4,0.4,"holdout",0.889698902330645,0.102255577139231,0.0833541107067138,1.84398602994159
"TPL_018","TPL_018_STATE_002","generic_stress","no_evidence",0.26636772932616,"no_evidence","low_regularity_evidence;short_state;outside_subtype_rate_band",9,4.85580351413533,0.454073378637697,1.0132108508784,1.53501497211477,0.802620815646611,1.21803660185803,0.571653248468684,0.671135036987223,0.386640546430365,0.0469329285701,0.3,0.937972789490598,0,FALSE,"S0032",10,1,"holdout",4.85580351413533,0.454073378637697,1.0132108508784,1.53501497211477
"TPL_018","TPL_018_STATE_005","stn_like_empirical","no_evidence",0.369776812600841,"no_evidence","low_regularity_evidence;short_state;outside_subtype_rate_band",8,2.22424725582661,0.255638942848078,0.208385276766784,4.60996507485397,0.20437741098687,2.89220949054986,0.324254571015581,0.424332223940964,0.168537108375551,0.461033506984294,0.2,0.61152432512814,0.115292723907479,FALSE,"S0032",10,1,"holdout",2.22424725582661,0.255638942848078,0.208385276766784,4.60996507485397
"TPL_019","TPL_019_STATE_003","stn_like_empirical","no_evidence",0.491774202497565,"ambiguous","outside_subtype_rate_band",11,2.77255802920421,0.24162920296392,0.324114035334195,0.899392901342611,0.293691082825512,1.31431564969547,0.261125215833285,0.264629996835284,0.0896829927752365,0.639602756249437,0.5,0.660260860777673,0.0194046392112786,FALSE,"S0047",1,0.1,"holdout",0.277255802920421,0.024162920296392,0.0324114035334195,0.0899392901342611
"TPL_019","TPL_019_STATE_004","generic_stress","no_evidence",0.657910821303097,"eligible","pre_frozen_timestamp_evidence_contract_met",11,9.47256357303405,0.77982498704085,0.274836784202641,0.343904496124369,1.0428921094408,0.818705527636716,0.283721838374956,0.373188470834824,0.126018593900664,0.543321561096543,0.5,0.946749868331724,0.756161115990674,FALSE,"S0047",1,0.1,"holdout",0.947256357303405,0.077982498704085,0.0274836784202641,0.0343904496124369
"TPL_019","TPL_019_STATE_003","stn_like_empirical","no_evidence",0.491774202497565,"ambiguous","outside_subtype_rate_band",11,2.77255802920421,0.24162920296392,0.324114035334195,0.899392901342611,0.293691082825512,1.31431564969547,0.261125215833285,0.264629996835284,0.0896829927752365,0.639602756249437,0.5,0.660260860777673,0.0194046392112786,FALSE,"S0037",4,0.4,"holdout",1.10902321168168,0.0966516811855678,0.129645614133678,0.359757160537044
"TPL_019","TPL_019_STATE_004","generic_stress","no_evidence",0.657910821303097,"eligible","pre_frozen_timestamp_evidence_contract_met",11,9.47256357303405,0.77982498704085,0.274836784202641,0.343904496124369,1.0428921094408,0.818705527636716,0.283721838374956,0.373188470834824,0.126018593900664,0.543321561096543,0.5,0.946749868331724,0.756161115990674,FALSE,"S0037",4,0.4,"holdout",3.78902542921362,0.31192999481634,0.109934713681056,0.137561798449748
"TPL_019","TPL_019_STATE_003","stn_like_empirical","no_evidence",0.491774202497565,"ambiguous","outside_subtype_rate_band",11,2.77255802920421,0.24162920296392,0.324114035334195,0.899392901342611,0.293691082825512,1.31431564969547,0.261125215833285,0.264629996835284,0.0896829927752365,0.639602756249437,0.5,0.660260860777673,0.0194046392112786,FALSE,"S0025",10,1,"holdout",2.77255802920421,0.24162920296392,0.324114035334195,0.899392901342611
"TPL_019","TPL_019_STATE_004","generic_stress","no_evidence",0.657910821303097,"eligible","pre_frozen_timestamp_evidence_contract_met",11,9.47256357303405,0.77982498704085,0.274836784202641,0.343904496124369,1.0428921094408,0.818705527636716,0.283721838374956,0.373188470834824,0.126018593900664,0.543321561096543,0.5,0.946749868331724,0.756161115990674,FALSE,"S0025",10,1,"holdout",9.47256357303405,0.77982498704085,0.274836784202641,0.343904496124369
"TPL_020","TPL_020_STATE_001","generic_stress","no_evidence",0.424224862277763,"no_evidence","low_regularity_evidence;short_state",8,4.62206301998607,0.624672300175459,0.0638437377657349,2.10658672433347,2.28078869212384,1.21559705792923,0.391428997903421,0.444185456980117,0.35611837920563,0.27119149846083,0.2,1,0.378741314467155,FALSE,"S0021",1,0.1,"holdout",0.462206301998607,0.0624672300175459,0.00638437377657349,0.210658672433347
"TPL_020","TPL_020_STATE_002","stn_like_empirical","no_evidence",0.39002431461821,"no_evidence","low_regularity_evidence;short_state;outside_subtype_rate_band",8,2.07634701003691,0.262246279555371,2.10658672433347,0.328412135149469,2.08354018990041,0.224985268696337,0.300560143650214,0.406609255317172,0.168752681951615,0.484322783721544,0.2,0.622769586589705,0.158706419058258,FALSE,"S0021",1,0.1,"holdout",0.207634701003691,0.0262246279555371,0.210658672433347,0.0328412135149469
"TPL_020","TPL_020_STATE_001","generic_stress","no_evidence",0.424224862277763,"no_evidence","low_regularity_evidence;short_state",8,4.62206301998607,0.624672300175459,0.0638437377657349,2.10658672433347,2.28078869212384,1.21559705792923,0.391428997903421,0.444185456980117,0.35611837920563,0.27119149846083,0.2,1,0.378741314467155,FALSE,"S0020",4,0.4,"holdout",1.84882520799443,0.249868920070183,0.025537495106294,0.842634689733386
"TPL_020","TPL_020_STATE_002","stn_like_empirical","no_evidence",0.39002431461821,"no_evidence","low_regularity_evidence;short_state;outside_subtype_rate_band",8,2.07634701003691,0.262246279555371,2.10658672433347,0.328412135149469,2.08354018990041,0.224985268696337,0.300560143650214,0.406609255317172,0.168752681951615,0.484322783721544,0.2,0.622769586589705,0.158706419058258,FALSE,"S0020",4,0.4,"holdout",0.830538804014765,0.104898511822148,0.842634689733386,0.131364854059788
"TPL_020","TPL_020_STATE_001","generic_stress","no_evidence",0.424224862277763,"no_evidence","low_regularity_evidence;short_state",8,4.62206301998607,0.624672300175459,0.0638437377657349,2.10658672433347,2.28078869212384,1.21559705792923,0.391428997903421,0.444185456980117,0.35611837920563,0.27119149846083,0.2,1,0.378741314467155,FALSE,"S0003",10,1,"holdout",4.62206301998607,0.624672300175459,0.0638437377657349,2.10658672433347
"TPL_020","TPL_020_STATE_002","stn_like_empirical","no_evidence",0.39002431461821,"no_evidence","low_regularity_evidence;short_state;outside_subtype_rate_band",8,2.07634701003691,0.262246279555371,2.10658672433347,0.328412135149469,2.08354018990041,0.224985268696337,0.300560143650214,0.406609255317172,0.168752681951615,0.484322783721544,0.2,0.622769586589705,0.158706419058258,FALSE,"S0003",10,1,"holdout",2.07634701003691,0.262246279555371,2.10658672433347,0.328412135149469
