"Threshold_Set_ID","Threshold_Purpose","Phenotype_Null_Context","Phenotype_Null_Flank_Pattern","Phenotype_Null_Window_N_ISIs","Threshold_Name","Quantile","Evidence_Score","Null_Model","Calibration_Split","N_Null_Surrogates","Detector_Output_Used"
"INJECTED_BURST_IN_HFS_BOTH_SIDES_N03","injected_support","burst_in_hfs","both_sides",3,"ambiguous_lower",0.9,0.965105642057761,"context_flank_pattern_and_window_matched_shifted_gamma_fixed_support","development_only",1000,FALSE
"INJECTED_BURST_IN_HFS_BOTH_SIDES_N03","injected_support","burst_in_hfs","both_sides",3,"clear_lower",0.975,2.04347351840098,"context_flank_pattern_and_window_matched_shifted_gamma_fixed_support","development_only",1000,FALSE
"INJECTED_BURST_IN_HFS_BOTH_SIDES_N04","injected_support","burst_in_hfs","both_sides",4,"ambiguous_lower",0.9,0.941818818837894,"context_flank_pattern_and_window_matched_shifted_gamma_fixed_support","development_only",1000,FALSE
"INJECTED_BURST_IN_HFS_BOTH_SIDES_N04","injected_support","burst_in_hfs","both_sides",4,"clear_lower",0.975,1.93601396674358,"context_flank_pattern_and_window_matched_shifted_gamma_fixed_support","development_only",1000,FALSE
"INJECTED_BURST_IN_HFS_BOTH_SIDES_N05","injected_support","burst_in_hfs","both_sides",5,"ambiguous_lower",0.9,0.978720832476721,"context_flank_pattern_and_window_matched_shifted_gamma_fixed_support","development_only",1000,FALSE
"INJECTED_BURST_IN_HFS_BOTH_SIDES_N05","injected_support","burst_in_hfs","both_sides",5,"clear_lower",0.975,1.75135432191909,"context_flank_pattern_and_window_matched_shifted_gamma_fixed_support","development_only",1000,FALSE
"INJECTED_BURST_IN_HFS_BOTH_SIDES_N06","injected_support","burst_in_hfs","both_sides",6,"ambiguous_lower",0.9,0.91864940597478,"context_flank_pattern_and_window_matched_shifted_gamma_fixed_support","development_only",1000,FALSE
"INJECTED_BURST_IN_HFS_BOTH_SIDES_N06","injected_support","burst_in_hfs","both_sides",6,"clear_lower",0.975,1.8662222947528,"context_flank_pattern_and_window_matched_shifted_gamma_fixed_support","development_only",1000,FALSE
"INJECTED_BURST_IN_HFS_BOTH_SIDES_N07","injected_support","burst_in_hfs","both_sides",7,"ambiguous_lower",0.9,1.05399412410319,"context_flank_pattern_and_window_matched_shifted_gamma_fixed_support","development_only",1000,FALSE
"INJECTED_BURST_IN_HFS_BOTH_SIDES_N07","injected_support","burst_in_hfs","both_sides",7,"clear_lower",0.975,2.13422329261022,"context_flank_pattern_and_window_matched_shifted_gamma_fixed_support","development_only",1000,FALSE
"INJECTED_BURST_IN_HFS_BOTH_SIDES_N08","injected_support","burst_in_hfs","both_sides",8,"ambiguous_lower",0.9,1.03213742758465,"context_flank_pattern_and_window_matched_shifted_gamma_fixed_support","development_only",1000,FALSE
"INJECTED_BURST_IN_HFS_BOTH_SIDES_N08","injected_support","burst_in_hfs","both_sides",8,"clear_lower",0.975,1.86573278892214,"context_flank_pattern_and_window_matched_shifted_gamma_fixed_support","development_only",1000,FALSE
"INJECTED_STANDALONE_BURST_BOTH_SIDES_N03","injected_support","standalone_burst","both_sides",3,"ambiguous_lower",0.9,1.09979703239791,"context_flank_pattern_and_window_matched_shifted_gamma_fixed_support","development_only",1000,FALSE
"INJECTED_STANDALONE_BURST_BOTH_SIDES_N03","injected_support","standalone_burst","both_sides",3,"clear_lower",0.975,1.68519528725351,"context_flank_pattern_and_window_matched_shifted_gamma_fixed_support","development_only",1000,FALSE
"INJECTED_STANDALONE_BURST_BOTH_SIDES_N04","injected_support","standalone_burst","both_sides",4,"ambiguous_lower",0.9,1.05644723629933,"context_flank_pattern_and_window_matched_shifted_gamma_fixed_support","development_only",1000,FALSE
"INJECTED_STANDALONE_BURST_BOTH_SIDES_N04","injected_support","standalone_burst","both_sides",4,"clear_lower",0.975,1.63698614365652,"context_flank_pattern_and_window_matched_shifted_gamma_fixed_support","development_only",1000,FALSE
"INJECTED_STANDALONE_BURST_BOTH_SIDES_N05","injected_support","standalone_burst","both_sides",5,"ambiguous_lower",0.9,1.16269315210628,"context_flank_pattern_and_window_matched_shifted_gamma_fixed_support","development_only",1000,FALSE
"INJECTED_STANDALONE_BURST_BOTH_SIDES_N05","injected_support","standalone_burst","both_sides",5,"clear_lower",0.975,1.76471950086281,"context_flank_pattern_and_window_matched_shifted_gamma_fixed_support","development_only",1000,FALSE
"INJECTED_STANDALONE_BURST_BOTH_SIDES_N06","injected_support","standalone_burst","both_sides",6,"ambiguous_lower",0.9,1.13614425708722,"context_flank_pattern_and_window_matched_shifted_gamma_fixed_support","development_only",1000,FALSE
"INJECTED_STANDALONE_BURST_BOTH_SIDES_N06","injected_support","standalone_burst","both_sides",6,"clear_lower",0.975,1.74309265797923,"context_flank_pattern_and_window_matched_shifted_gamma_fixed_support","development_only",1000,FALSE
"INJECTED_STANDALONE_BURST_BOTH_SIDES_N07","injected_support","standalone_burst","both_sides",7,"ambiguous_lower",0.9,1.21360343286825,"context_flank_pattern_and_window_matched_shifted_gamma_fixed_support","development_only",1000,FALSE
"INJECTED_STANDALONE_BURST_BOTH_SIDES_N07","injected_support","standalone_burst","both_sides",7,"clear_lower",0.975,1.92263622447059,"context_flank_pattern_and_window_matched_shifted_gamma_fixed_support","development_only",1000,FALSE
"INJECTED_STANDALONE_BURST_BOTH_SIDES_N08","injected_support","standalone_burst","both_sides",8,"ambiguous_lower",0.9,1.13743332509662,"context_flank_pattern_and_window_matched_shifted_gamma_fixed_support","development_only",1000,FALSE
"INJECTED_STANDALONE_BURST_BOTH_SIDES_N08","injected_support","standalone_burst","both_sides",8,"clear_lower",0.975,1.96230180567454,"context_flank_pattern_and_window_matched_shifted_gamma_fixed_support","development_only",1000,FALSE
"INJECTED_STANDALONE_BURST_LEFT_ONLY_N03","injected_support","standalone_burst","left_only",3,"ambiguous_lower",0.9,1.02708002156202,"context_flank_pattern_and_window_matched_shifted_gamma_fixed_support","development_only",1000,FALSE
"INJECTED_STANDALONE_BURST_LEFT_ONLY_N03","injected_support","standalone_burst","left_only",3,"clear_lower",0.975,1.71030621902938,"context_flank_pattern_and_window_matched_shifted_gamma_fixed_support","development_only",1000,FALSE
"INJECTED_STANDALONE_BURST_LEFT_ONLY_N04","injected_support","standalone_burst","left_only",4,"ambiguous_lower",0.9,1.09105679193445,"context_flank_pattern_and_window_matched_shifted_gamma_fixed_support","development_only",1000,FALSE
"INJECTED_STANDALONE_BURST_LEFT_ONLY_N04","injected_support","standalone_burst","left_only",4,"clear_lower",0.975,1.74442260794073,"context_flank_pattern_and_window_matched_shifted_gamma_fixed_support","development_only",1000,FALSE
"INJECTED_STANDALONE_BURST_LEFT_ONLY_N05","injected_support","standalone_burst","left_only",5,"ambiguous_lower",0.9,1.21412816815887,"context_flank_pattern_and_window_matched_shifted_gamma_fixed_support","development_only",1000,FALSE
"INJECTED_STANDALONE_BURST_LEFT_ONLY_N05","injected_support","standalone_burst","left_only",5,"clear_lower",0.975,1.80814185718308,"context_flank_pattern_and_window_matched_shifted_gamma_fixed_support","development_only",1000,FALSE
"INJECTED_STANDALONE_BURST_LEFT_ONLY_N06","injected_support","standalone_burst","left_only",6,"ambiguous_lower",0.9,1.23992264704444,"context_flank_pattern_and_window_matched_shifted_gamma_fixed_support","development_only",1000,FALSE
"INJECTED_STANDALONE_BURST_LEFT_ONLY_N06","injected_support","standalone_burst","left_only",6,"clear_lower",0.975,1.83583042585109,"context_flank_pattern_and_window_matched_shifted_gamma_fixed_support","development_only",1000,FALSE
"INJECTED_STANDALONE_BURST_LEFT_ONLY_N07","injected_support","standalone_burst","left_only",7,"ambiguous_lower",0.9,1.27138453656277,"context_flank_pattern_and_window_matched_shifted_gamma_fixed_support","development_only",1000,FALSE
"INJECTED_STANDALONE_BURST_LEFT_ONLY_N07","injected_support","standalone_burst","left_only",7,"clear_lower",0.975,1.91173825755542,"context_flank_pattern_and_window_matched_shifted_gamma_fixed_support","development_only",1000,FALSE
"INJECTED_STANDALONE_BURST_LEFT_ONLY_N08","injected_support","standalone_burst","left_only",8,"ambiguous_lower",0.9,1.26215048996871,"context_flank_pattern_and_window_matched_shifted_gamma_fixed_support","development_only",1000,FALSE
"INJECTED_STANDALONE_BURST_LEFT_ONLY_N08","injected_support","standalone_burst","left_only",8,"clear_lower",0.975,1.93325852892813,"context_flank_pattern_and_window_matched_shifted_gamma_fixed_support","development_only",1000,FALSE
"INJECTED_STANDALONE_BURST_RIGHT_ONLY_N03","injected_support","standalone_burst","right_only",3,"ambiguous_lower",0.9,1.30922978080401,"context_flank_pattern_and_window_matched_shifted_gamma_fixed_support","development_only",1000,FALSE
"INJECTED_STANDALONE_BURST_RIGHT_ONLY_N03","injected_support","standalone_burst","right_only",3,"clear_lower",0.975,2.03264249045708,"context_flank_pattern_and_window_matched_shifted_gamma_fixed_support","development_only",1000,FALSE
"INJECTED_STANDALONE_BURST_RIGHT_ONLY_N04","injected_support","standalone_burst","right_only",4,"ambiguous_lower",0.9,1.25623112129053,"context_flank_pattern_and_window_matched_shifted_gamma_fixed_support","development_only",1000,FALSE
"INJECTED_STANDALONE_BURST_RIGHT_ONLY_N04","injected_support","standalone_burst","right_only",4,"clear_lower",0.975,2.15954842438273,"context_flank_pattern_and_window_matched_shifted_gamma_fixed_support","development_only",1000,FALSE
"INJECTED_STANDALONE_BURST_RIGHT_ONLY_N05","injected_support","standalone_burst","right_only",5,"ambiguous_lower",0.9,1.38771846110649,"context_flank_pattern_and_window_matched_shifted_gamma_fixed_support","development_only",1000,FALSE
"INJECTED_STANDALONE_BURST_RIGHT_ONLY_N05","injected_support","standalone_burst","right_only",5,"clear_lower",0.975,2.2885914388423,"context_flank_pattern_and_window_matched_shifted_gamma_fixed_support","development_only",1000,FALSE
"INJECTED_STANDALONE_BURST_RIGHT_ONLY_N06","injected_support","standalone_burst","right_only",6,"ambiguous_lower",0.9,1.36219032424902,"context_flank_pattern_and_window_matched_shifted_gamma_fixed_support","development_only",1000,FALSE
"INJECTED_STANDALONE_BURST_RIGHT_ONLY_N06","injected_support","standalone_burst","right_only",6,"clear_lower",0.975,2.1973892460566,"context_flank_pattern_and_window_matched_shifted_gamma_fixed_support","development_only",1000,FALSE
"INJECTED_STANDALONE_BURST_RIGHT_ONLY_N07","injected_support","standalone_burst","right_only",7,"ambiguous_lower",0.9,1.63642830116539,"context_flank_pattern_and_window_matched_shifted_gamma_fixed_support","development_only",1000,FALSE
"INJECTED_STANDALONE_BURST_RIGHT_ONLY_N07","injected_support","standalone_burst","right_only",7,"clear_lower",0.975,2.55999727802128,"context_flank_pattern_and_window_matched_shifted_gamma_fixed_support","development_only",1000,FALSE
"INJECTED_STANDALONE_BURST_RIGHT_ONLY_N08","injected_support","standalone_burst","right_only",8,"ambiguous_lower",0.9,1.52778339546214,"context_flank_pattern_and_window_matched_shifted_gamma_fixed_support","development_only",1000,FALSE
"INJECTED_STANDALONE_BURST_RIGHT_ONLY_N08","injected_support","standalone_burst","right_only",8,"clear_lower",0.975,2.33618752021752,"context_flank_pattern_and_window_matched_shifted_gamma_fixed_support","development_only",1000,FALSE
"NULL_SCAN_BROAD_HFS","null_scan","broad_hfs","scan_both_sides",NA,"ambiguous_lower",0.9,3.45739041588266,"shifted_gamma_HFS_max_window_score","development_only",1000,FALSE
"NULL_SCAN_BROAD_HFS","null_scan","broad_hfs","scan_both_sides",NA,"clear_lower",0.975,4.28407186639376,"shifted_gamma_HFS_max_window_score","development_only",1000,FALSE
