"sheet","train_id","spike_n","isi_n","start_seconds","end_seconds","source_workbook_sha256","output_csv_sha256"
"LT1D-1.77_Fon_nw_minus_7_08_min","LT1D-1.77_Fon_nw_minus_7_08_minus_1_1",523,522,0.0569,9.985839,"42d246192b9051b82fc979e696619d804051503a21ca65183fd59abaa781d30e","c88afd748ecd43151a79a69c8532743bec55c26d310c196235557b5d13bc318e"
"LT1D-1.77_Fon_nw_minus_7_08 (2)","LT1D-1.77_Fon_nw_minus_7_08_minus_1_2",354,353,0.047205,9.99689,"42d246192b9051b82fc979e696619d804051503a21ca65183fd59abaa781d30e","c88afd748ecd43151a79a69c8532743bec55c26d310c196235557b5d13bc318e"
"LT1D00.83_fon1_1_nw_minus_7_08_","LT1D00.83_fon1_1_nw_minus_7_08_minus_1_1",754,753,0.000945,19.961818,"42d246192b9051b82fc979e696619d804051503a21ca65183fd59abaa781d30e","c88afd748ecd43151a79a69c8532743bec55c26d310c196235557b5d13bc318e"
"LT1D00.83_fon1_2_nw_minus_7_08_","LT1D00.83_fon1_2_nw_minus_7_08_minus_1_2",1134,1133,30.036069,47.28918,"42d246192b9051b82fc979e696619d804051503a21ca65183fd59abaa781d30e","c88afd748ecd43151a79a69c8532743bec55c26d310c196235557b5d13bc318e"
"LT1D01.96_fon_nw_minus_7_08_min","LT1D01.96_fon_nw_minus_7_08_minus_1_1",386,385,7.091929,20.35515,"42d246192b9051b82fc979e696619d804051503a21ca65183fd59abaa781d30e","c88afd748ecd43151a79a69c8532743bec55c26d310c196235557b5d13bc318e"
"LT1D01.96_fon_nw_minus_7_08 (2)","LT1D01.96_fon_nw_minus_7_08_minus_1_2",440,439,7.069415,20.363777,"42d246192b9051b82fc979e696619d804051503a21ca65183fd59abaa781d30e","c88afd748ecd43151a79a69c8532743bec55c26d310c196235557b5d13bc318e"
"LT1D03.44_fon1_1_nw_minus_7_09_","LT1D03.44_fon1_1_nw_minus_7_09_minus_1_1",922,921,3.144765,23.48303,"42d246192b9051b82fc979e696619d804051503a21ca65183fd59abaa781d30e","c88afd748ecd43151a79a69c8532743bec55c26d310c196235557b5d13bc318e"
"LT1D03.44_fon_nw_minus_7_09_min","LT1D03.44_fon_nw_minus_7_09_minus_1_2",805,804,0.003656,23.425061,"42d246192b9051b82fc979e696619d804051503a21ca65183fd59abaa781d30e","c88afd748ecd43151a79a69c8532743bec55c26d310c196235557b5d13bc318e"
"LT1D04.16_fon1_1_nw_minus_7_08_","LT1D04.16_fon1_1_nw_minus_7_08_minus_1_1",731,730,5.010277,20.953077,"42d246192b9051b82fc979e696619d804051503a21ca65183fd59abaa781d30e","c88afd748ecd43151a79a69c8532743bec55c26d310c196235557b5d13bc318e"
"LT1D04.16_fon1_3_nw_minus_7_08_","LT1D04.16_fon1_3_nw_minus_7_08_minus_1_3",726,725,0.000123,20.962814,"42d246192b9051b82fc979e696619d804051503a21ca65183fd59abaa781d30e","c88afd748ecd43151a79a69c8532743bec55c26d310c196235557b5d13bc318e"
"RT1D-0.15_fon1_1_nw_minus_7_08_","RT1D-0.15_fon1_1_nw_minus_7_08_minus_1_1",1383,1382,1.802572,18.973682,"42d246192b9051b82fc979e696619d804051503a21ca65183fd59abaa781d30e","c88afd748ecd43151a79a69c8532743bec55c26d310c196235557b5d13bc318e"
"RT1D-0.15_fon1_2_nw_minus_7_08_","RT1D-0.15_fon1_2_nw_minus_7_08_minus_1_2",1436,1435,0.010887,18.982884,"42d246192b9051b82fc979e696619d804051503a21ca65183fd59abaa781d30e","c88afd748ecd43151a79a69c8532743bec55c26d310c196235557b5d13bc318e"
"RT1D00.82_fon_nw_minus_7_08_min","RT1D00.82_fon_nw_minus_7_08_minus_1_2",843,842,1.515277,29.982496,"42d246192b9051b82fc979e696619d804051503a21ca65183fd59abaa781d30e","c88afd748ecd43151a79a69c8532743bec55c26d310c196235557b5d13bc318e"
"RT2D00.44_fon2_nw_minus_7_08_mi","RT2D00.44_fon2_nw_minus_7_08_minus_1_2",392,391,9.109778,17.974823,"42d246192b9051b82fc979e696619d804051503a21ca65183fd59abaa781d30e","c88afd748ecd43151a79a69c8532743bec55c26d310c196235557b5d13bc318e"
"RT2D00.96_fon_nw_minus_7_08_min","RT2D00.96_fon_nw_minus_7_08_minus_1_1",724,723,0.01705,18.976516,"42d246192b9051b82fc979e696619d804051503a21ca65183fd59abaa781d30e","c88afd748ecd43151a79a69c8532743bec55c26d310c196235557b5d13bc318e"
"RT2D02.09_fon_nw_minus_7_08_min","RT2D02.09_fon_nw_minus_7_08_minus_1_1",376,375,26.189107,42.965282,"42d246192b9051b82fc979e696619d804051503a21ca65183fd59abaa781d30e","c88afd748ecd43151a79a69c8532743bec55c26d310c196235557b5d13bc318e"
"RT2D02.09_fon_nw_minus_7_08 (2)","RT2D02.09_fon_nw_minus_7_08_minus_1_3",146,145,26.495178,42.972554,"42d246192b9051b82fc979e696619d804051503a21ca65183fd59abaa781d30e","c88afd748ecd43151a79a69c8532743bec55c26d310c196235557b5d13bc318e"
"RT2D03.41_fon_nw_minus_7_08_min","RT2D03.41_fon_nw_minus_7_08_minus_1_2",211,210,0.012654,9.807702,"42d246192b9051b82fc979e696619d804051503a21ca65183fd59abaa781d30e","c88afd748ecd43151a79a69c8532743bec55c26d310c196235557b5d13bc318e"
"RT2D03.41_fon_nw_minus_7_08 (2)","RT2D03.41_fon_nw_minus_7_08_minus_1_3",269,268,0.005094,9.943646,"42d246192b9051b82fc979e696619d804051503a21ca65183fd59abaa781d30e","c88afd748ecd43151a79a69c8532743bec55c26d310c196235557b5d13bc318e"
"RT2D03.89_fon_nw_minus_7_08_min","RT2D03.89_fon_nw_minus_7_08_minus_1_1",1280,1279,0.033853,16.996628,"42d246192b9051b82fc979e696619d804051503a21ca65183fd59abaa781d30e","c88afd748ecd43151a79a69c8532743bec55c26d310c196235557b5d13bc318e"
"RT2D03.89_fon_nw_minus_7_08 (2)","RT2D03.89_fon_nw_minus_7_08_minus_1_2",400,399,0.032867,16.994163,"42d246192b9051b82fc979e696619d804051503a21ca65183fd59abaa781d30e","c88afd748ecd43151a79a69c8532743bec55c26d310c196235557b5d13bc318e"
"RT2D04.18_fon1_1_nw_minus_7_09_","RT2D04.18_fon1_1_nw_minus_7_09_minus_1_1",1098,1097,6.155475,25.497962,"42d246192b9051b82fc979e696619d804051503a21ca65183fd59abaa781d30e","c88afd748ecd43151a79a69c8532743bec55c26d310c196235557b5d13bc318e"
"RT2D04.18_fon1_2_nw_minus_7_09_","RT2D04.18_fon1_2_nw_minus_7_09_minus_1_2",1395,1394,4.016184,25.490896,"42d246192b9051b82fc979e696619d804051503a21ca65183fd59abaa781d30e","c88afd748ecd43151a79a69c8532743bec55c26d310c196235557b5d13bc318e"
