"dataset","region","estimand","scale","method","variant","iou_threshold","train_n","cluster_n","tp","fp","fn","truth_event_n","predicted_event_n","precision","recall","f1","mean_matched_iou","fragmentation_rate","merge_rate"
"real_GPe","GPe","reviewed_manual_reference","observed","LogISI/newBD","article_default",0.1,13,13,91,100,308,399,191,0.476439790575916,0.228070175438596,0.308474576271186,0.683649286282153,0,0.256544502617801
"real_GPe","GPe","reviewed_manual_reference","observed","LogISI/newBD","article_default",0.25,13,13,67,124,332,399,191,0.350785340314136,0.167919799498747,0.227118644067797,0.874137048506524,0,0.256544502617801
"real_GPe","GPe","reviewed_manual_reference","observed","LogISI/newBD","article_default",0.5,13,13,58,133,341,399,191,0.303664921465969,0.145363408521303,0.196610169491525,0.95617816091954,0,0.256544502617801
"real_GPe","GPe","reviewed_manual_reference","observed","LogISI/newBD","harmonized_4_spikes",0.1,13,13,91,106,308,399,197,0.461928934010152,0.228070175438596,0.305369127516778,0.683649286282153,0,0.248730964467005
"real_GPe","GPe","reviewed_manual_reference","observed","LogISI/newBD","harmonized_4_spikes",0.25,13,13,67,130,332,399,197,0.34010152284264,0.167919799498747,0.224832214765101,0.874137048506524,0,0.248730964467005
"real_GPe","GPe","reviewed_manual_reference","observed","LogISI/newBD","harmonized_4_spikes",0.5,13,13,58,139,341,399,197,0.294416243654822,0.145363408521303,0.194630872483221,0.95617816091954,0,0.248730964467005
"real_GPe","GPe","reviewed_manual_reference","observed","Mean-ISI","article_default",0.1,13,13,216,1037,183,399,1253,0.172386272944932,0.541353383458647,0.261501210653753,0.767401047637039,0.0100250626566416,0.019952114924182
"real_GPe","GPe","reviewed_manual_reference","observed","Mean-ISI","article_default",0.25,13,13,209,1044,190,399,1253,0.166799680766161,0.523809523809524,0.253026634382567,0.787159120552609,0.0100250626566416,0.019952114924182
"real_GPe","GPe","reviewed_manual_reference","observed","Mean-ISI","article_default",0.5,13,13,176,1077,223,399,1253,0.140462889066241,0.441102756892231,0.213075060532688,0.865913497802702,0.0100250626566416,0.019952114924182
"real_GPe","GPe","reviewed_manual_reference","observed","Mean-ISI","harmonized_4_spikes",0.1,13,13,150,711,249,399,861,0.174216027874564,0.37593984962406,0.238095238095238,0.768327349867177,0,0.0290360046457607
"real_GPe","GPe","reviewed_manual_reference","observed","Mean-ISI","harmonized_4_spikes",0.25,13,13,143,718,256,399,861,0.166085946573751,0.358395989974937,0.226984126984127,0.797249876824975,0,0.0290360046457607
"real_GPe","GPe","reviewed_manual_reference","observed","Mean-ISI","harmonized_4_spikes",0.5,13,13,123,738,276,399,861,0.142857142857143,0.308270676691729,0.195238095238095,0.866401969755628,0,0.0290360046457607
"real_GPi","GPi","reviewed_manual_reference","observed","LogISI/newBD","article_default",0.1,21,21,385,228,742,1127,613,0.628058727569331,0.341614906832298,0.442528735632184,0.808029801662829,0.00177462289263532,0.146818923327896
"real_GPi","GPi","reviewed_manual_reference","observed","LogISI/newBD","article_default",0.25,21,21,352,261,775,1127,613,0.574225122349103,0.312333629103815,0.404597701149425,0.868508957452655,0.00177462289263532,0.146818923327896
"real_GPi","GPi","reviewed_manual_reference","observed","LogISI/newBD","article_default",0.5,21,21,317,296,810,1127,613,0.517128874388255,0.281277728482697,0.364367816091954,0.922123224048039,0.00177462289263532,0.146818923327896
"real_GPi","GPi","reviewed_manual_reference","observed","LogISI/newBD","harmonized_4_spikes",0.1,21,21,386,231,741,1127,617,0.625607779578606,0.342502218278616,0.442660550458716,0.809246765331521,0.00177462289263532,0.145867098865478
"real_GPi","GPi","reviewed_manual_reference","observed","LogISI/newBD","harmonized_4_spikes",0.25,21,21,354,263,773,1127,617,0.573743922204214,0.314108251996451,0.405963302752294,0.867839415320155,0.00177462289263532,0.145867098865478
"real_GPi","GPi","reviewed_manual_reference","observed","LogISI/newBD","harmonized_4_spikes",0.5,21,21,319,298,808,1127,617,0.517017828200972,0.283052351375333,0.365825688073394,0.921044081577518,0.00177462289263532,0.145867098865478
"real_GPi","GPi","reviewed_manual_reference","observed","Mean-ISI","article_default",0.1,21,21,546,591,581,1127,1137,0.480211081794195,0.484472049689441,0.482332155477032,0.773429630109955,0.0266193433895297,0.0228671943711522
"real_GPi","GPi","reviewed_manual_reference","observed","Mean-ISI","article_default",0.25,21,21,527,610,600,1127,1137,0.463500439753738,0.467613132209405,0.465547703180212,0.793824419240958,0.0266193433895297,0.0228671943711522
"real_GPi","GPi","reviewed_manual_reference","observed","Mean-ISI","article_default",0.5,21,21,446,691,681,1127,1137,0.392260334212841,0.395740905057675,0.393992932862191,0.873396930742062,0.0266193433895297,0.0228671943711522
"real_GPi","GPi","reviewed_manual_reference","observed","Mean-ISI","harmonized_4_spikes",0.1,21,21,372,384,755,1127,756,0.492063492063492,0.330079858030169,0.395114179500797,0.807831217636211,0.00709849157054126,0.0343915343915344
"real_GPi","GPi","reviewed_manual_reference","observed","Mean-ISI","harmonized_4_spikes",0.25,21,21,369,387,758,1127,756,0.488095238095238,0.327417923691216,0.391927774827403,0.812976493449437,0.00709849157054126,0.0343915343915344
"real_GPi","GPi","reviewed_manual_reference","observed","Mean-ISI","harmonized_4_spikes",0.5,21,21,325,431,802,1127,756,0.42989417989418,0.288376220053239,0.345193839617631,0.870877018802954,0.00709849157054126,0.0343915343915344
"real_STN","STN","reviewed_manual_reference","observed","LogISI/newBD","article_default",0.1,23,23,1117,391,728,1845,1508,0.740716180371353,0.605420054200542,0.666269012824336,0.721354439257385,0.0233062330623306,0.200928381962865
"real_STN","STN","reviewed_manual_reference","observed","LogISI/newBD","article_default",0.25,23,23,1067,441,778,1845,1508,0.707559681697613,0.578319783197832,0.636444974649568,0.746249316282387,0.0233062330623306,0.200928381962865
"real_STN","STN","reviewed_manual_reference","observed","LogISI/newBD","article_default",0.5,23,23,855,653,990,1845,1508,0.566976127320955,0.463414634146341,0.509991052788548,0.841888772642747,0.0233062330623306,0.200928381962865
"real_STN","STN","reviewed_manual_reference","observed","LogISI/newBD","harmonized_4_spikes",0.1,23,23,1147,393,698,1845,1540,0.744805194805195,0.621680216802168,0.677695716395864,0.728560471692634,0.024390243902439,0.196753246753247
"real_STN","STN","reviewed_manual_reference","observed","LogISI/newBD","harmonized_4_spikes",0.25,23,23,1097,443,748,1845,1540,0.712337662337662,0.594579945799458,0.648153618906942,0.75310298345876,0.024390243902439,0.196753246753247
"real_STN","STN","reviewed_manual_reference","observed","LogISI/newBD","harmonized_4_spikes",0.5,23,23,886,654,959,1845,1540,0.575324675324675,0.480216802168022,0.523485967503693,0.846367457422365,0.024390243902439,0.196753246753247
"real_STN","STN","reviewed_manual_reference","observed","Mean-ISI","article_default",0.1,23,23,1340,282,505,1845,1622,0.826140567200986,0.726287262872629,0.77300259590424,0.876543424386716,0.0249322493224932,0.0271270036991369
"real_STN","STN","reviewed_manual_reference","observed","Mean-ISI","article_default",0.25,23,23,1332,290,513,1845,1622,0.821208384710234,0.721951219512195,0.76838765503317,0.88071078632512,0.0249322493224932,0.0271270036991369
"real_STN","STN","reviewed_manual_reference","observed","Mean-ISI","article_default",0.5,23,23,1254,368,591,1845,1622,0.773119605425401,0.679674796747967,0.723391981540237,0.912674183114146,0.0249322493224932,0.0271270036991369
"real_STN","STN","reviewed_manual_reference","observed","Mean-ISI","harmonized_4_spikes",0.1,23,23,929,172,916,1845,1101,0.84377838328792,0.503523035230352,0.630685675492193,0.896926989026031,0.00758807588075881,0.0399636693914623
"real_STN","STN","reviewed_manual_reference","observed","Mean-ISI","harmonized_4_spikes",0.25,23,23,924,177,921,1845,1101,0.839237057220708,0.500813008130081,0.627291242362525,0.900896315970225,0.00758807588075881,0.0399636693914623
"real_STN","STN","reviewed_manual_reference","observed","Mean-ISI","harmonized_4_spikes",0.5,23,23,882,219,963,1845,1101,0.801089918256131,0.478048780487805,0.59877800407332,0.925351578562138,0.00758807588075881,0.0399636693914623
"synthetic_v2.3_holdout","synthetic","observable_phenotype_primary","10x","LogISI/newBD","article_default",0.1,15,15,19,0,52,71,19,1,0.267605633802817,0.422222222222222,0.700501253132832,0,0
"synthetic_v2.3_holdout","synthetic","observable_phenotype_primary","10x","LogISI/newBD","article_default",0.25,15,15,19,0,52,71,19,1,0.267605633802817,0.422222222222222,0.700501253132832,0,0
"synthetic_v2.3_holdout","synthetic","observable_phenotype_primary","10x","LogISI/newBD","article_default",0.5,15,15,18,1,53,71,19,0.947368421052632,0.253521126760563,0.4,0.714726631393298,0,0
"synthetic_v2.3_holdout","synthetic","observable_phenotype_primary","10x","LogISI/newBD","harmonized_4_spikes",0.1,15,15,33,5,38,71,38,0.868421052631579,0.464788732394366,0.605504587155963,0.61446608946609,0.028169014084507,0
"synthetic_v2.3_holdout","synthetic","observable_phenotype_primary","10x","LogISI/newBD","harmonized_4_spikes",0.25,15,15,33,5,38,71,38,0.868421052631579,0.464788732394366,0.605504587155963,0.61446608946609,0.028169014084507,0
"synthetic_v2.3_holdout","synthetic","observable_phenotype_primary","10x","LogISI/newBD","harmonized_4_spikes",0.5,15,15,24,14,47,71,38,0.631578947368421,0.338028169014085,0.440366972477064,0.69021164021164,0.028169014084507,0
"synthetic_v2.3_holdout","synthetic","observable_phenotype_primary","10x","Mean-ISI","article_default",0.1,15,15,56,49,15,71,105,0.533333333333333,0.788732394366197,0.636363636363636,0.463996436273698,0,0.123809523809524
"synthetic_v2.3_holdout","synthetic","observable_phenotype_primary","10x","Mean-ISI","article_default",0.25,15,15,47,58,24,71,105,0.447619047619048,0.661971830985915,0.534090909090909,0.517891466854172,0,0.123809523809524
"synthetic_v2.3_holdout","synthetic","observable_phenotype_primary","10x","Mean-ISI","article_default",0.5,15,15,27,78,44,71,105,0.257142857142857,0.380281690140845,0.306818181818182,0.653797539908651,0,0.123809523809524
"synthetic_v2.3_holdout","synthetic","observable_phenotype_primary","10x","Mean-ISI","harmonized_4_spikes",0.1,15,15,56,31,15,71,87,0.64367816091954,0.788732394366197,0.708860759493671,0.463996436273698,0,0.149425287356322
"synthetic_v2.3_holdout","synthetic","observable_phenotype_primary","10x","Mean-ISI","harmonized_4_spikes",0.25,15,15,47,40,24,71,87,0.540229885057471,0.661971830985915,0.59493670886076,0.517891466854172,0,0.149425287356322
"synthetic_v2.3_holdout","synthetic","observable_phenotype_primary","10x","Mean-ISI","harmonized_4_spikes",0.5,15,15,27,60,44,71,87,0.310344827586207,0.380281690140845,0.341772151898734,0.653797539908651,0,0.149425287356322
"synthetic_v2.3_holdout","synthetic","observable_phenotype_primary","1x","LogISI/newBD","article_default",0.1,15,15,47,35,24,71,82,0.573170731707317,0.661971830985915,0.61437908496732,0.248134184239686,0,0.195121951219512
"synthetic_v2.3_holdout","synthetic","observable_phenotype_primary","1x","LogISI/newBD","article_default",0.25,15,15,17,65,54,71,82,0.207317073170732,0.23943661971831,0.222222222222222,0.38516951731196,0,0.195121951219512
"synthetic_v2.3_holdout","synthetic","observable_phenotype_primary","1x","LogISI/newBD","article_default",0.5,15,15,4,78,67,71,82,0.048780487804878,0.0563380281690141,0.0522875816993464,0.618181818181818,0,0.195121951219512
"synthetic_v2.3_holdout","synthetic","observable_phenotype_primary","1x","LogISI/newBD","harmonized_4_spikes",0.1,15,15,47,42,24,71,89,0.528089887640449,0.661971830985915,0.5875,0.253614519507256,0,0.179775280898876
"synthetic_v2.3_holdout","synthetic","observable_phenotype_primary","1x","LogISI/newBD","harmonized_4_spikes",0.25,15,15,18,71,53,71,89,0.202247191011236,0.253521126760563,0.225,0.391548988572407,0,0.179775280898876
"synthetic_v2.3_holdout","synthetic","observable_phenotype_primary","1x","LogISI/newBD","harmonized_4_spikes",0.5,15,15,5,84,66,71,89,0.0561797752808989,0.0704225352112676,0.0625,0.594545454545454,0,0.179775280898876
"synthetic_v2.3_holdout","synthetic","observable_phenotype_primary","1x","Mean-ISI","article_default",0.1,15,15,56,49,15,71,105,0.533333333333333,0.788732394366197,0.636363636363636,0.463996436273698,0,0.123809523809524
"synthetic_v2.3_holdout","synthetic","observable_phenotype_primary","1x","Mean-ISI","article_default",0.25,15,15,47,58,24,71,105,0.447619047619048,0.661971830985915,0.534090909090909,0.517891466854172,0,0.123809523809524
"synthetic_v2.3_holdout","synthetic","observable_phenotype_primary","1x","Mean-ISI","article_default",0.5,15,15,27,78,44,71,105,0.257142857142857,0.380281690140845,0.306818181818182,0.653797539908651,0,0.123809523809524
"synthetic_v2.3_holdout","synthetic","observable_phenotype_primary","1x","Mean-ISI","harmonized_4_spikes",0.1,15,15,56,31,15,71,87,0.64367816091954,0.788732394366197,0.708860759493671,0.463996436273698,0,0.149425287356322
"synthetic_v2.3_holdout","synthetic","observable_phenotype_primary","1x","Mean-ISI","harmonized_4_spikes",0.25,15,15,47,40,24,71,87,0.540229885057471,0.661971830985915,0.59493670886076,0.517891466854172,0,0.149425287356322
"synthetic_v2.3_holdout","synthetic","observable_phenotype_primary","1x","Mean-ISI","harmonized_4_spikes",0.5,15,15,27,60,44,71,87,0.310344827586207,0.380281690140845,0.341772151898734,0.653797539908651,0,0.149425287356322
"synthetic_v2.3_holdout","synthetic","observable_phenotype_primary","4x","LogISI/newBD","article_default",0.1,15,15,64,33,7,71,97,0.65979381443299,0.901408450704225,0.761904761904762,0.714969051794008,0,0.0309278350515464
"synthetic_v2.3_holdout","synthetic","observable_phenotype_primary","4x","LogISI/newBD","article_default",0.25,15,15,55,42,16,71,97,0.56701030927835,0.774647887323944,0.654761904761905,0.803374479056297,0,0.0309278350515464
"synthetic_v2.3_holdout","synthetic","observable_phenotype_primary","4x","LogISI/newBD","article_default",0.5,15,15,49,48,22,71,97,0.505154639175258,0.690140845070423,0.583333333333333,0.863966192537621,0,0.0309278350515464
"synthetic_v2.3_holdout","synthetic","observable_phenotype_primary","4x","LogISI/newBD","harmonized_4_spikes",0.1,15,15,70,53,1,71,123,0.56910569105691,0.985915492957746,0.721649484536083,0.765068179450996,0.0140845070422535,0
"synthetic_v2.3_holdout","synthetic","observable_phenotype_primary","4x","LogISI/newBD","harmonized_4_spikes",0.25,15,15,63,60,8,71,123,0.51219512195122,0.887323943661972,0.649484536082474,0.832592781997544,0.0140845070422535,0
"synthetic_v2.3_holdout","synthetic","observable_phenotype_primary","4x","LogISI/newBD","harmonized_4_spikes",0.5,15,15,58,65,13,71,123,0.471544715447154,0.816901408450704,0.597938144329897,0.875715280887695,0.0140845070422535,0
"synthetic_v2.3_holdout","synthetic","observable_phenotype_primary","4x","Mean-ISI","article_default",0.1,15,15,56,49,15,71,105,0.533333333333333,0.788732394366197,0.636363636363636,0.463996436273698,0,0.123809523809524
"synthetic_v2.3_holdout","synthetic","observable_phenotype_primary","4x","Mean-ISI","article_default",0.25,15,15,47,58,24,71,105,0.447619047619048,0.661971830985915,0.534090909090909,0.517891466854172,0,0.123809523809524
"synthetic_v2.3_holdout","synthetic","observable_phenotype_primary","4x","Mean-ISI","article_default",0.5,15,15,27,78,44,71,105,0.257142857142857,0.380281690140845,0.306818181818182,0.653797539908651,0,0.123809523809524
"synthetic_v2.3_holdout","synthetic","observable_phenotype_primary","4x","Mean-ISI","harmonized_4_spikes",0.1,15,15,56,31,15,71,87,0.64367816091954,0.788732394366197,0.708860759493671,0.463996436273698,0,0.149425287356322
"synthetic_v2.3_holdout","synthetic","observable_phenotype_primary","4x","Mean-ISI","harmonized_4_spikes",0.25,15,15,47,40,24,71,87,0.540229885057471,0.661971830985915,0.59493670886076,0.517891466854172,0,0.149425287356322
"synthetic_v2.3_holdout","synthetic","observable_phenotype_primary","4x","Mean-ISI","harmonized_4_spikes",0.5,15,15,27,60,44,71,87,0.310344827586207,0.380281690140845,0.341772151898734,0.653797539908651,0,0.149425287356322
"synthetic_v2.3_holdout","synthetic","strict_mechanism","10x","LogISI/newBD","article_default",0.1,15,15,18,1,57,75,19,0.947368421052632,0.24,0.382978723404255,0.714726631393298,0,0
"synthetic_v2.3_holdout","synthetic","strict_mechanism","10x","LogISI/newBD","article_default",0.25,15,15,18,1,57,75,19,0.947368421052632,0.24,0.382978723404255,0.714726631393298,0,0
"synthetic_v2.3_holdout","synthetic","strict_mechanism","10x","LogISI/newBD","article_default",0.5,15,15,18,1,57,75,19,0.947368421052632,0.24,0.382978723404255,0.714726631393298,0,0
"synthetic_v2.3_holdout","synthetic","strict_mechanism","10x","LogISI/newBD","harmonized_4_spikes",0.1,15,15,32,6,43,75,38,0.842105263157895,0.426666666666667,0.566371681415929,0.619779265873016,0.0266666666666667,0
"synthetic_v2.3_holdout","synthetic","strict_mechanism","10x","LogISI/newBD","harmonized_4_spikes",0.25,15,15,32,6,43,75,38,0.842105263157895,0.426666666666667,0.566371681415929,0.619779265873016,0.0266666666666667,0
"synthetic_v2.3_holdout","synthetic","strict_mechanism","10x","LogISI/newBD","harmonized_4_spikes",0.5,15,15,24,14,51,75,38,0.631578947368421,0.32,0.424778761061947,0.69021164021164,0.0266666666666667,0
"synthetic_v2.3_holdout","synthetic","strict_mechanism","10x","Mean-ISI","article_default",0.1,15,15,58,44,17,75,102,0.568627450980392,0.773333333333333,0.655367231638418,0.447762358495576,0,0.147058823529412
"synthetic_v2.3_holdout","synthetic","strict_mechanism","10x","Mean-ISI","article_default",0.25,15,15,47,55,28,75,102,0.46078431372549,0.626666666666667,0.531073446327684,0.508914510004875,0,0.147058823529412
"synthetic_v2.3_holdout","synthetic","strict_mechanism","10x","Mean-ISI","article_default",0.5,15,15,26,76,49,75,102,0.254901960784314,0.346666666666667,0.293785310734463,0.648240114586268,0,0.147058823529412
"synthetic_v2.3_holdout","synthetic","strict_mechanism","10x","Mean-ISI","harmonized_4_spikes",0.1,15,15,58,26,17,75,84,0.69047619047619,0.773333333333333,0.729559748427673,0.447762358495576,0,0.178571428571429
"synthetic_v2.3_holdout","synthetic","strict_mechanism","10x","Mean-ISI","harmonized_4_spikes",0.25,15,15,47,37,28,75,84,0.55952380952381,0.626666666666667,0.591194968553459,0.508914510004875,0,0.178571428571429
"synthetic_v2.3_holdout","synthetic","strict_mechanism","10x","Mean-ISI","harmonized_4_spikes",0.5,15,15,26,58,49,75,84,0.30952380952381,0.346666666666667,0.327044025157233,0.648240114586268,0,0.178571428571429
"synthetic_v2.3_holdout","synthetic","strict_mechanism","1x","LogISI/newBD","article_default",0.1,15,15,47,31,28,75,78,0.602564102564103,0.626666666666667,0.61437908496732,0.236825354957733,0,0.243589743589744
"synthetic_v2.3_holdout","synthetic","strict_mechanism","1x","LogISI/newBD","article_default",0.25,15,15,15,63,60,75,78,0.192307692307692,0.2,0.196078431372549,0.379913176341278,0,0.243589743589744
"synthetic_v2.3_holdout","synthetic","strict_mechanism","1x","LogISI/newBD","article_default",0.5,15,15,3,75,72,75,78,0.0384615384615385,0.04,0.0392156862745098,0.612121212121212,0,0.243589743589744
"synthetic_v2.3_holdout","synthetic","strict_mechanism","1x","LogISI/newBD","harmonized_4_spikes",0.1,15,15,47,38,28,75,85,0.552941176470588,0.626666666666667,0.5875,0.242305690225302,0,0.223529411764706
"synthetic_v2.3_holdout","synthetic","strict_mechanism","1x","LogISI/newBD","harmonized_4_spikes",0.25,15,15,16,69,59,75,85,0.188235294117647,0.213333333333333,0.2,0.387418602819948,0,0.223529411764706
"synthetic_v2.3_holdout","synthetic","strict_mechanism","1x","LogISI/newBD","harmonized_4_spikes",0.5,15,15,4,81,71,75,85,0.0470588235294118,0.0533333333333333,0.05,0.584090909090909,0,0.223529411764706
"synthetic_v2.3_holdout","synthetic","strict_mechanism","1x","Mean-ISI","article_default",0.1,15,15,58,44,17,75,102,0.568627450980392,0.773333333333333,0.655367231638418,0.447762358495576,0,0.147058823529412
"synthetic_v2.3_holdout","synthetic","strict_mechanism","1x","Mean-ISI","article_default",0.25,15,15,47,55,28,75,102,0.46078431372549,0.626666666666667,0.531073446327684,0.508914510004875,0,0.147058823529412
"synthetic_v2.3_holdout","synthetic","strict_mechanism","1x","Mean-ISI","article_default",0.5,15,15,26,76,49,75,102,0.254901960784314,0.346666666666667,0.293785310734463,0.648240114586268,0,0.147058823529412
"synthetic_v2.3_holdout","synthetic","strict_mechanism","1x","Mean-ISI","harmonized_4_spikes",0.1,15,15,58,26,17,75,84,0.69047619047619,0.773333333333333,0.729559748427673,0.447762358495576,0,0.178571428571429
"synthetic_v2.3_holdout","synthetic","strict_mechanism","1x","Mean-ISI","harmonized_4_spikes",0.25,15,15,47,37,28,75,84,0.55952380952381,0.626666666666667,0.591194968553459,0.508914510004875,0,0.178571428571429
"synthetic_v2.3_holdout","synthetic","strict_mechanism","1x","Mean-ISI","harmonized_4_spikes",0.5,15,15,26,58,49,75,84,0.30952380952381,0.346666666666667,0.327044025157233,0.648240114586268,0,0.178571428571429
"synthetic_v2.3_holdout","synthetic","strict_mechanism","4x","LogISI/newBD","article_default",0.1,15,15,66,29,9,75,95,0.694736842105263,0.88,0.776470588235294,0.71204266441838,0,0.0315789473684211
"synthetic_v2.3_holdout","synthetic","strict_mechanism","4x","LogISI/newBD","article_default",0.25,15,15,56,39,19,75,95,0.589473684210526,0.746666666666667,0.658823529411765,0.808563138250638,0,0.0315789473684211
"synthetic_v2.3_holdout","synthetic","strict_mechanism","4x","LogISI/newBD","article_default",0.5,15,15,51,44,24,75,95,0.536842105263158,0.68,0.6,0.856882551000198,0,0.0315789473684211
"synthetic_v2.3_holdout","synthetic","strict_mechanism","4x","LogISI/newBD","harmonized_4_spikes",0.1,15,15,74,49,1,75,123,0.601626016260163,0.986666666666667,0.747474747474748,0.759009153019926,0,0
"synthetic_v2.3_holdout","synthetic","strict_mechanism","4x","LogISI/newBD","harmonized_4_spikes",0.25,15,15,67,56,8,75,123,0.544715447154472,0.893333333333333,0.676767676767677,0.821869403399254,0,0
"synthetic_v2.3_holdout","synthetic","strict_mechanism","4x","LogISI/newBD","harmonized_4_spikes",0.5,15,15,61,62,14,75,123,0.495934959349593,0.813333333333333,0.616161616161616,0.867346769805786,0,0
"synthetic_v2.3_holdout","synthetic","strict_mechanism","4x","Mean-ISI","article_default",0.1,15,15,58,44,17,75,102,0.568627450980392,0.773333333333333,0.655367231638418,0.447762358495576,0,0.147058823529412
"synthetic_v2.3_holdout","synthetic","strict_mechanism","4x","Mean-ISI","article_default",0.25,15,15,47,55,28,75,102,0.46078431372549,0.626666666666667,0.531073446327684,0.508914510004875,0,0.147058823529412
"synthetic_v2.3_holdout","synthetic","strict_mechanism","4x","Mean-ISI","article_default",0.5,15,15,26,76,49,75,102,0.254901960784314,0.346666666666667,0.293785310734463,0.648240114586268,0,0.147058823529412
"synthetic_v2.3_holdout","synthetic","strict_mechanism","4x","Mean-ISI","harmonized_4_spikes",0.1,15,15,58,26,17,75,84,0.69047619047619,0.773333333333333,0.729559748427673,0.447762358495576,0,0.178571428571429
"synthetic_v2.3_holdout","synthetic","strict_mechanism","4x","Mean-ISI","harmonized_4_spikes",0.25,15,15,47,37,28,75,84,0.55952380952381,0.626666666666667,0.591194968553459,0.508914510004875,0,0.178571428571429
"synthetic_v2.3_holdout","synthetic","strict_mechanism","4x","Mean-ISI","harmonized_4_spikes",0.5,15,15,26,58,49,75,84,0.30952380952381,0.346666666666667,0.327044025157233,0.648240114586268,0,0.178571428571429
