"dataset","region","train","isi_n","reviewed_isi_n","reviewed_fraction","event_reference_isi_n","burst_reference_isi_n","reference_eligible"
"real_GPe","GPe","LT1D10.651_SPK 01a",1090,1078,0.988990825688073,66,42,TRUE
"real_GPe","GPe","LT1D11.372_SPK 01a",2068,1964,0.949709864603482,188,134,TRUE
"real_GPe","GPe","LT1D11.711_SPK 01a",1387,1365,0.984138428262437,262,244,TRUE
"real_GPe","GPe","LT1D12.665_SPK 01b",2503,2503,1,76,66,TRUE
"real_GPe","GPe","LT1D13.086_SPK 01a",797,797,1,1,0,FALSE
"real_GPe","GPe","LT1D13.519_SPK 01a",471,469,0.995753715498938,32,19,TRUE
"real_GPe","GPe","RT1D10.682_SPK 01a",1430,1430,1,13,0,TRUE
"real_GPe","GPe","RT1D10.861_SPK 01a",1273,1261,0.99057344854674,19,0,TRUE
"real_GPe","GPe","RT1D11.282_SPK 01a",1767,1719,0.972835314091681,988,850,TRUE
"real_GPe","GPe","RT1D12.391_SPK 01a",3230,3230,1,6,0,FALSE
"real_GPe","GPe","RT1D12.415_SPK 01a",925,889,0.961081081081081,178,162,TRUE
"real_GPe","GPe","RT1D12.621_SPK 01a",360,339,0.941666666666667,181,137,TRUE
"real_GPe","GPe","RT1D13.043_SPK 01a",4239,4238,0.999764095305497,16,0,TRUE
"real_GPe","GPe","RT1D13.250_SPK 01a",1080,1080,1,2,0,FALSE
"real_GPe","GPe","RT1D13.657_SPK 01a",3499,3499,1,22,0,TRUE
"real_GPe","GPe","RT1D13.825_SPK 01a",2516,2516,1,33,9,TRUE
"real_STN","STN","LT1D-1.77_Fon_nw_minus_7_08_minus_1_1",522,494,0.946360153256705,494,381,TRUE
"real_STN","STN","LT1D-1.77_Fon_nw_minus_7_08_minus_1_2",353,305,0.864022662889518,303,190,TRUE
"real_STN","STN","LT1D00.83_fon1_1_nw_minus_7_08_minus_1_1",753,570,0.756972111553785,555,343,TRUE
"real_STN","STN","LT1D00.83_fon1_2_nw_minus_7_08_minus_1_2",1133,1026,0.905560458958517,956,792,TRUE
"real_STN","STN","LT1D01.96_fon_nw_minus_7_08_minus_1_1",385,322,0.836363636363636,322,210,TRUE
"real_STN","STN","LT1D01.96_fon_nw_minus_7_08_minus_1_2",439,303,0.690205011389522,303,212,TRUE
"real_STN","STN","LT1D03.44_fon1_1_nw_minus_7_09_minus_1_1",921,821,0.8914223669924,821,626,TRUE
"real_STN","STN","LT1D03.44_fon_nw_minus_7_09_minus_1_2",804,603,0.75,600,414,TRUE
"real_STN","STN","LT1D04.16_fon1_1_nw_minus_7_08_minus_1_1",730,624,0.854794520547945,622,488,TRUE
"real_STN","STN","LT1D04.16_fon1_3_nw_minus_7_08_minus_1_3",725,643,0.886896551724138,636,437,TRUE
"real_STN","STN","RT1D-0.15_fon1_1_nw_minus_7_08_minus_1_1",1382,1341,0.970332850940666,14,7,TRUE
"real_STN","STN","RT1D-0.15_fon1_2_nw_minus_7_08_minus_1_2",1435,1393,0.970731707317073,99,92,TRUE
"real_STN","STN","RT1D00.82_fon_nw_minus_7_08_minus_1_2",842,683,0.811163895486936,208,132,TRUE
"real_STN","STN","RT2D00.44_fon2_nw_minus_7_08_minus_1_2",391,318,0.813299232736573,111,101,TRUE
"real_STN","STN","RT2D00.96_fon_nw_minus_7_08_minus_1_1",723,615,0.850622406639004,224,203,TRUE
"real_STN","STN","RT2D02.09_fon_nw_minus_7_08_minus_1_1",375,242,0.645333333333333,234,155,TRUE
"real_STN","STN","RT2D02.09_fon_nw_minus_7_08_minus_1_3",145,92,0.63448275862069,89,18,TRUE
"real_STN","STN","RT2D03.41_fon_nw_minus_7_08_minus_1_2",210,135,0.642857142857143,135,42,TRUE
"real_STN","STN","RT2D03.41_fon_nw_minus_7_08_minus_1_3",268,185,0.690298507462687,182,74,TRUE
"real_STN","STN","RT2D03.89_fon_nw_minus_7_08_minus_1_1",1279,1143,0.893666927286943,1143,877,TRUE
"real_STN","STN","RT2D03.89_fon_nw_minus_7_08_minus_1_2",399,217,0.543859649122807,217,86,TRUE
"real_STN","STN","RT2D04.18_fon1_1_nw_minus_7_09_minus_1_1",1097,769,0.701002734731085,769,682,TRUE
"real_STN","STN","RT2D04.18_fon1_2_nw_minus_7_09_minus_1_2",1394,995,0.71377331420373,995,924,TRUE
"real_GPi","GPi","LT1D01.404_nw-7",1300,1294,0.995384615384615,6,0,FALSE
"real_GPi","GPi","LT1D01.687_nw-7 (flag 1)",822,756,0.91970802919708,290,279,TRUE
"real_GPi","GPi","LT1D01.687_nw-7 (flag 2)",459,272,0.592592592592593,253,200,TRUE
"real_GPi","GPi","LT1D01.917_nw-7 (flag 1)",1037,1037,1,0,0,FALSE
"real_GPi","GPi","LT1D01_687_nw_7_09_1_1",861,861,1,223,219,TRUE
"real_GPi","GPi","LT1D01_687_nw_7_09_1_2",563,439,0.779751332149201,269,231,TRUE
"real_GPi","GPi","LT1D02.236_nw-7 (flag 1)",529,363,0.686200378071834,247,207,TRUE
"real_GPi","GPi","LT1D03.010_nw-7 (flag 1)",1390,1283,0.923021582733813,965,928,TRUE
"real_GPi","GPi","LT1D03.775_nw-7 (flag 1)",1773,1771,0.998871968415116,375,360,TRUE
"real_GPi","GPi","LT1D04.464_nw-7 (flag 1)",761,761,1,333,317,TRUE
"real_GPi","GPi","LT1D04.934_nw-7 (flag 1)",1776,1772,0.997747747747748,199,194,TRUE
"real_GPi","GPi","LT1D06_308_nw_8_09_1_1",2001,2001,1,76,72,TRUE
"real_GPi","GPi","LT1D06_308_nw_8_09_1_2",393,207,0.526717557251908,200,103,TRUE
"real_GPi","GPi","RT1D01.597_nw-7 (flag 1)",546,511,0.935897435897436,194,179,TRUE
"real_GPi","GPi","RT1D01.597_nw-7 (flag 2)",368,189,0.513586956521739,189,145,TRUE
"real_GPi","GPi","RT1D03.300_nw-7 (flag 1)",432,391,0.905092592592593,54,37,TRUE
"real_GPi","GPi","RT1D03.300_nw-7 (flag 2)",204,108,0.529411764705882,108,20,TRUE
"real_GPi","GPi","RT1D03.744_nw-7 (flag 1)",1200,1200,1,600,573,TRUE
"real_GPi","GPi","RT1D06.715_nw-7 (flag 1)",417,274,0.657074340527578,71,38,TRUE
"real_GPi","GPi","RT1D06_441_nw_3_01_1_1-1",830,753,0.907228915662651,169,158,TRUE
"real_GPi","GPi","RT1D06_441_nw_3_01_1_1-2",1011,1011,1,189,167,TRUE
"real_GPi","GPi","RT1D06_441_nw_3_01_1_2-1",90,63,0.7,63,5,TRUE
"real_GPi","GPi","RT1D06_441_nw_3_01_1_2-2",1056,1056,1,367,347,TRUE
