"dataset","region","estimand","scale","method","configuration","iou_threshold","train_n","cluster_n","tp","fp","fn","truth_event_n","predicted_event_n","precision","recall","f1","mean_matched_iou","fragmentation_rate","merge_rate"
"real_GPe","GPe","reviewed_manual_reference","observed","LogISI/newBD","article_default",0.1,13,13,91,100,308,399,191,0.476439790575916,0.228070175438596,0.308474576271186,0.683649286282152,0,0.256544502617801
"real_GPe","GPe","reviewed_manual_reference","observed","LogISI/newBD","article_default",0.25,13,13,67,124,332,399,191,0.350785340314136,0.167919799498747,0.227118644067797,0.874137048506524,0,0.256544502617801
"real_GPe","GPe","reviewed_manual_reference","observed","LogISI/newBD","article_default",0.5,13,13,58,133,341,399,191,0.303664921465969,0.145363408521303,0.196610169491525,0.95617816091954,0,0.256544502617801
"real_GPe","GPe","reviewed_manual_reference","observed","Mean-ISI","article_default",0.1,13,13,216,1037,183,399,1253,0.172386272944932,0.541353383458647,0.261501210653753,0.767401047637037,0.0100250626566416,0.019952114924182
"real_GPe","GPe","reviewed_manual_reference","observed","Mean-ISI","article_default",0.25,13,13,209,1044,190,399,1253,0.166799680766161,0.523809523809524,0.253026634382567,0.787159120552611,0.0100250626566416,0.019952114924182
"real_GPe","GPe","reviewed_manual_reference","observed","Mean-ISI","article_default",0.5,13,13,176,1077,223,399,1253,0.140462889066241,0.441102756892231,0.213075060532688,0.8659134978027,0.0100250626566416,0.019952114924182
"real_GPe","GPe","reviewed_manual_reference","observed","STPD","current_automatic",0.1,13,13,254,316,145,399,570,0.445614035087719,0.636591478696742,0.524251805985552,0.804019879752279,0,0.0807017543859649
"real_GPe","GPe","reviewed_manual_reference","observed","STPD","current_automatic",0.25,13,13,252,318,147,399,570,0.442105263157895,0.631578947368421,0.520123839009288,0.808863291496345,0,0.0807017543859649
"real_GPe","GPe","reviewed_manual_reference","observed","STPD","current_automatic",0.5,13,13,209,361,190,399,570,0.366666666666667,0.523809523809524,0.431372549019608,0.901180318883668,0,0.0807017543859649
"real_GPi","GPi","reviewed_manual_reference","observed","LogISI/newBD","article_default",0.1,21,21,385,228,742,1127,613,0.628058727569331,0.341614906832298,0.442528735632184,0.808029801662829,0.00177462289263532,0.146818923327896
"real_GPi","GPi","reviewed_manual_reference","observed","LogISI/newBD","article_default",0.25,21,21,352,261,775,1127,613,0.574225122349103,0.312333629103815,0.404597701149425,0.868508957452655,0.00177462289263532,0.146818923327896
"real_GPi","GPi","reviewed_manual_reference","observed","LogISI/newBD","article_default",0.5,21,21,317,296,810,1127,613,0.517128874388255,0.281277728482697,0.364367816091954,0.922123224048039,0.00177462289263532,0.146818923327896
"real_GPi","GPi","reviewed_manual_reference","observed","Mean-ISI","article_default",0.1,21,21,546,591,581,1127,1137,0.480211081794195,0.484472049689441,0.482332155477032,0.773429630109955,0.0266193433895297,0.0228671943711522
"real_GPi","GPi","reviewed_manual_reference","observed","Mean-ISI","article_default",0.25,21,21,527,610,600,1127,1137,0.463500439753738,0.467613132209405,0.465547703180212,0.793824419240958,0.0266193433895297,0.0228671943711522
"real_GPi","GPi","reviewed_manual_reference","observed","Mean-ISI","article_default",0.5,21,21,446,691,681,1127,1137,0.392260334212841,0.395740905057675,0.393992932862191,0.873396930742062,0.0266193433895297,0.0228671943711522
"real_GPi","GPi","reviewed_manual_reference","observed","STPD","current_automatic",0.1,21,21,657,103,470,1127,760,0.864473684210526,0.582963620230701,0.696343402225755,0.7673172902139,0.00532386867790594,0.135526315789474
"real_GPi","GPi","reviewed_manual_reference","observed","STPD","current_automatic",0.25,21,21,638,122,489,1127,760,0.839473684210526,0.566104702750665,0.676205617382088,0.784855772385191,0.00532386867790594,0.135526315789474
"real_GPi","GPi","reviewed_manual_reference","observed","STPD","current_automatic",0.5,21,21,506,254,621,1127,760,0.66578947368421,0.448979591836735,0.536301006889242,0.897042041730777,0.00532386867790594,0.135526315789474
"real_STN","STN","reviewed_manual_reference","observed","LogISI/newBD","article_default",0.1,23,23,1117,391,728,1845,1508,0.740716180371353,0.605420054200542,0.666269012824336,0.721354439257385,0.0233062330623306,0.200928381962865
"real_STN","STN","reviewed_manual_reference","observed","LogISI/newBD","article_default",0.25,23,23,1067,441,778,1845,1508,0.707559681697613,0.578319783197832,0.636444974649568,0.746249316282387,0.0233062330623306,0.200928381962865
"real_STN","STN","reviewed_manual_reference","observed","LogISI/newBD","article_default",0.5,23,23,855,653,990,1845,1508,0.566976127320955,0.463414634146341,0.509991052788548,0.841888772642746,0.0233062330623306,0.200928381962865
"real_STN","STN","reviewed_manual_reference","observed","Mean-ISI","article_default",0.1,23,23,1340,282,505,1845,1622,0.826140567200986,0.726287262872629,0.77300259590424,0.876543424386715,0.0249322493224932,0.0271270036991369
"real_STN","STN","reviewed_manual_reference","observed","Mean-ISI","article_default",0.25,23,23,1332,290,513,1845,1622,0.821208384710234,0.721951219512195,0.76838765503317,0.880710786325119,0.0249322493224932,0.0271270036991369
"real_STN","STN","reviewed_manual_reference","observed","Mean-ISI","article_default",0.5,23,23,1254,368,591,1845,1622,0.773119605425401,0.679674796747967,0.723391981540237,0.912674183114146,0.0249322493224932,0.0271270036991369
"real_STN","STN","reviewed_manual_reference","observed","STPD","current_automatic",0.1,23,23,1587,203,258,1845,1790,0.88659217877095,0.860162601626016,0.873177441540578,0.969616093459931,0.00921409214092141,0.00782122905027933
"real_STN","STN","reviewed_manual_reference","observed","STPD","current_automatic",0.25,23,23,1584,206,261,1845,1790,0.884916201117318,0.858536585365854,0.87152682255846,0.971122666934012,0.00921409214092141,0.00782122905027933
"real_STN","STN","reviewed_manual_reference","observed","STPD","current_automatic",0.5,23,23,1555,235,290,1845,1790,0.868715083798883,0.842818428184282,0.855570839064649,0.982176316096607,0.00921409214092141,0.00782122905027933
"synthetic_v2.3_holdout","synthetic","observable_phenotype_primary","10x","LogISI/newBD","article_default",0.1,15,15,19,0,52,71,19,1,0.267605633802817,0.422222222222222,0.700501253132832,0,0
"synthetic_v2.3_holdout","synthetic","observable_phenotype_primary","10x","LogISI/newBD","article_default",0.25,15,15,19,0,52,71,19,1,0.267605633802817,0.422222222222222,0.700501253132832,0,0
"synthetic_v2.3_holdout","synthetic","observable_phenotype_primary","10x","LogISI/newBD","article_default",0.5,15,15,18,1,53,71,19,0.947368421052632,0.253521126760563,0.4,0.714726631393298,0,0
"synthetic_v2.3_holdout","synthetic","observable_phenotype_primary","10x","Mean-ISI","article_default",0.1,15,15,56,49,15,71,105,0.533333333333333,0.788732394366197,0.636363636363636,0.463996436273698,0,0.123809523809524
"synthetic_v2.3_holdout","synthetic","observable_phenotype_primary","10x","Mean-ISI","article_default",0.25,15,15,47,58,24,71,105,0.447619047619048,0.661971830985915,0.534090909090909,0.517891466854172,0,0.123809523809524
"synthetic_v2.3_holdout","synthetic","observable_phenotype_primary","10x","Mean-ISI","article_default",0.5,15,15,27,78,44,71,105,0.257142857142857,0.380281690140845,0.306818181818182,0.653797539908651,0,0.123809523809524
"synthetic_v2.3_holdout","synthetic","observable_phenotype_primary","10x","STPD","current_automatic",0.1,15,15,71,94,0,71,165,0.43030303030303,1,0.601694915254237,0.807193158953722,0.154929577464789,0
"synthetic_v2.3_holdout","synthetic","observable_phenotype_primary","10x","STPD","current_automatic",0.25,15,15,71,94,0,71,165,0.43030303030303,1,0.601694915254237,0.807193158953722,0.154929577464789,0
"synthetic_v2.3_holdout","synthetic","observable_phenotype_primary","10x","STPD","current_automatic",0.5,15,15,65,100,6,71,165,0.393939393939394,0.915492957746479,0.550847457627119,0.844188034188034,0.154929577464789,0
"synthetic_v2.3_holdout","synthetic","observable_phenotype_primary","1x","LogISI/newBD","article_default",0.1,15,15,47,35,24,71,82,0.573170731707317,0.661971830985915,0.61437908496732,0.248134184239687,0,0.195121951219512
"synthetic_v2.3_holdout","synthetic","observable_phenotype_primary","1x","LogISI/newBD","article_default",0.25,15,15,17,65,54,71,82,0.207317073170732,0.23943661971831,0.222222222222222,0.38516951731196,0,0.195121951219512
"synthetic_v2.3_holdout","synthetic","observable_phenotype_primary","1x","LogISI/newBD","article_default",0.5,15,15,4,78,67,71,82,0.048780487804878,0.0563380281690141,0.0522875816993464,0.618181818181818,0,0.195121951219512
"synthetic_v2.3_holdout","synthetic","observable_phenotype_primary","1x","Mean-ISI","article_default",0.1,15,15,56,49,15,71,105,0.533333333333333,0.788732394366197,0.636363636363636,0.463996436273698,0,0.123809523809524
"synthetic_v2.3_holdout","synthetic","observable_phenotype_primary","1x","Mean-ISI","article_default",0.25,15,15,47,58,24,71,105,0.447619047619048,0.661971830985915,0.534090909090909,0.517891466854172,0,0.123809523809524
"synthetic_v2.3_holdout","synthetic","observable_phenotype_primary","1x","Mean-ISI","article_default",0.5,15,15,27,78,44,71,105,0.257142857142857,0.380281690140845,0.306818181818182,0.653797539908651,0,0.123809523809524
"synthetic_v2.3_holdout","synthetic","observable_phenotype_primary","1x","STPD","current_automatic",0.1,15,15,71,94,0,71,165,0.43030303030303,1,0.601694915254237,0.802721886876817,0.154929577464789,0
"synthetic_v2.3_holdout","synthetic","observable_phenotype_primary","1x","STPD","current_automatic",0.25,15,15,70,95,1,71,165,0.424242424242424,0.985915492957746,0.593220338983051,0.812602040816327,0.154929577464789,0
"synthetic_v2.3_holdout","synthetic","observable_phenotype_primary","1x","STPD","current_automatic",0.5,15,15,65,100,6,71,165,0.393939393939394,0.915492957746479,0.550847457627119,0.844188034188034,0.154929577464789,0
"synthetic_v2.3_holdout","synthetic","observable_phenotype_primary","4x","LogISI/newBD","article_default",0.1,15,15,64,33,7,71,97,0.65979381443299,0.901408450704225,0.761904761904762,0.714969051794008,0,0.0309278350515464
"synthetic_v2.3_holdout","synthetic","observable_phenotype_primary","4x","LogISI/newBD","article_default",0.25,15,15,55,42,16,71,97,0.56701030927835,0.774647887323944,0.654761904761905,0.803374479056297,0,0.0309278350515464
"synthetic_v2.3_holdout","synthetic","observable_phenotype_primary","4x","LogISI/newBD","article_default",0.5,15,15,49,48,22,71,97,0.505154639175258,0.690140845070423,0.583333333333333,0.863966192537621,0,0.0309278350515464
"synthetic_v2.3_holdout","synthetic","observable_phenotype_primary","4x","Mean-ISI","article_default",0.1,15,15,56,49,15,71,105,0.533333333333333,0.788732394366197,0.636363636363636,0.463996436273698,0,0.123809523809524
"synthetic_v2.3_holdout","synthetic","observable_phenotype_primary","4x","Mean-ISI","article_default",0.25,15,15,47,58,24,71,105,0.447619047619048,0.661971830985915,0.534090909090909,0.517891466854172,0,0.123809523809524
"synthetic_v2.3_holdout","synthetic","observable_phenotype_primary","4x","Mean-ISI","article_default",0.5,15,15,27,78,44,71,105,0.257142857142857,0.380281690140845,0.306818181818182,0.653797539908651,0,0.123809523809524
"synthetic_v2.3_holdout","synthetic","observable_phenotype_primary","4x","STPD","current_automatic",0.1,15,15,71,94,0,71,165,0.43030303030303,1,0.601694915254237,0.802721886876816,0.154929577464789,0
"synthetic_v2.3_holdout","synthetic","observable_phenotype_primary","4x","STPD","current_automatic",0.25,15,15,70,95,1,71,165,0.424242424242424,0.985915492957746,0.593220338983051,0.812602040816327,0.154929577464789,0
"synthetic_v2.3_holdout","synthetic","observable_phenotype_primary","4x","STPD","current_automatic",0.5,15,15,65,100,6,71,165,0.393939393939394,0.915492957746479,0.550847457627119,0.844188034188034,0.154929577464789,0
"synthetic_v2.3_holdout","synthetic","strict_mechanism","10x","LogISI/newBD","article_default",0.1,15,15,18,1,57,75,19,0.947368421052632,0.24,0.382978723404255,0.714726631393298,0,0
"synthetic_v2.3_holdout","synthetic","strict_mechanism","10x","LogISI/newBD","article_default",0.25,15,15,18,1,57,75,19,0.947368421052632,0.24,0.382978723404255,0.714726631393298,0,0
"synthetic_v2.3_holdout","synthetic","strict_mechanism","10x","LogISI/newBD","article_default",0.5,15,15,18,1,57,75,19,0.947368421052632,0.24,0.382978723404255,0.714726631393298,0,0
"synthetic_v2.3_holdout","synthetic","strict_mechanism","10x","Mean-ISI","article_default",0.1,15,15,58,44,17,75,102,0.568627450980392,0.773333333333333,0.655367231638418,0.447762358495577,0,0.147058823529412
"synthetic_v2.3_holdout","synthetic","strict_mechanism","10x","Mean-ISI","article_default",0.25,15,15,47,55,28,75,102,0.46078431372549,0.626666666666667,0.531073446327684,0.508914510004875,0,0.147058823529412
"synthetic_v2.3_holdout","synthetic","strict_mechanism","10x","Mean-ISI","article_default",0.5,15,15,26,76,49,75,102,0.254901960784314,0.346666666666667,0.293785310734463,0.648240114586269,0,0.147058823529412
"synthetic_v2.3_holdout","synthetic","strict_mechanism","10x","STPD","current_automatic",0.1,15,15,75,91,0,75,166,0.451807228915663,1,0.622406639004149,0.805253968253968,0.133333333333333,0
"synthetic_v2.3_holdout","synthetic","strict_mechanism","10x","STPD","current_automatic",0.25,15,15,75,91,0,75,166,0.451807228915663,1,0.622406639004149,0.805253968253968,0.133333333333333,0
"synthetic_v2.3_holdout","synthetic","strict_mechanism","10x","STPD","current_automatic",0.5,15,15,69,97,6,75,166,0.41566265060241,0.92,0.572614107883818,0.838969404186796,0.133333333333333,0
"synthetic_v2.3_holdout","synthetic","strict_mechanism","1x","LogISI/newBD","article_default",0.1,15,15,47,31,28,75,78,0.602564102564103,0.626666666666667,0.61437908496732,0.236825354957733,0,0.243589743589744
"synthetic_v2.3_holdout","synthetic","strict_mechanism","1x","LogISI/newBD","article_default",0.25,15,15,15,63,60,75,78,0.192307692307692,0.2,0.196078431372549,0.379913176341278,0,0.243589743589744
"synthetic_v2.3_holdout","synthetic","strict_mechanism","1x","LogISI/newBD","article_default",0.5,15,15,3,75,72,75,78,0.0384615384615385,0.04,0.0392156862745098,0.612121212121212,0,0.243589743589744
"synthetic_v2.3_holdout","synthetic","strict_mechanism","1x","Mean-ISI","article_default",0.1,15,15,58,44,17,75,102,0.568627450980392,0.773333333333333,0.655367231638418,0.447762358495577,0,0.147058823529412
"synthetic_v2.3_holdout","synthetic","strict_mechanism","1x","Mean-ISI","article_default",0.25,15,15,47,55,28,75,102,0.46078431372549,0.626666666666667,0.531073446327684,0.508914510004875,0,0.147058823529412
"synthetic_v2.3_holdout","synthetic","strict_mechanism","1x","Mean-ISI","article_default",0.5,15,15,26,76,49,75,102,0.254901960784314,0.346666666666667,0.293785310734463,0.648240114586269,0,0.147058823529412
"synthetic_v2.3_holdout","synthetic","strict_mechanism","1x","STPD","current_automatic",0.1,15,15,75,91,0,75,166,0.451807228915663,1,0.622406639004149,0.801021164021164,0.133333333333333,0
"synthetic_v2.3_holdout","synthetic","strict_mechanism","1x","STPD","current_automatic",0.25,15,15,74,92,1,75,166,0.44578313253012,0.986666666666667,0.614107883817427,0.810344272844273,0.133333333333333,0
"synthetic_v2.3_holdout","synthetic","strict_mechanism","1x","STPD","current_automatic",0.5,15,15,69,97,6,75,166,0.41566265060241,0.92,0.572614107883818,0.838969404186796,0.133333333333333,0
"synthetic_v2.3_holdout","synthetic","strict_mechanism","4x","LogISI/newBD","article_default",0.1,15,15,66,29,9,75,95,0.694736842105263,0.88,0.776470588235294,0.71204266441838,0,0.0315789473684211
"synthetic_v2.3_holdout","synthetic","strict_mechanism","4x","LogISI/newBD","article_default",0.25,15,15,56,39,19,75,95,0.589473684210526,0.746666666666667,0.658823529411765,0.808563138250639,0,0.0315789473684211
"synthetic_v2.3_holdout","synthetic","strict_mechanism","4x","LogISI/newBD","article_default",0.5,15,15,51,44,24,75,95,0.536842105263158,0.68,0.6,0.856882551000198,0,0.0315789473684211
"synthetic_v2.3_holdout","synthetic","strict_mechanism","4x","Mean-ISI","article_default",0.1,15,15,58,44,17,75,102,0.568627450980392,0.773333333333333,0.655367231638418,0.447762358495577,0,0.147058823529412
"synthetic_v2.3_holdout","synthetic","strict_mechanism","4x","Mean-ISI","article_default",0.25,15,15,47,55,28,75,102,0.46078431372549,0.626666666666667,0.531073446327684,0.508914510004875,0,0.147058823529412
"synthetic_v2.3_holdout","synthetic","strict_mechanism","4x","Mean-ISI","article_default",0.5,15,15,26,76,49,75,102,0.254901960784314,0.346666666666667,0.293785310734463,0.648240114586269,0,0.147058823529412
"synthetic_v2.3_holdout","synthetic","strict_mechanism","4x","STPD","current_automatic",0.1,15,15,75,91,0,75,166,0.451807228915663,1,0.622406639004149,0.801021164021164,0.133333333333333,0
"synthetic_v2.3_holdout","synthetic","strict_mechanism","4x","STPD","current_automatic",0.25,15,15,74,92,1,75,166,0.44578313253012,0.986666666666667,0.614107883817427,0.810344272844273,0.133333333333333,0
"synthetic_v2.3_holdout","synthetic","strict_mechanism","4x","STPD","current_automatic",0.5,15,15,69,97,6,75,166,0.41566265060241,0.92,0.572614107883818,0.838969404186796,0.133333333333333,0
